pdb_id,position,relative_sasa,slope,is_interface,is_core
1B4U,0,0.1486,0.0,False,True
1B4U,1,0.4175,0.006895864824644661,False,False
1B4U,2,0.0377,0.0,False,True
1B4U,3,0.1739,0.005281752030091047,False,True
1B4U,4,0.007,0.006090273139522621,False,True
1B4U,5,0.0,0.0,False,True
1B4U,6,0.0061,0.0,False,True
1B4U,7,0.0,0.0026394113028907567,False,True
1B4U,8,0.0156,0.0026394113028907567,False,True
1B4U,9,0.0,0.0026394113028907567,False,True
1B4U,10,0.0318,0.004912644567089676,False,True
1B4U,11,0.0429,0.006898794248954196,False,True
1B4U,12,0.4295,0.005905719408021937,True,False
1B4U,13,0.248,0.004915573991399211,False,True
1B4U,14,0.0,0.0024577869956996057,False,True
1B4U,15,0.0103,0.0024577869956996057,False,True
1B4U,16,0.3455,0.0069017236732637315,False,False
1B4U,17,0.0357,0.0,False,True
1B4U,18,0.1633,0.0050971982985903615,False,True
1B4U,19,0.5166,0.006898794248954196,False,False
1B4U,20,0.5528,0.005905719408021937,False,False
1B4U,21,0.5544,0.0026394113028907567,False,False
1B4U,22,0.2823,0.0050971982985903615,False,False
1B4U,23,0.2074,0.004915573991399211,False,True
1B4U,24,0.6075,0.005908648832331471,False,False
1B4U,25,0.3458,0.0034479324123223307,False,False
1B4U,26,0.7674,0.005908648832331471,False,False
1B4U,27,0.3793,0.0024577869956996057,True,False
1B4U,28,0.0957,0.0,False,True
1B4U,29,0.2115,0.0024577869956996057,False,True
1B4U,30,0.3392,0.0,False,False
1B4U,31,0.0,0.0,False,True
1B4U,32,0.1051,0.0026394113028907567,False,True
1B4U,33,0.6234,0.006898794248954196,False,False
1B4U,34,0.0464,0.0,False,True
1B4U,35,0.0,0.0026394113028907567,False,True
1B4U,36,0.3473,0.0069017236732637315,False,False
1B4U,37,0.2641,0.0,False,False
1B4U,38,0.0,0.0,False,True
1B4U,39,0.2399,0.005278822605781513,False,True
1B4U,40,0.3111,0.006898794248954196,False,False
1B4U,41,0.0438,0.0050971982985903615,False,True
1B4U,42,0.0123,0.0,False,True
1B4U,43,0.57,0.006090273139522621,False,False
1B4U,44,0.4103,0.006898794248954196,False,False
1B4U,45,0.8605,0.006898794248954196,False,False
1B4U,46,0.6238,0.0,False,False
1B4U,47,0.1447,0.0050971982985903615,False,True
1B4U,48,0.2473,0.0026394113028907567,False,True
1B4U,49,0.027,0.0,False,True
1B4U,50,0.3728,0.004915573991399211,False,False
1B4U,51,0.0069,0.0026394113028907567,False,True
1B4U,52,0.0,0.0,False,True
1B4U,53,0.0123,0.0,False,True
1B4U,54,0.0,0.0,False,True
1B4U,55,0.0,0.0,False,True
1B4U,56,0.0,0.0026394113028907567,False,True
1B4U,57,0.0224,0.005905719408021937,False,True
1B4U,58,0.0592,0.004915573991399211,False,True
1B4U,59,0.2336,0.005905719408021937,False,True
1B4U,60,0.5332,0.0050971982985903615,True,False
1B4U,61,0.3025,0.0026394113028907567,True,False
1B4U,62,0.2877,0.0024577869956996057,False,False
1B4U,63,0.1336,0.0,False,True
1B4U,64,0.4785,0.005905719408021937,True,False
1B4U,65,0.6034,0.005905719408021937,True,False
1B4U,66,0.6799,0.0069017236732637315,True,False
1B4U,67,0.5394,0.0050971982985903615,False,False
1B4U,68,0.3879,0.0050971982985903615,False,False
1B4U,69,0.119,0.0,False,True
1B4U,70,0.3912,0.0,False,False
1B4U,71,0.0347,0.0,False,True
1B4U,72,0.0094,0.0,False,True
1B4U,73,0.0061,0.0,False,True
1B4U,74,0.0,0.0,False,True
1B4U,75,0.0321,0.0026394113028907567,False,True
1B4U,76,0.0936,0.0,False,True
1B4U,77,0.6192,0.0069017236732637315,False,False
1B4U,78,0.3361,0.006090273139522621,False,False
1B4U,79,0.0,0.0,False,True
1B4U,80,0.457,0.0069017236732637315,False,False
1B4U,81,0.0784,0.0,False,True
1B4U,82,0.07,0.0026394113028907567,False,True
1B4U,83,0.4797,0.0034508618366318657,True,False
1B4U,84,0.374,0.0069017236732637315,True,False
1B4U,85,0.6809,0.0,True,False
1B4U,86,0.8311,0.006895864824644661,True,False
1B4U,87,0.2559,0.0026394113028907567,True,False
1B4U,88,0.5273,0.006087343715213087,False,False
1B4U,89,0.1453,0.0,False,True
1B4U,90,0.5997,0.006898794248954196,False,False
1B4U,91,0.1849,0.0,False,True
1B4U,92,0.1968,0.0,False,True
1B4U,93,0.2372,0.006898794248954196,False,True
1B4U,94,0.0069,0.0,False,True
1B4U,95,0.3898,0.006895864824644661,False,False
1B4U,96,0.0309,0.0,False,True
1B4U,97,0.1631,0.0026394113028907567,False,True
1B4U,98,0.2962,0.0026394113028907567,False,False
1B4U,99,0.554,0.0069017236732637315,False,False
1B4U,100,0.0,0.0,False,True
1B4U,101,0.0094,0.0,False,True
1B4U,102,0.3431,0.003298531772536062,False,False
1B4U,103,0.1799,0.0,False,True
1B4U,104,0.0061,0.0,False,True
1B4U,105,0.0,0.0024577869956996057,False,True
1B4U,106,0.4515,0.004912644567089676,False,False
1B4U,107,0.1809,0.0024577869956996057,False,True
1B4U,108,0.0,0.0,False,True
1B4U,109,0.4269,0.005281752030091047,False,False
1B4U,110,0.7087,0.0,False,False
1B4U,111,0.3936,0.006895864824644661,False,False
1B4U,112,0.6544,0.0026394113028907567,False,False
1B4U,113,0.0403,0.0,False,True
1B4U,114,0.6996,0.0026394113028907567,False,False
1B4U,115,0.1053,0.0,False,True
1B4U,116,0.2845,0.0,False,False
1B4U,117,0.3142,0.006087343715213087,False,False
1B4U,118,0.148,0.0,False,True
1B4U,119,0.4296,0.0050971982985903615,False,False
1B4U,120,0.6918,0.0069017236732637315,False,False
1B4U,121,0.0721,0.0,False,True
1B4U,122,0.348,0.0050971982985903615,True,False
1B4U,123,0.0062,0.0026394113028907567,False,True
1B4U,124,0.0125,0.0034508618366318657,False,True
1B4U,125,0.1058,0.005905719408021937,False,True
1B4U,126,0.0,0.0026394113028907567,False,True
1B4U,127,0.0,0.0,False,True
1B4U,128,0.0062,0.0,False,True
1B4U,129,0.0069,0.0,False,True
1B4U,130,0.0,0.0,False,True
1B4U,131,0.0,0.0,False,True
1B4U,132,0.0354,0.0024577869956996057,False,True
1B4U,133,0.0,0.0026394113028907567,False,True
1B4U,134,0.0163,0.0,False,True
1B4U,135,0.1251,0.0,False,True
1B4U,136,0.0993,0.0,False,True
1B4U,137,0.6801,0.006895864824644661,False,False
1B4U,138,0.2531,0.0,False,False
1B4U,139,0.7483,0.0069017236732637315,False,False
1B4U,140,0.6366,0.0069017236732637315,False,False
1B4U,141,0.0848,0.0,False,True
1B4U,142,0.4031,0.0,False,False
1B4U,143,0.0409,0.0,False,True
1B4U,144,0.3788,0.005278822605781513,False,False
1B4U,145,0.0,0.0,False,True
1B4U,146,0.0123,0.0,False,True
1B4U,147,0.0,0.0,False,True
1B4U,148,0.005,0.0,False,True
1B4U,149,0.0211,0.0,False,True
1B4U,150,0.027,0.0026394113028907567,False,True
1B4U,151,0.0985,0.0026394113028907567,False,True
1B4U,152,0.0963,0.005905719408021937,False,True
1B4U,153,0.4779,0.005905719408021937,True,False
1B4U,154,0.3291,0.0050971982985903615,True,False
1B4U,155,0.4419,0.0026394113028907567,True,False
1B4U,156,0.6488,0.0,True,False
1B4U,157,0.0472,0.0026394113028907567,False,True
1B4U,158,0.0608,0.0,False,True
1B4U,159,0.3495,0.0026394113028907567,False,False
1B4U,160,0.0432,0.0050971982985903615,False,True
1B4U,161,0.6329,0.0069017236732637315,False,False
1B4U,162,0.3102,0.006898794248954196,False,False
1B4U,163,0.0,0.0050971982985903615,False,True
1B4U,164,0.1912,0.0026394113028907567,False,True
1B4U,165,0.3547,0.006895864824644661,False,False
1B4U,166,0.0,0.0026394113028907567,False,True
1B4U,167,0.0,0.0,False,True
1B4U,168,0.3638,0.006898794248954196,False,False
1B4U,169,0.0907,0.006898794248954196,False,True
1B4U,170,0.0061,0.0,False,True
1B4U,171,0.2169,0.0034508618366318657,False,True
1B4U,172,0.3369,0.0069017236732637315,False,False
1B4U,173,0.0357,0.0,False,True
1B4U,174,0.0,0.0,False,True
1B4U,175,0.4194,0.004912644567089676,False,False
1B4U,176,0.4387,0.005905719408021937,False,False
1B4U,177,0.0743,0.0,False,True
1B4U,178,0.7388,0.0050971982985903615,False,False
1B4U,179,0.4045,0.004909715142780141,False,False
1B4U,180,0.7037,0.006090273139522621,False,False
1B4U,181,0.1255,0.0026394113028907567,False,True
1B4U,182,0.1271,0.005278822605781513,False,True
1B4U,183,0.0,0.0,False,True
1B4U,184,0.0,0.0026394113028907567,False,True
1B4U,185,0.0069,0.0,False,True
1B4U,186,0.0127,0.0,False,True
1B4U,187,0.0,0.0,False,True
1B4U,188,0.007,0.0,False,True
1B4U,189,0.0,0.0026394113028907567,False,True
1B4U,190,0.0309,0.0026394113028907567,False,True
1B4U,191,0.0057,0.0050971982985903615,False,True
1B4U,192,0.0,0.0026394113028907567,False,True
1B4U,193,0.0493,0.0050971982985903615,False,True
1B4U,194,0.0582,0.0050971982985903615,False,True
1B4U,195,0.5364,0.006898794248954196,True,False
1B4U,196,0.4513,0.005100127722899897,True,False
1B4U,197,0.5044,0.0,True,False
1B4U,198,0.9296,0.0050971982985903615,True,False
1B4U,199,0.3659,0.006090273139522621,True,False
1B4U,200,0.4219,0.0,True,False
1B4U,201,0.4282,0.0026394113028907567,True,False
1B4U,202,0.2337,0.0,False,True
1B4U,203,0.3107,0.006090273139522621,True,False
1B4U,204,0.1583,0.0026394113028907567,False,True
1B4U,205,0.374,0.0050971982985903615,False,False
1B4U,206,0.66,0.0069017236732637315,False,False
1B4U,207,0.1052,0.0024577869956996057,False,True
1B4U,208,0.0,0.005908648832331471,False,True
1B4U,209,0.263,0.005281752030091047,False,False
1B4U,210,0.4086,0.006898794248954196,False,False
1B4U,211,0.0151,0.0050971982985903615,False,True
1B4U,212,0.0307,0.0050971982985903615,False,True
1B4U,213,0.4179,0.0069017236732637315,False,False
1B4U,214,0.2468,0.004909715142780141,False,True
1B4U,215,0.0,0.0,False,True
1B4U,216,0.1818,0.0050971982985903615,False,True
1B4U,217,0.5647,0.006898794248954196,False,False
1B4U,218,0.2839,0.005908648832331471,False,False
1B4U,219,0.1063,0.0026394113028907567,False,True
1B4U,220,0.5143,0.0069017236732637315,False,False
1B4U,221,0.4086,0.006898794248954196,False,False
1B4U,222,0.0541,0.0026394113028907567,False,True
1B4U,223,0.076,0.0,False,True
1B4U,224,0.5917,0.006895864824644661,False,False
1B4U,225,0.1068,0.006090273139522621,False,True
1B4U,226,0.4101,0.0050971982985903615,False,False
1B4U,227,0.179,0.005905719408021937,False,True
1B4U,228,0.4636,0.0026394113028907567,True,False
1B4U,229,0.3632,0.005908648832331471,False,False
1B4U,230,0.0046,0.0050971982985903615,False,True
1B4U,231,0.2029,0.0050971982985903615,False,True
1B4U,232,0.5957,0.005278822605781513,True,False
1B4U,233,0.361,0.0050971982985903615,True,False
1B4U,234,0.0,0.0,False,True
1B4U,235,0.0,0.0,False,True
1B4U,236,0.1583,0.005905719408021937,False,True
1B4U,237,0.1941,0.005905719408021937,False,True
1B4U,238,0.0,0.0026394113028907567,False,True
1B4U,239,0.0278,0.0,False,True
1B4U,240,0.0487,0.004915573991399211,False,True
1B4U,241,0.0,0.004288677189158787,False,True
1B4U,242,0.0,0.005281752030091047,False,True
1B4U,243,0.0,0.0034508618366318657,False,True
1B4U,244,0.0042,0.0050971982985903615,False,True
1B4U,245,0.0,0.0,False,True
1B4U,246,0.0,0.0026394113028907567,False,True
1B4U,247,0.0,0.0,False,True
1B4U,248,0.008,0.005278822605781513,False,True
1B4U,249,0.0631,0.0026394113028907567,False,True
1B4U,250,0.0343,0.0,False,True
1B4U,251,0.048,0.0026394113028907567,False,True
1B4U,252,0.3722,0.0026394113028907567,False,False
1B4U,253,0.7015,0.006895864824644661,False,False
1B4U,254,0.4392,0.0069017236732637315,False,False
1B4U,255,0.0863,0.0024577869956996057,False,True
1B4U,256,0.2401,0.006087343715213087,False,True
1B4U,257,0.1388,0.0050971982985903615,False,True
1B4U,258,0.0,0.0026394113028907567,False,True
1B4U,259,0.0122,0.0026394113028907567,False,True
1B4U,260,0.0405,0.005905719408021937,False,True
1B4U,261,0.0101,0.0050971982985903615,False,True
1B4U,262,0.0,0.0050971982985903615,False,True
1B4U,263,0.0318,0.0,False,True
1B4U,264,0.1267,0.0026394113028907567,False,True
1B4U,265,0.3409,0.0024577869956996057,True,False
1B4U,266,0.0,0.0026394113028907567,False,True
1B4U,267,0.3475,0.0026394113028907567,True,False
1B4U,268,0.3741,0.0050971982985903615,True,False
1B4U,269,0.0351,0.006895864824644661,False,True
1B4U,270,0.0,0.0050971982985903615,False,True
1B4U,271,0.0,0.0050971982985903615,False,True
1B4U,272,0.0,0.0050971982985903615,False,True
1B4U,273,0.0261,0.0026394113028907567,False,True
1B4U,274,0.0057,0.0050971982985903615,False,True
1B4U,275,0.0,0.0,False,True
1B4U,276,0.0,0.0024577869956996057,False,True
1B4U,277,0.058,0.005100127722899897,False,True
1B4U,278,0.0911,0.0026394113028907567,False,True
1B4U,279,0.3456,0.006090273139522621,False,False
1B4U,280,0.7981,0.0069017236732637315,False,False
1B4U,281,0.3999,0.0050971982985903615,False,False
1B4U,282,0.1506,0.0,False,True
1B4U,283,0.3008,0.0050971982985903615,False,False
1B4U,284,0.6062,0.0069017236732637315,False,False
1B4U,285,0.2707,0.0050971982985903615,False,False
1B4U,286,0.1902,0.0,False,True
1B4U,287,0.7396,0.006898794248954196,False,False
1B4U,288,0.4481,0.0026394113028907567,False,False
1B4U,289,0.3421,0.006898794248954196,False,False
1B4U,290,0.464,0.006895864824644661,False,False
1B4U,291,0.2623,0.0050971982985903615,False,False
1B4U,292,0.3291,0.004912644567089676,False,False
1B4U,293,0.1238,0.005905719408021937,False,True
1B4U,294,0.1766,0.0,False,True
1B4U,295,0.868,0.0050971982985903615,True,False
1B4U,296,0.5136,0.0050971982985903615,True,False
1B4U,297,0.3435,0.0024577869956996057,False,False
1BOU,0,0.1475,0.0,False,True
1BOU,1,0.3623,0.00728711876118981,False,False
1BOU,2,0.0625,0.0026541445487954273,False,True
1BOU,3,0.1521,0.0051983541162798005,False,True
1BOU,4,0.014,0.006297703929390332,False,True
1BOU,5,0.0,0.0,False,True
1BOU,6,0.0,0.0,False,True
1BOU,7,0.0,0.0051983541162798005,False,True
1BOU,8,0.0078,0.0026541445487954273,False,True
1BOU,9,0.0,0.0,False,True
1BOU,10,0.0211,0.003643559380594905,False,True
1BOU,11,0.1042,0.006187768948079279,False,True
1BOU,12,0.4514,0.00728711876118981,True,False
1BOU,13,0.2386,0.005088419134968747,False,True
1BOU,14,0.0,0.0,False,True
1BOU,15,0.0116,0.0051983541162798005,False,True
1BOU,16,0.3642,0.00728711876118981,False,False
1BOU,17,0.0094,0.0,False,True
1BOU,18,0.1879,0.0025442095674843737,False,True
1BOU,19,0.5375,0.00728711876118981,False,False
1BOU,20,0.5676,0.00728711876118981,False,False
1BOU,21,0.5235,0.006297703929390332,False,False
1BOU,22,0.2691,0.006297703929390332,False,False
1BOU,23,0.2074,0.006187768948079279,False,True
1BOU,24,0.6102,0.00728711876118981,False,False
1BOU,25,0.3122,0.003643559380594905,False,False
1BOU,26,0.7925,0.00728711876118981,False,False
1BOU,27,0.3618,0.0026541445487954273,True,False
1BOU,28,0.0953,0.0,False,True
1BOU,29,0.2012,0.006297703929390332,False,True
1BOU,30,0.3756,0.0051983541162798005,False,False
1BOU,31,0.0,0.0,False,True
1BOU,32,0.0956,0.0,False,True
1BOU,33,0.692,0.006297703929390332,False,False
1BOU,34,0.0464,0.0,False,True
1BOU,35,0.0,0.0,False,True
1BOU,36,0.3356,0.00728711876118981,False,False
1BOU,37,0.2482,0.0026541445487954273,False,True
1BOU,38,0.0,0.0026541445487954273,False,True
1BOU,39,0.2308,0.0053082890975908546,False,True
1BOU,40,0.3062,0.00728711876118981,False,False
1BOU,41,0.068,0.002654144548795427,False,True
1BOU,42,0.0123,0.0,False,True
1BOU,43,0.5472,0.006297703929390332,False,False
1BOU,44,0.4023,0.00728711876118981,False,False
1BOU,45,0.8225,0.00728711876118981,False,False
1BOU,46,0.6107,0.0,False,False
1BOU,47,0.1502,0.0,False,True
1BOU,48,0.2623,0.0025442095674843737,False,False
1BOU,49,0.027,0.0,False,True
1BOU,50,0.3505,0.005088419134968747,False,False
1BOU,51,0.0139,0.0,False,True
1BOU,52,0.0,0.0,False,True
1BOU,53,0.0061,0.0,False,True
1BOU,54,0.0,0.0,False,True
1BOU,55,0.0,0.0,False,True
1BOU,56,0.0,0.0026541445487954273,False,True
1BOU,57,0.0168,0.0051983541162798005,False,True
1BOU,58,0.0633,0.005088419134968747,False,True
1BOU,59,0.2438,0.006187768948079279,False,True
1BOU,60,0.6123,0.0051983541162798005,True,False
1BOU,61,0.3103,0.003643559380594905,True,False
1BOU,62,0.296,0.0026541445487954273,False,False
1BOU,63,0.109,0.0025442095674843737,False,True
1BOU,64,0.4689,0.003643559380594905,True,False
1BOU,65,0.6169,0.0026541445487954273,True,False
1BOU,66,0.674,0.005088419134968747,True,False
1BOU,67,0.5394,0.0025442095674843737,False,False
1BOU,68,0.3585,0.0051983541162798005,False,False
1BOU,69,0.0962,0.0,False,True
1BOU,70,0.403,0.0026541445487954273,False,False
1BOU,71,0.0498,0.0,False,True
1BOU,72,0.0094,0.0,False,True
1BOU,73,0.0061,0.0,False,True
1BOU,74,0.0,0.0051983541162798005,False,True
1BOU,75,0.0321,0.0026541445487954273,False,True
1BOU,76,0.0655,0.0,False,True
1BOU,77,0.6133,0.00728711876118981,False,False
1BOU,78,0.2995,0.0051983541162798005,False,False
1BOU,79,0.0,0.0026541445487954273,False,True
1BOU,80,0.4812,0.00728711876118981,False,False
1BOU,81,0.1071,0.0,False,True
1BOU,82,0.0447,0.0,False,True
1BOU,83,0.4599,0.0015547947356848947,True,False
1BOU,84,0.3649,0.005088419134968747,True,False
1BOU,85,0.668,0.0,True,False
1BOU,86,0.845,0.00728711876118981,True,False
1BOU,87,0.2338,0.0,False,True
1BOU,88,0.5425,0.006297703929390332,False,False
1BOU,89,0.1245,0.0051983541162798005,False,True
1BOU,90,0.555,0.00728711876118981,False,False
1BOU,91,0.1772,0.0,False,True
1BOU,92,0.1664,0.0,False,True
1BOU,93,0.254,0.005088419134968747,False,False
1BOU,94,0.0069,0.0,False,True
1BOU,95,0.379,0.00728711876118981,False,False
1BOU,96,0.0309,0.0,False,True
1BOU,97,0.1253,0.0051983541162798005,False,True
1BOU,98,0.319,0.0,False,False
1BOU,99,0.5449,0.00728711876118981,False,False
1BOU,100,0.0,0.0,False,True
1BOU,101,0.0,0.0,False,True
1BOU,102,0.3758,0.004099004303169268,False,False
1BOU,103,0.1594,0.0025442095674843737,False,True
1BOU,104,0.0123,0.0,False,True
1BOU,105,0.0,0.0025442095674843737,False,True
1BOU,106,0.475,0.005088419134968747,False,False
1BOU,107,0.1887,0.0025442095674843737,False,True
1BOU,108,0.006,0.0,False,True
1BOU,109,0.4147,0.006297703929390332,False,False
1BOU,110,0.7427,0.0051983541162798005,False,False
1BOU,111,0.3817,0.006187768948079279,False,False
1BOU,112,0.6321,0.006187768948079279,False,False
1BOU,113,0.0498,0.0,False,True
1BOU,114,0.6996,0.002654144548795427,False,False
1BOU,115,0.1158,0.0,False,True
1BOU,116,0.2791,0.0,False,False
1BOU,117,0.3019,0.006297703929390332,False,False
1BOU,118,0.1538,0.0025442095674843737,False,True
1BOU,119,0.4308,0.006297703929390332,False,False
1BOU,120,0.7119,0.00728711876118981,False,False
1BOU,121,0.0829,0.0,False,True
1BOU,122,0.3599,0.006187768948079279,True,False
1BOU,123,0.0062,0.0026541445487954273,False,True
1BOU,124,0.0063,0.003643559380594905,False,True
1BOU,125,0.0788,0.006187768948079279,False,True
1BOU,126,0.0,0.0026541445487954273,False,True
1BOU,127,0.0,0.0026541445487954273,False,True
1BOU,128,0.0062,0.0026541445487954273,False,True
1BOU,129,0.0139,0.0,False,True
1BOU,130,0.0,0.0,False,True
1BOU,131,0.0,0.0,False,True
1BOU,132,0.0354,0.0051983541162798005,False,True
1BOU,133,0.0,0.0,False,True
1BOU,134,0.0163,0.0,False,True
1BOU,135,0.1295,0.0,False,True
1BOU,136,0.0903,0.0,False,True
1BOU,137,0.6699,0.005308289097590854,False,False
1BOU,138,0.2295,0.0026541445487954273,False,True
1BOU,139,0.8001,0.00728711876118981,False,False
1BOU,140,0.6101,0.004099004303169268,False,False
1BOU,141,0.0919,0.0026541445487954273,False,True
1BOU,142,0.4039,0.0,False,False
1BOU,143,0.0639,0.0,False,True
1BOU,144,0.3983,0.0053082890975908546,False,False
1BOU,145,0.0,0.0026541445487954273,False,True
1BOU,146,0.0123,0.0,False,True
1BOU,147,0.0,0.0,False,True
1BOU,148,0.0151,0.0,False,True
1BOU,149,0.0143,0.0,False,True
1BOU,150,0.02,0.0,False,True
1BOU,151,0.1102,0.0,False,True
1BOU,152,0.0693,0.0051983541162798005,False,True
1BOU,153,0.4779,0.00728711876118981,True,False
1BOU,154,0.2792,0.0051983541162798005,True,False
1BOU,155,0.4231,0.0051983541162798005,True,False
1BOU,156,0.6184,0.0026541445487954273,True,False
1BOU,157,0.0404,0.0026541445487954273,False,True
1BOU,158,0.076,0.0,False,True
1BOU,159,0.3433,0.0,False,False
1BOU,160,0.021,0.0,False,True
1BOU,161,0.6082,0.00728711876118981,False,False
1BOU,162,0.3246,0.00728711876118981,False,False
1BOU,163,0.0,0.0,False,True
1BOU,164,0.2001,0.0025442095674843737,False,True
1BOU,165,0.3422,0.00728711876118981,False,False
1BOU,166,0.0,0.0,False,True
1BOU,167,0.0,0.0,False,True
1BOU,168,0.3749,0.006297703929390332,False,False
1BOU,169,0.07,0.006297703929390332,False,True
1BOU,170,0.0123,0.0,False,True
1BOU,171,0.201,0.0051983541162798005,False,True
1BOU,172,0.3192,0.00728711876118981,False,False
1BOU,173,0.0357,0.0,False,True
1BOU,174,0.0,0.0,False,True
1BOU,175,0.4482,0.00728711876118981,False,False
1BOU,176,0.4595,0.0051983541162798005,False,False
1BOU,177,0.0682,0.0,False,True
1BOU,178,0.6613,0.006187768948079279,False,False
1BOU,179,0.4202,0.00728711876118981,False,False
1BOU,180,0.6859,0.00728711876118981,False,False
1BOU,181,0.1255,0.0,False,True
1BOU,182,0.1372,0.00728711876118981,False,True
1BOU,183,0.0,0.0,False,True
1BOU,184,0.0,0.0,False,True
1BOU,185,0.0069,0.0,False,True
1BOU,186,0.0085,0.0,False,True
1BOU,187,0.0,0.0,False,True
1BOU,188,0.007,0.0,False,True
1BOU,189,0.0,0.0026541445487954273,False,True
1BOU,190,0.0206,0.0,False,True
1BOU,191,0.0,0.0051983541162798005,False,True
1BOU,192,0.0,0.0,False,True
1BOU,193,0.045,0.0025442095674843737,False,True
1BOU,194,0.063,0.006187768948079279,False,True
1BOU,195,0.5498,0.00728711876118981,True,False
1BOU,196,0.4459,0.006187768948079279,True,False
1BOU,197,0.4707,0.0026541445487954273,True,False
1BOU,198,0.9059,0.00728711876118981,True,False
1BOU,199,0.3163,0.0051983541162798005,True,False
1BOU,200,0.3783,0.0,True,False
1BOU,201,0.4795,0.0,True,False
1BOU,202,0.2157,0.0051983541162798005,False,True
1BOU,203,0.3024,0.002654144548795427,True,False
1BOU,204,0.1421,0.0026541445487954273,False,True
1BOU,205,0.4056,0.0051983541162798005,False,False
1BOU,206,0.6456,0.00728711876118981,False,False
1BOU,207,0.0855,0.0,False,True
1BOU,208,0.0,0.005088419134968747,False,True
1BOU,209,0.2596,0.00728711876118981,False,False
1BOU,210,0.4213,0.00728711876118981,False,False
1BOU,211,0.0151,0.0051983541162798005,False,True
1BOU,212,0.0858,0.0051983541162798005,False,True
1BOU,213,0.4616,0.00728711876118981,False,False
1BOU,214,0.2677,0.006297703929390332,False,False
1BOU,215,0.0,0.0025442095674843737,False,True
1BOU,216,0.1757,0.0051983541162798005,False,True
1BOU,217,0.5682,0.00728711876118981,False,False
1BOU,218,0.3117,0.005088419134968747,False,False
1BOU,219,0.0911,0.0026541445487954273,False,True
1BOU,220,0.5151,0.00728711876118981,False,False
1BOU,221,0.4153,0.00728711876118981,False,False
1BOU,222,0.0421,0.0,False,True
1BOU,223,0.076,0.0,False,True
1BOU,224,0.5988,0.00728711876118981,False,False
1BOU,225,0.0928,0.0026541445487954273,False,True
1BOU,226,0.3646,0.0026541445487954273,False,False
1BOU,227,0.1957,0.006187768948079279,False,True
1BOU,228,0.4636,0.0051983541162798005,True,False
1BOU,229,0.3575,0.00728711876118981,False,False
1BOU,230,0.0,0.0,False,True
1BOU,231,0.2083,0.0,False,True
1BOU,232,0.5658,0.00728711876118981,True,False
1BOU,233,0.3322,0.006297703929390332,True,False
1BOU,234,0.0,0.0026541445487954273,False,True
1BOU,235,0.0,0.0,False,True
1BOU,236,0.1367,0.006187768948079279,False,True
1BOU,237,0.208,0.006187768948079279,False,True
1BOU,238,0.0,0.0026541445487954273,False,True
1BOU,239,0.0139,0.0026541445487954273,False,True
1BOU,240,0.0877,0.005088419134968747,False,True
1BOU,241,0.0,0.0037534943619059583,False,True
1BOU,242,0.0,0.002654144548795427,False,True
1BOU,243,0.0,0.003643559380594905,False,True
1BOU,244,0.0085,0.0026541445487954273,False,True
1BOU,245,0.0,0.0,False,True
1BOU,246,0.0,0.0,False,True
1BOU,247,0.0,0.0,False,True
1BOU,248,0.004,0.0053082890975908546,False,True
1BOU,249,0.0412,0.0,False,True
1BOU,250,0.0083,0.0,False,True
1BOU,251,0.0646,0.0,False,True
1BOU,252,0.357,0.0026541445487954273,False,False
1BOU,253,0.6879,0.00728711876118981,False,False
1BOU,254,0.4726,0.00728711876118981,False,False
1BOU,255,0.0865,0.0025442095674843737,False,True
1BOU,256,0.2237,0.006187768948079279,False,True
1BOU,257,0.1228,0.0051983541162798005,False,True
1BOU,258,0.0,0.0,False,True
1BOU,259,0.026,0.0,False,True
1BOU,260,0.0546,0.005088419134968747,False,True
1BOU,261,0.0145,0.0,False,True
1BOU,262,0.0046,0.0051983541162798005,False,True
1BOU,263,0.027,0.0051983541162798005,False,True
1BOU,264,0.1205,0.0025442095674843737,False,True
1BOU,265,0.3409,0.0051983541162798005,True,False
1BOU,266,0.0,0.0,False,True
1BOU,267,0.3812,0.0026541445487954273,True,False
1BOU,268,0.3744,0.003643559380594905,True,False
1BOU,269,0.014,0.005308289097590854,False,True
1BOU,270,0.0,0.0026541445487954273,False,True
1BOU,271,0.0,0.0026541445487954273,False,True
1BOU,272,0.0116,0.0051983541162798005,False,True
1BOU,273,0.0253,0.0,False,True
1BOU,274,0.0115,0.0026541445487954273,False,True
1BOU,275,0.0,0.0026541445487954273,False,True
1BOU,276,0.0,0.0025442095674843737,False,True
1BOU,277,0.0867,0.005088419134968747,False,True
1BOU,278,0.0911,0.0026541445487954273,False,True
1BOU,279,0.3197,0.006297703929390332,False,False
1BOU,280,0.7884,0.00728711876118981,False,False
1BOU,281,0.4007,0.0026541445487954273,False,False
1BOU,282,0.1578,0.0,False,True
1BOU,283,0.2671,0.00728711876118981,False,False
1BOU,284,0.6311,0.00728711876118981,False,False
1BOU,285,0.2252,0.0051983541162798005,False,True
1BOU,286,0.1962,0.0,False,True
1BOU,287,0.7667,0.00728711876118981,False,False
1BOU,288,0.3941,0.0,False,False
1BOU,289,0.3194,0.00728711876118981,False,False
1BOU,290,0.5089,0.00728711876118981,False,False
1BOU,291,0.2283,0.0051983541162798005,False,True
1BOU,292,0.2961,0.005088419134968747,False,False
1BOU,293,0.1558,0.006297703929390332,False,True
1BOU,294,0.1931,0.0,False,True
1BOU,295,0.9072,0.00728711876118981,True,False
1BOU,296,0.5109,0.0,True,False
1BOU,297,0.3496,0.0051983541162798005,False,False
1BWU,0,0.4618,0.015334629679769611,True,False
1BWU,1,0.3435,0.009402614025155685,True,False
1BWU,2,0.3433,0.009673369926403623,True,False
1BWU,3,0.0,0.004787456617520368,False,True
1BWU,4,0.534,0.012282472247520122,True,False
1BWU,5,0.1443,0.0076673148398848055,False,True
1BWU,6,0.5577,0.015199251729145644,False,False
1BWU,7,0.3142,0.01241785019814409,True,False
1BWU,8,0.1146,0.015199251729145644,False,True
1BWU,9,0.0,0.0,False,True
1BWU,10,0.4599,0.015334629679769611,False,False
1BWU,11,0.4276,0.012282472247520122,False,False
1BWU,12,0.5387,0.009537991975779654,False,False
1BWU,13,0.2981,0.012282472247520122,False,False
1BWU,14,0.2216,0.012417850198144093,False,True
1BWU,15,0.0,0.004750535358259286,False,True
1BWU,16,0.3277,0.015199251729145644,False,False
1BWU,17,0.111,0.015334629679769611,False,True
1BWU,18,0.5244,0.009537991975779654,False,False
1BWU,19,0.3798,0.015199251729145644,False,False
1BWU,20,0.1793,0.009537991975779654,False,True
1BWU,21,0.2424,0.012319393506781205,False,True
1BWU,22,0.03,0.0,False,True
1BWU,23,0.2084,0.015199251729145644,False,True
1BWU,24,0.0,0.0,False,True
1BWU,25,0.2319,0.015199251729145644,False,True
1BWU,26,0.5499,0.015199251729145644,False,False
1BWU,27,0.2111,0.015199251729145644,False,True
1BWU,28,0.0,0.0,False,True
1BWU,29,0.0825,0.012282472247520122,False,True
1BWU,30,0.018,0.0,False,True
1BWU,31,0.0416,0.015199251729145644,False,True
1BWU,32,0.1021,0.0,False,True
1BWU,33,0.2146,0.004750535358259286,False,True
1BWU,34,0.3824,0.015199251729145644,False,False
1BWU,35,0.5776,0.004750535358259286,False,False
1BWU,36,0.5353,0.015199251729145644,False,False
1BWU,37,0.4864,0.015199251729145644,False,False
1BWU,38,0.4872,0.009537991975779654,False,False
1BWU,39,0.4878,0.004750535358259286,True,False
1BWU,40,0.3459,0.004787456617520368,True,False
1BWU,41,0.3432,0.009537991975779654,False,False
1BWU,42,0.0553,0.0,False,True
1BWU,43,0.6153,0.015199251729145644,False,False
1BWU,44,0.0421,0.012417850198144093,False,True
1BWU,45,0.5118,0.015199251729145644,False,False
1BWU,46,0.365,0.015199251729145644,False,False
1BWU,47,0.7635,0.015199251729145644,False,False
1BWU,48,0.7374,0.0,False,False
1BWU,49,0.2367,0.012319393506781205,False,True
1BWU,50,0.5422,0.015334629679769611,False,False
1BWU,51,0.4205,0.012417850198144093,False,False
1BWU,52,0.0128,0.0,False,True
1BWU,53,0.3201,0.012319393506781205,False,False
1BWU,54,0.0,0.0,False,True
1BWU,55,0.1041,0.015199251729145644,False,True
1BWU,56,0.0,0.0,False,True
1BWU,57,0.204,0.015199251729145644,False,True
1BWU,58,0.1975,0.015199251729145644,False,True
1BWU,59,0.2445,0.012282472247520122,False,True
1BWU,60,0.0219,0.0,False,True
1BWU,61,0.1011,0.0076673148398848055,False,True
1BWU,62,0.0453,0.004787456617520368,False,True
1BWU,63,0.0486,0.012417850198144093,False,True
1BWU,64,0.0,0.004787456617520368,False,True
1BWU,65,0.2258,0.012319393506781205,False,True
1BWU,66,0.1617,0.015063873778521674,False,True
1BWU,67,0.4408,0.015334629679769611,False,False
1BWU,68,0.8706,0.01241785019814409,False,False
1BWU,69,0.3853,0.004787456617520368,False,False
1BWU,70,0.4833,0.012417850198144093,False,False
1BWU,71,0.561,0.009537991975779654,False,False
1BWU,72,0.2687,0.002879858222364438,False,False
1BWU,73,0.2016,0.0,False,True
1BWU,74,0.2125,0.004750535358259286,False,True
1BWU,75,0.275,0.004787456617520368,True,False
1BWU,76,0.6288,0.012319393506781205,False,False
1BWU,77,0.193,0.004787456617520368,False,True
1BWU,78,0.5211,0.015199251729145644,False,False
1BWU,79,0.5934,0.012319393506781205,True,False
1BWU,80,0.266,0.004787456617520368,False,False
1BWU,81,0.6537,0.015199251729145644,False,False
1BWU,82,0.2336,0.0,False,True
1BWU,83,0.4237,0.015063873778521674,True,False
1BWU,84,0.0876,0.004787456617520368,False,True
1BWU,85,0.1874,0.0,False,True
1BWU,86,0.024,0.0,False,True
1BWU,87,0.1596,0.004750535358259286,False,True
1BWU,88,0.0053,0.0,False,True
1BWU,89,0.1915,0.009439535284416769,False,True
1BWU,90,0.6129,0.015063873778521674,True,False
1BWU,91,0.5468,0.012282472247520122,True,False
1BWU,92,0.1122,0.004787456617520368,False,True
1BWU,93,0.4555,0.012319393506781205,True,False
1BWU,94,0.2523,0.004787456617520368,True,False
1BWU,95,0.2082,0.009673369926403623,False,True
1BWU,96,0.2521,0.0,True,False
1BWU,97,0.4279,0.0,True,False
1BWU,98,0.656,0.015334629679769611,True,False
1BWU,99,0.2379,0.012417850198144093,False,True
1BWU,100,0.4981,0.009537991975779654,True,False
1BWU,101,0.8365,0.004750535358259286,True,False
1BWU,102,0.6862,0.004787456617520368,True,False
1BWU,103,0.3652,0.0076673148398848055,True,False
1BWU,104,0.5046,0.004787456617520368,True,False
1BWU,105,0.5219,0.015199251729145644,True,False
1BWU,106,0.6034,0.012417850198144093,True,False
1BWU,107,0.6817,0.015199251729145644,True,False
1BWU,108,1.0711,0.015199251729145644,True,False
1FS2,0,1.2136,0.006858002477729927,False,False
1FS2,1,0.5336,0.006921912178239239,True,False
1FS2,2,0.6941,0.0020426523508937527,True,False
1FS2,3,0.4804,0.005503608440013371,True,False
1FS2,4,0.5466,0.0,True,False
1FS2,5,0.6938,0.005503608440013371,True,False
1FS2,6,0.4316,0.005439698739504061,True,False
1FS2,7,0.1562,0.0,False,True
1FS2,8,0.3874,0.0020426523508937527,True,False
1FS2,9,0.3998,0.004085304701787505,False,False
1FS2,10,0.6757,0.006794092777220616,True,False
1FS2,11,0.4012,0.004154130533105225,True,False
1FS2,12,0.036,0.0,False,True
1FS2,13,0.2163,0.002111478182211473,False,True
1FS2,14,0.333,0.006921912178239239,True,False
1FS2,15,0.4094,0.0,True,False
1FS2,16,0.0145,0.0,False,True
1FS2,17,0.4531,0.00550852457082178,True,False
1FS2,18,0.6959,0.006858002477729927,True,False
1FS2,19,0.2743,0.0,True,False
1FS2,20,0.4364,0.006858002477729927,True,False
1FS2,21,0.1971,0.005503608440013371,False,True
1FS2,22,0.2674,0.005503608440013371,False,False
1FS2,23,0.2685,0.004085304701787505,True,False
1FS2,24,0.018,0.004222956364422946,False,True
1FS2,25,0.1608,0.004154130533105225,False,True
1FS2,26,0.5319,0.006858002477729927,True,False
1FS2,27,0.1041,0.0,False,True
1FS2,28,0.0718,0.0,False,True
1FS2,29,0.6522,0.006858002477729927,True,False
1FS2,30,0.4917,0.0,True,False
1FS2,31,0.2863,0.0,True,False
1FS2,32,0.6417,0.004154130533105225,True,False
1FS2,33,0.3066,0.004222956364422946,True,False
1FS2,34,0.2629,0.0,True,False
1FS2,35,0.2953,0.006921912178239239,True,False
1FS2,36,0.5586,0.006921912178239239,False,False
1FS2,37,0.1202,0.004154130533105225,False,True
1FS2,38,0.0187,0.002111478182211473,False,True
1FS2,39,0.16,0.0020426523508937527,False,True
1FS2,40,0.2519,0.0034609560891196195,False,False
1FS2,41,0.4581,0.006858002477729927,False,False
1FS2,42,0.4843,0.005503608440013371,False,False
1FS2,43,0.1907,0.002111478182211473,False,True
1FS2,44,0.0,0.0,False,True
1FS2,45,0.3657,0.006858002477729927,False,False
1FS2,46,0.574,0.006858002477729927,False,False
1FS2,47,0.1654,0.00550852457082178,False,True
1FS2,48,0.388,0.006858002477729927,False,False
1FS2,49,0.3695,0.005503608440013371,False,False
1FS2,50,0.0347,0.004154130533105225,False,True
1FS2,51,0.0353,0.005503608440013371,False,True
1FS2,52,0.2051,0.006858002477729927,False,True
1FS2,53,0.6202,0.006858002477729927,False,False
1FS2,54,0.3791,0.006794092777220616,False,False
1FS2,55,0.0507,0.0,False,True
1FS2,56,0.4004,0.006858002477729927,False,False
1FS2,57,0.1288,0.005503608440013371,False,True
1FS2,58,0.4613,0.006921912178239239,False,False
1FS2,59,0.4745,0.006858002477729927,False,False
1FS2,60,0.233,0.006858002477729927,False,True
1FS2,61,0.835,0.006858002477729927,False,False
1FS2,62,0.2644,0.002111478182211473,False,False
1FS2,63,0.5922,0.005503608440013371,False,False
1FS2,64,0.3444,0.004154130533105225,False,False
1FS2,65,0.4229,0.006794092777220616,False,False
1FS2,66,0.1154,0.0020426523508937527,False,True
1FS2,67,0.03,0.0,False,True
1FS2,68,0.2545,0.0020426523508937527,False,False
1FS2,69,0.2285,0.006858002477729927,False,True
1FS2,70,0.0307,0.004154130533105225,False,True
1FS2,71,0.0107,0.0,False,True
1FS2,72,0.1876,0.002111478182211473,False,True
1FS2,73,0.2383,0.005503608440013371,False,True
1FS2,74,0.0,0.0,False,True
1FS2,75,0.3666,0.005503608440013371,False,False
1FS2,76,0.5081,0.00550852457082178,False,False
1FS2,77,0.0113,0.0,False,True
1FS2,78,0.4023,0.006858002477729927,False,False
1FS2,79,0.2129,0.006794092777220616,False,True
1FS2,80,0.0287,0.0,False,True
1FS2,81,0.0538,0.003397046388610308,False,True
1FS2,82,0.0,0.0,False,True
1FS2,83,0.3581,0.006858002477729927,False,False
1FS2,84,0.5284,0.002111478182211473,False,False
1FS2,85,0.1622,0.005503608440013371,False,True
1FS2,86,0.5006,0.006858002477729927,False,False
1FS2,87,0.0373,0.002111478182211473,False,True
1FS2,88,0.1748,0.0034609560891196195,False,True
1FS2,89,0.26,0.004085304701787505,False,False
1FS2,90,0.4236,0.002111478182211473,False,False
1FS2,91,0.0,0.0,False,True
1FS2,92,0.0069,0.0,False,True
1FS2,93,0.3577,0.0034609560891196195,False,False
1FS2,94,0.127,0.002111478182211473,False,True
1FS2,95,0.018,0.0,False,True
1FS2,96,0.1705,0.0020426523508937527,False,True
1FS2,97,0.4359,0.0055724342713310915,False,False
1FS2,98,0.0062,0.004154130533105225,False,True
1FS2,99,0.3157,0.0055724342713310915,False,False
1FS2,100,0.4158,0.006858002477729927,False,False
1FS2,101,0.012,0.002111478182211473,False,True
1FS2,102,0.2776,0.006858002477729927,False,False
1FS2,103,0.4051,0.006921912178239239,False,False
1FS2,104,0.0354,0.0,False,True
1FS2,105,0.1387,0.005503608440013371,False,True
1FS2,106,0.0,0.0,False,True
1FS2,107,0.0657,0.002111478182211473,False,True
1FS2,108,0.2879,0.005503608440013371,False,False
1FS2,109,0.0,0.0,False,True
1FS2,110,0.0207,0.00550852457082178,False,True
1FS2,111,0.2255,0.0,False,True
1FS2,112,0.048,0.0,False,True
1FS2,113,0.1526,0.0,False,True
1FS2,114,0.1351,0.0021114781822114724,False,True
1FS2,115,0.558,0.006794092777220616,False,False
1FS2,116,0.017,0.0,False,True
1FS2,117,0.006,0.0,False,True
1FS2,118,0.3066,0.006858002477729927,False,False
1FS2,119,0.3181,0.004159046663913633,False,False
1FS2,120,0.012,0.0,False,True
1FS2,121,0.0173,0.0,False,True
1FS2,122,0.4445,0.00550852457082178,False,False
1FS2,123,0.2241,0.004154130533105225,False,True
1FS2,124,0.0,0.00550852457082178,False,True
1FS2,125,0.4747,0.00550852457082178,False,False
1FS2,126,0.4743,0.006858002477729927,False,False
1FS2,127,0.0,0.0,False,True
1FS2,128,0.2236,0.006858002477729927,False,True
1FS2,129,0.1994,0.006858002477729927,False,True
1FS2,130,0.034,0.002111478182211473,False,True
1FS2,131,0.1788,0.005439698739504061,False,True
1FS2,132,0.006,0.0,False,True
1FS2,133,0.0484,0.002111478182211473,False,True
1FS2,134,0.3648,0.006858002477729927,False,False
1FS2,135,0.0072,0.0020426523508937527,False,True
1FS2,136,0.5902,0.006858002477729927,False,False
1FS2,137,0.3359,0.0034609560891196195,False,False
1FS2,138,0.0419,0.0,False,True
1FS2,139,0.323,0.004154130533105225,False,False
1FS2,140,0.3444,0.006921912178239239,False,False
1FS2,141,0.407,0.006858002477729927,False,False
1FS2,142,0.0431,0.002111478182211473,False,True
1FS2,143,0.0139,0.0,False,True
1FS2,144,0.3988,0.006921912178239239,False,False
1FS2,145,0.1035,0.0,False,True
1FS2,146,0.0094,0.0,False,True
1FS2,147,0.0139,0.002111478182211473,False,True
1FS2,148,0.2807,0.006794092777220616,False,False
1FS2,149,0.2268,0.004154130533105225,False,True
1FS2,150,0.0347,0.0,False,True
1FS2,151,0.0779,0.0,False,True
1FS2,152,0.5408,0.005503608440013371,False,False
1FS2,153,0.3441,0.003397046388610308,False,False
1FS2,154,0.0,0.0,False,True
1FS2,155,0.1653,0.004154130533105225,False,True
1FS2,156,0.269,0.006794092777220616,False,False
1FS2,157,0.0454,0.0,False,True
1FS2,158,0.1635,0.005439698739504061,False,True
1FS2,159,0.036,0.0,False,True
1FS2,160,0.0415,0.0034609560891196195,False,True
1FS2,161,0.1442,0.002111478182211473,False,True
1FS2,162,0.0321,0.0,False,True
1FS2,163,0.4243,0.006858002477729927,False,False
1FS2,164,0.5387,0.006858002477729927,False,False
1FS2,165,0.0945,0.004154130533105225,False,True
1FS2,166,0.0421,0.0,False,True
1FS2,167,0.3356,0.006858002477729927,False,False
1FS2,168,0.3242,0.0047465242955184546,False,False
1FS2,169,0.4321,0.006794092777220616,False,False
1FS2,170,0.05,0.0020426523508937527,False,True
1FS2,171,0.03,0.002111478182211473,False,True
1FS2,172,0.2275,0.006921912178239239,False,True
1FS2,173,0.1854,0.00550852457082178,False,True
1FS2,174,0.024,0.0,False,True
1FS2,175,0.0586,0.0,False,True
1FS2,176,0.6146,0.006794092777220616,False,False
1FS2,177,0.1786,0.0055724342713310915,False,True
1FS2,178,0.0154,0.0020426523508937527,False,True
1FS2,179,0.3333,0.004746524295518455,False,False
1FS2,180,0.3325,0.0020426523508937527,False,False
1FS2,181,0.0,0.0,False,True
1FS2,182,0.1874,0.006858002477729927,False,True
1FS2,183,0.3104,0.006921912178239239,False,False
1FS2,184,0.0228,0.0,False,True
1FS2,185,0.1888,0.005503608440013371,False,True
1FS2,186,0.018,0.0,False,True
1FS2,187,0.0579,0.0034609560891196195,False,True
1FS2,188,0.0389,0.006858002477729927,False,True
1FS2,189,0.0069,0.002111478182211473,False,True
1FS2,190,0.2059,0.006858002477729927,False,True
1FS2,191,0.385,0.00550852457082178,False,False
1FS2,192,0.012,0.002111478182211473,False,True
1FS2,193,0.4293,0.004154130533105225,False,False
1FS2,194,0.2722,0.006858002477729927,False,False
1FS2,195,0.3931,0.006794092777220616,False,False
1FS2,196,0.0,0.005503608440013371,False,True
1FS2,197,0.0,0.0,False,True
1FS2,198,0.5872,0.005503608440013371,False,False
1FS2,199,0.1694,0.004154130533105225,False,True
1FS2,200,0.0,0.0,False,True
1FS2,201,0.2727,0.00550852457082178,False,False
1FS2,202,0.5218,0.006921912178239239,False,False
1FS2,203,0.0053,0.0,False,True
1FS2,204,0.4864,0.006921912178239239,False,False
1FS2,205,0.5195,0.00550852457082178,False,False
1FS2,206,0.0,0.0,False,True
1FS2,207,0.2607,0.006858002477729927,False,False
1FS2,208,0.2398,0.006794092777220616,False,True
1FS2,209,0.0167,0.002111478182211473,False,True
1FS2,210,0.0744,0.005503608440013371,False,True
1FS2,211,0.0,0.0,False,True
1FS2,212,0.0207,0.002111478182211473,False,True
1FS2,213,0.285,0.005503608440013371,False,False
1FS2,214,0.0,0.002111478182211473,False,True
1FS2,215,0.5225,0.006858002477729927,False,False
1FS2,216,0.4095,0.006858002477729927,False,False
1FS2,217,0.0218,0.0,False,True
1FS2,218,0.4592,0.006858002477729927,False,False
1FS2,219,0.1882,0.002111478182211473,False,True
1FS2,220,0.5026,0.006794092777220616,False,False
1FS2,221,0.188,0.006858002477729927,False,True
1FS2,222,0.0107,0.0,False,True
1FS2,223,0.4532,0.006858002477729927,False,False
1FS2,224,0.2862,0.006858002477729927,False,False
1FS2,225,0.0,0.0,False,True
1FS2,226,0.1675,0.0,False,True
1FS2,227,0.5781,0.006794092777220616,False,False
1FS2,228,0.017,0.0,False,True
1FS2,229,0.6562,0.006858002477729927,False,False
1FS2,230,0.2247,0.00550852457082178,False,True
1FS2,231,0.0053,0.0,False,True
1FS2,232,0.3736,0.006921912178239239,False,False
1FS2,233,0.1856,0.006921912178239239,False,True
1FS2,234,0.024,0.0,False,True
1FS2,235,0.2476,0.006858002477729927,False,True
1FS2,236,0.0123,0.002111478182211473,False,True
1FS2,237,0.3925,0.006921912178239239,False,False
1FS2,238,0.6442,0.006858002477729927,False,False
1FS2,239,0.0817,0.0,False,True
1FS2,240,0.158,0.0,False,True
1FS2,241,0.4474,0.006858002477729927,False,False
1FS2,242,0.5391,0.006858002477729927,False,False
1FS2,243,0.5289,0.006794092777220616,False,False
1FS2,244,0.1934,0.004154130533105225,False,True
1FS2,245,0.1081,0.006858002477729927,False,True
1FS2,246,0.3866,0.006794092777220616,False,False
1FS2,247,0.5428,0.006921912178239239,False,False
1FS2,248,0.0901,0.002111478182211473,False,True
1FS2,249,0.3567,0.006921912178239239,False,False
1FS2,250,0.6159,0.006858002477729927,False,False
1FS2,251,0.4666,0.006858002477729927,False,False
1FS2,252,0.0894,0.0,False,True
1FS2,253,0.6368,0.0020426523508937527,False,False
1FS2,254,0.5012,0.006794092777220616,False,False
1FS2,255,0.096,0.0,False,True
1FS2,256,0.5175,0.006794092777220616,False,False
1FS2,257,0.0492,0.002111478182211473,False,True
1FS2,258,0.4287,0.006858002477729927,False,False
1GO4,0,0.8656,0.009290387882731446,False,False
1GO4,1,0.6644,0.009263275855836315,False,False
1GO4,2,0.3913,0.0,False,False
1GO4,3,0.0477,0.0,False,True
1GO4,4,0.3814,0.0,False,False
1GO4,5,0.0813,0.005693525647977442,False,True
1GO4,6,0.6047,0.009290387882731446,False,False
1GO4,7,0.2425,0.009263275855836315,False,True
1GO4,8,0.0,0.0,False,True
1GO4,9,0.0187,0.0,False,True
1GO4,10,0.4951,0.009290387882731446,False,False
1GO4,11,0.1962,0.0027970574413476485,False,True
1GO4,12,0.0,0.0,False,True
1GO4,13,0.0468,0.0,False,True
1GO4,14,0.292,0.009290387882731446,False,False
1GO4,15,0.0101,0.0,False,True
1GO4,16,0.0151,0.0,False,True
1GO4,17,0.2619,0.009263275855836315,False,False
1GO4,18,0.156,0.0,False,True
1GO4,19,0.0581,0.0028964682066297937,False,True
1GO4,20,0.0362,0.0,False,True
1GO4,21,0.0449,0.0,False,True
1GO4,22,0.0147,0.005594114882695297,False,True
1GO4,23,0.0,0.0,False,True
1GO4,24,0.0,0.0,False,True
1GO4,25,0.2726,0.005693525647977442,False,False
1GO4,26,0.2056,0.007541662147995517,False,True
1GO4,27,0.1016,0.0028964682066297937,False,True
1GO4,28,0.5039,0.009263275855836315,False,False
1GO4,29,0.1109,0.0,False,True
1GO4,30,0.237,0.0,False,True
1GO4,31,0.4087,0.0028964682066297937,False,False
1GO4,32,0.4754,0.009290387882731446,False,False
1GO4,33,0.639,0.009290387882731446,False,False
1GO4,34,0.1545,0.009263275855836315,False,True
1GO4,35,0.0625,0.0,False,True
1GO4,36,0.3959,0.009290387882731446,False,False
1GO4,37,0.6404,0.009263275855836315,False,False
1GO4,38,0.2568,0.005693525647977442,False,False
1GO4,39,0.7217,0.009290387882731446,False,False
1GO4,40,0.2153,0.007541662147995517,False,True
1GO4,41,0.0529,0.0,False,True
1GO4,42,0.7804,0.0,False,False
1GO4,43,0.2583,0.0,False,False
1GO4,44,0.5352,0.0075687741748906474,False,False
1GO4,45,0.012,0.0,False,True
1GO4,46,0.1491,0.005792936413259587,False,True
1GO4,47,0.1527,0.0027970574413476485,False,True
1GO4,48,0.102,0.0,False,True
1GO4,49,0.4573,0.005666413621082311,False,False
1GO4,50,0.2437,0.0027970574413476485,False,True
1GO4,51,0.6891,0.009263275855836315,False,False
1GO4,52,0.5923,0.009290387882731446,True,False
1GO4,53,0.0295,0.0028964682066297937,False,True
1GO4,54,0.361,0.007541662147995517,False,False
1GO4,55,0.5636,0.009263275855836315,False,False
1GO4,56,0.2566,0.0027970574413476485,True,False
1GO4,57,0.0781,0.0,False,True
1GO4,58,0.3921,0.009263275855836315,False,False
1GO4,59,0.3907,0.009236163828941185,True,False
1GO4,60,0.0486,0.0,False,True
1GO4,61,0.0902,0.0,False,True
1GO4,62,0.4356,0.009290387882731446,False,False
1GO4,63,0.1454,0.009236163828941185,False,True
1GO4,64,0.012,0.0027970574413476485,False,True
1GO4,65,0.2857,0.009236163828941185,False,False
1GO4,66,0.2597,0.009290387882731446,False,False
1GO4,67,0.0539,0.0,False,True
1GO4,68,0.0,0.0,False,True
1GO4,69,0.3191,0.009263275855836315,False,False
1GO4,70,0.4544,0.009290387882731446,False,False
1GO4,71,0.0192,0.0,False,True
1GO4,72,0.1322,0.009236163828941185,False,True
1GO4,73,0.0062,0.0,False,True
1GO4,74,0.3751,0.007514550121100387,True,False
1GO4,75,0.1859,0.005567002855800166,False,True
1GO4,76,0.0,0.0,False,True
1GO4,77,0.0,0.009236163828941185,False,True
1GO4,78,0.0,0.0,False,True
1GO4,79,0.0278,0.0028964682066297937,False,True
1GO4,80,0.0,0.0028964682066297937,False,True
1GO4,81,0.159,0.007541662147995517,False,True
1GO4,82,0.1341,0.007442251382713371,False,True
1GO4,83,0.5542,0.005693525647977442,True,False
1GO4,84,0.7813,0.009290387882731446,True,False
1GO4,85,0.5207,0.0,True,False
1GO4,86,0.4203,0.0027970574413476485,True,False
1GO4,87,0.381,0.009263275855836315,False,False
1GO4,88,0.0652,0.0028964682066297937,False,True
1GO4,89,0.1248,0.005693525647977442,False,True
1GO4,90,0.0048,0.0028964682066297937,False,True
1GO4,91,0.0606,0.005792936413259587,False,True
1GO4,92,0.0127,0.0028964682066297937,False,True
1GO4,93,0.1689,0.005693525647977442,False,True
1GO4,94,0.0151,0.0,False,True
1GO4,95,0.2451,0.009236163828941185,False,True
1GO4,96,0.0442,0.0,False,True
1GO4,97,0.4639,0.009290387882731446,False,False
1GO4,98,0.143,0.0,False,True
1GO4,99,0.216,0.007442251382713371,False,True
1GO4,100,0.5124,0.009236163828941185,True,False
1GO4,101,0.3798,0.009263275855836315,False,False
1GO4,102,0.0664,0.0,False,True
1GO4,103,0.3757,0.009236163828941185,False,False
1GO4,104,0.6894,0.009236163828941185,False,False
1GO4,105,0.3269,0.005693525647977442,False,False
1GO4,106,0.8393,0.009236163828941185,False,False
1GO4,107,0.4587,0.009236163828941185,False,False
1GO4,108,0.4606,0.0028964682066297937,False,False
1GO4,109,0.147,0.002797057441347648,False,True
1GO4,110,0.8391,0.009236163828941185,False,False
1GO4,111,0.1601,0.005693525647977442,False,True
1GO4,112,0.377,0.0074151393558182415,False,False
1GO4,113,0.4511,0.009236163828941185,False,False
1GO4,114,0.5701,0.009290387882731446,False,False
1GO4,115,0.2413,0.009290387882731446,False,True
1GO4,116,0.0429,0.0028964682066297937,False,True
1GO4,117,0.3812,0.009263275855836315,False,False
1GO4,118,0.2167,0.009236163828941185,False,True
1GO4,119,0.2759,0.005693525647977442,False,False
1GO4,120,0.0307,0.0027970574413476485,False,True
1GO4,121,0.2678,0.005792936413259587,False,False
1GO4,122,0.2749,0.009290387882731446,False,False
1GO4,123,0.0,0.0,False,True
1GO4,124,0.0,0.0,False,True
1GO4,125,0.2849,0.009290387882731446,False,False
1GO4,126,0.1964,0.005693525647977442,False,True
1GO4,127,0.0061,0.0028964682066297937,False,True
1GO4,128,0.2805,0.005693525647977442,False,False
1GO4,129,0.3828,0.009263275855836315,False,False
1GO4,130,0.0133,0.0028964682066297937,False,True
1GO4,131,0.5349,0.009236163828941185,False,False
1GO4,132,0.6579,0.009263275855836315,False,False
1GO4,133,0.3655,0.007541662147995517,False,False
1GO4,134,0.102,0.0028964682066297937,False,True
1GO4,135,0.1215,0.0028964682066297937,False,True
1GO4,136,0.6845,0.009236163828941185,False,False
1GO4,137,0.1881,0.005693525647977442,False,True
1GO4,138,0.745,0.009290387882731446,False,False
1GO4,139,0.3617,0.009236163828941185,False,False
1GO4,140,0.5758,0.009263275855836315,False,False
1GO4,141,0.1241,0.0027970574413476485,False,True
1GO4,142,0.3009,0.0,True,False
1GO4,143,0.0972,0.0,False,True
1GO4,144,0.3659,0.005539890828905035,True,False
1GO4,145,0.054,0.0,False,True
1GO4,146,0.0721,0.0028964682066297937,False,True
1GO4,147,0.1475,0.0,False,True
1GO4,148,0.2413,0.009290387882731446,False,True
1GO4,149,0.2379,0.0,False,True
1GO4,150,0.1993,0.009290387882731446,False,True
1GO4,151,0.7743,0.009236163828941185,True,False
1GO4,152,0.7763,0.007442251382713371,True,False
1GO4,153,0.1703,0.0,False,True
1GO4,154,0.7362,0.009290387882731446,False,False
1GO4,155,0.5364,0.0,True,False
1GO4,156,0.2194,0.0,False,True
1GO4,157,0.6496,0.009290387882731446,False,False
1GO4,158,0.7399,0.004618081914470592,True,False
1GO4,159,0.2447,0.0,False,True
1GO4,160,0.6786,0.009290387882731446,True,False
1GO4,161,0.7999,0.009290387882731446,True,False
1GO4,162,0.5167,0.005693525647977442,True,False
1GO4,163,0.4207,0.0074151393558182415,True,False
1GO4,164,0.3266,0.007442251382713371,True,False
1GO4,165,0.3658,0.009263275855836315,True,False
1GO4,166,0.6079,0.007541662147995517,True,False
1GO4,167,0.1975,0.0,False,True
1GO4,168,0.4508,0.006466218414488667,True,False
1GO4,169,0.7081,0.007442251382713371,True,False
1GO4,170,0.2708,0.0028964682066297937,True,False
1GO4,171,0.3743,0.009290387882731446,False,False
1GO4,172,0.5817,0.009236163828941185,True,False
1GO4,173,0.236,0.005693525647977442,False,True
1GO4,174,0.7406,0.009290387882731446,False,False
1GO4,175,0.1301,0.0,False,True
1GO4,176,0.4668,0.005693525647977442,False,False
1GO4,177,0.3353,0.0074151393558182415,False,False
1GO4,178,0.0101,0.0,False,True
1GO4,179,0.2394,0.0,False,True
1GO4,180,0.0,0.0028964682066297937,False,True
1GO4,181,0.2948,0.009236163828941185,False,False
1GO4,182,0.0238,0.0028964682066297937,False,True
1GO4,183,0.0,0.0,False,True
1GO4,184,0.3221,0.009236163828941185,False,False
1GO4,185,0.0,0.0,False,True
1GO4,186,0.184,0.009290387882731446,False,True
1GO4,187,0.0441,0.0027970574413476485,False,True
1GO4,188,0.1411,0.005693525647977442,False,True
1GO4,189,0.0,0.0028964682066297937,False,True
1GO4,190,0.0562,0.0074151393558182415,False,True
1GO4,191,0.0917,0.0,False,True
1GO4,192,0.2083,0.009236163828941185,False,True
1GO4,193,0.5611,0.009236163828941185,False,False
1GO4,194,0.6151,0.005693525647977442,False,False
1GO4,195,1.0899,0.009236163828941185,False,False
1HL6,0,0.7686,0.0037478433589955493,True,False
1HL6,1,0.0594,0.0037478433589955493,False,True
1HL6,2,0.179,0.003755092572455888,False,True
1HL6,3,0.0,0.0037478433589955493,False,True
1HL6,4,0.1212,0.011468255694257173,False,True
1HL6,5,0.0163,0.003755092572455888,False,True
1HL6,6,0.1107,0.007502935931451437,False,True
1HL6,7,0.1735,0.011468255694257173,False,True
1HL6,8,0.0103,0.0,False,True
1HL6,9,0.2129,0.009481971206124136,False,True
1HL6,10,0.5863,0.011584243109622607,False,False
1HL6,11,0.7081,0.01152624940193989,False,False
1HL6,12,0.3988,0.007502935931451437,False,False
1HL6,13,0.3441,0.011468255694257173,False,False
1HL6,14,0.1388,0.007502935931451437,False,True
1HL6,15,0.0755,0.0037478433589955493,False,True
1HL6,16,0.0601,0.007502935931451437,False,True
1HL6,17,0.2457,0.011584243109622607,False,True
1HL6,18,0.0,0.0,False,True
1HL6,19,0.1334,0.011584243109622607,False,True
1HL6,20,0.0101,0.0,False,True
1HL6,21,0.3111,0.011584243109622607,True,False
1HL6,22,0.4589,0.003755092572455888,True,False
1HL6,23,0.4708,0.009489220419584474,True,False
1HL6,24,0.0116,0.0,False,True
1HL6,25,0.0831,0.011584243109622607,False,True
1HL6,26,0.012,0.0,False,True
1HL6,27,0.3555,0.011468255694257173,True,False
1HL6,28,0.0087,0.0,False,True
1HL6,29,0.1217,0.011468255694257173,False,True
1HL6,30,0.0832,0.007502935931451437,False,True
1HL6,31,0.1189,0.011584243109622607,False,True
1HL6,32,0.2207,0.003755092572455888,False,True
1HL6,33,0.5998,0.00954721412726719,False,False
1HL6,34,0.4329,0.007510185144911776,False,False
1HL6,35,0.4995,0.009481971206124136,False,False
1HL6,36,0.5511,0.011468255694257173,False,False
1HL6,37,0.1972,0.011584243109622607,False,True
1HL6,38,0.5755,0.007502935931451437,False,False
1HL6,39,0.5781,0.011468255694257173,False,False
1HL6,40,0.0797,0.0037478433589955493,False,True
1HL6,41,0.4441,0.007510185144911776,True,False
1HL6,42,0.3031,0.0075609296391341545,True,False
1HL6,43,0.4708,0.01152624940193989,True,False
1HL6,44,0.1217,0.003755092572455888,False,True
1HL6,45,0.5915,0.009481971206124136,True,False
1HL6,46,0.1456,0.0,False,True
1HL6,47,0.5821,0.0037478433589955493,True,False
1HL6,48,0.4633,0.01152624940193989,False,False
1HL6,49,0.3805,0.00954721412726719,True,False
1HL6,50,0.1805,0.0,False,True
1HL6,51,0.0533,0.009481971206124136,False,True
1HL6,52,0.4261,0.011468255694257173,False,False
1HL6,53,0.3288,0.007502935931451437,True,False
1HL6,54,0.0,0.0,False,True
1HL6,55,0.3333,0.011584243109622607,False,False
1HL6,56,0.4689,0.011584243109622607,True,False
1HL6,57,0.207,0.007502935931451437,False,True
1HL6,58,0.0,0.0,False,True
1HL6,59,0.5387,0.009481971206124136,False,False
1HL6,60,0.6393,0.011468255694257173,True,False
1HL6,61,0.1929,0.0,False,True
1HL6,62,0.4782,0.0020442781958157543,False,False
1HL6,63,0.0,0.0037478433589955493,False,True
1HL6,64,0.1005,0.0,False,True
1HL6,65,0.5832,0.011468255694257173,True,False
1HL6,66,0.2523,0.00954721412726719,True,False
1HL6,67,0.4078,0.009489220419584474,True,False
1HL6,68,0.1687,0.007510185144911776,False,True
1HL6,69,0.7341,0.01152624940193989,True,False
1HL6,70,0.3163,0.011584243109622607,False,False
1HL6,71,0.0338,0.0037478433589955493,False,True
1HL6,72,0.281,0.0,False,False
1HL6,73,0.6033,0.011584243109622607,True,False
1HL6,74,0.2453,0.0037478433589955493,False,True
1HL6,75,0.4278,0.00954721412726719,False,False
1HL6,76,0.6579,0.01152624940193989,False,False
1HL6,77,0.5614,0.011468255694257173,False,False
1HL6,78,0.0,0.0,False,True
1HL6,79,0.3369,0.01152624940193989,False,False
1HL6,80,0.0287,0.01152624940193989,False,True
1HL6,81,0.1971,0.01152624940193989,False,True
1HL6,82,0.006,0.0,False,True
1HL6,83,0.1502,0.011584243109622607,False,True
1HL6,84,0.0,0.0037478433589955493,False,True
1HL6,85,0.2221,0.003755092572455888,False,True
1HL6,86,0.1219,0.007502935931451437,False,True
1HL6,87,0.547,0.0037478433589955493,True,False
1HL6,88,0.753,0.011468255694257173,True,False
1HL6,89,0.3912,0.011584243109622607,True,False
1HL6,90,0.4964,0.007502935931451437,True,False
1HL6,91,0.0613,0.007502935931451437,False,True
1HL6,92,0.4979,0.009489220419584474,True,False
1HL6,93,0.0503,0.0037478433589955493,False,True
1HL6,94,0.2565,0.011468255694257173,True,False
1HL6,95,0.0,0.007502935931451437,False,True
1HL6,96,0.0985,0.01152624940193989,False,True
1HL6,97,0.3569,0.007502935931451437,False,False
1HL6,98,0.2209,0.0037478433589955493,False,True
1HL6,99,0.7389,0.01152624940193989,False,False
1HL6,100,0.2166,0.00954721412726719,False,True
1HL6,101,0.3629,0.003755092572455888,False,False
1HL6,102,0.4496,0.009489220419584474,False,False
1HL6,103,0.5687,0.011468255694257173,False,False
1HL6,104,0.0069,0.0037478433589955493,False,True
1HL6,105,0.4714,0.0037478433589955493,False,False
1HL6,106,0.6821,0.00954721412726719,False,False
1HL6,107,0.1791,0.007502935931451437,False,True
1HL6,108,0.5799,0.01152624940193989,False,False
1HL6,109,0.2836,0.009489220419584474,False,False
1HL6,110,0.1823,0.007502935931451437,False,True
1HL6,111,0.5308,0.011468255694257173,False,False
1HL6,112,0.0221,0.0037478433589955493,False,True
1HL6,113,0.012,0.003755092572455888,False,True
1HL6,114,0.1659,0.0,False,True
1HL6,115,0.1155,0.011584243109622607,False,True
1HL6,116,0.005,0.0,False,True
1HL6,117,0.0968,0.0037478433589955493,False,True
1HL6,118,0.3906,0.00954721412726719,False,False
1HL6,119,0.0289,0.0037478433589955493,False,True
1HL6,120,0.0625,0.005581894364461455,False,True
1HL6,121,0.3311,0.011584243109622607,False,False
1HL6,122,0.456,0.011584243109622607,True,False
1HL6,123,0.012,0.0037478433589955493,False,True
1HL6,124,0.1665,0.007502935931451437,False,True
1HL6,125,0.4791,0.011584243109622607,True,False
1HL6,126,0.2037,0.0,False,True
1HL6,127,0.0,0.0,False,True
1HL6,128,0.1129,0.01152624940193989,False,True
1HL6,129,0.4256,0.0037478433589955493,True,False
1HL6,130,0.2289,0.0,False,True
1HL6,131,0.0245,0.0,False,True
1HL6,132,0.1534,0.0037478433589955493,False,True
1HL6,133,0.7434,0.0037478433589955493,True,False
1HL6,134,0.5348,0.009481971206124136,True,False
1HL6,135,0.2765,0.0037478433589955493,True,False
1HL6,136,0.5898,0.00954721412726719,True,False
1HL6,137,0.0946,0.003755092572455888,False,True
1HL6,138,0.6496,0.011468255694257173,False,False
1HL6,139,0.3494,0.0037478433589955493,False,False
1HL6,140,0.4049,0.003755092572455889,False,False
1HL6,141,0.3333,0.003755092572455889,False,False
1HL6,142,0.8119,0.01152624940193989,False,False
1I7Q,0,0.2146,0.004177251422233354,False,True
1I7Q,1,0.1839,0.007943039106944792,False,True
1I7Q,2,0.0054,0.0,False,True
1I7Q,3,0.0,0.0,False,True
1I7Q,4,0.0,0.0,False,True
1I7Q,5,0.0,0.0,False,True
1I7Q,6,0.0222,0.006386632795448853,False,True
1I7Q,7,0.0165,0.004365093563275966,False,True
1I7Q,8,0.4378,0.012773265590897706,True,False
1I7Q,9,0.1839,0.004365093563275966,False,True
1I7Q,10,0.6772,0.0,True,False
1I7Q,11,0.2466,0.004365093563275966,False,True
1I7Q,12,0.0,0.0,False,True
1I7Q,13,0.4652,0.004365093563275966,True,False
1I7Q,14,0.3864,0.006386632795448853,True,False
1I7Q,15,0.0,0.004365093563275966,False,True
1I7Q,16,0.0278,0.008336613116748362,False,True
1I7Q,17,0.5478,0.008354502844466708,True,False
1I7Q,18,0.2149,0.0,False,True
1I7Q,19,0.03,0.0,False,True
1I7Q,20,0.4399,0.012773265590897706,True,False
1I7Q,21,0.6809,0.010358152348921248,True,False
1I7Q,22,0.4843,0.012567533722136748,False,False
1I7Q,23,0.4762,0.0,False,False
1I7Q,24,0.1639,0.004365093563275966,False,True
1I7Q,25,0.4741,0.012773265590897706,False,False
1I7Q,26,0.068,0.0,False,True
1I7Q,27,0.2082,0.010358152348921248,False,True
1I7Q,28,0.2146,0.004365093563275966,False,True
1I7Q,29,0.1672,0.0,False,True
1I7Q,30,0.4391,0.008148770975705748,True,False
1I7Q,31,0.0563,0.010358152348921248,False,True
1I7Q,32,0.794,0.012567533722136748,True,False
1I7Q,33,0.3058,0.004365093563275966,True,False
1I7Q,34,0.3965,0.00854234498550932,False,False
1I7Q,35,0.0526,0.00854234498550932,False,True
1I7Q,36,0.5422,0.012773265590897706,False,False
1I7Q,37,0.3401,0.00854234498550932,True,False
1I7Q,38,0.0,0.0,False,True
1I7Q,39,0.1655,0.00854234498550932,False,True
1I7Q,40,0.4212,0.012773265590897706,False,False
1I7Q,41,0.3035,0.012773265590897706,True,False
1I7Q,42,0.0747,0.0,False,True
1I7Q,43,0.6275,0.012773265590897706,False,False
1I7Q,44,0.6671,0.01236180185337579,False,False
1I7Q,45,0.0965,0.0,False,True
1I7Q,46,0.7026,0.012773265590897706,False,False
1I7Q,47,0.3067,0.012567533722136748,False,False
1I7Q,48,0.1713,0.004365093563275966,False,True
1I7Q,49,0.0,0.0,False,True
1I7Q,50,0.0,0.0,False,True
1I7Q,51,0.0,0.0,False,True
1I7Q,52,0.0,0.0,False,True
1I7Q,53,0.0,0.0,False,True
1I7Q,54,0.0152,0.0,False,True
1I7Q,55,0.1975,0.0,False,True
1I7Q,56,0.5595,0.004365093563275966,True,False
1I7Q,57,0.5548,0.0,True,False
1I7Q,58,0.2964,0.008336613116748362,True,False
1I7Q,59,0.0076,0.0,False,True
1I7Q,60,0.3632,0.012773265590897706,False,False
1I7Q,61,0.6005,0.012773265590897706,False,False
1I7Q,62,0.0281,0.004177251422233354,False,True
1I7Q,63,0.4161,0.004365093563275966,False,False
1I7Q,64,0.0709,0.0,False,True
1I7Q,65,0.0,0.0,False,True
1I7Q,66,0.2253,0.0,False,True
1I7Q,67,0.2808,0.012773265590897706,False,False
1I7Q,68,0.0,0.0,False,True
1I7Q,69,0.0,0.0,False,True
1I7Q,70,0.5942,0.012773265590897706,False,False
1I7Q,71,0.4254,0.01236180185337579,False,False
1I7Q,72,0.0661,0.0,False,True
1I7Q,73,0.2704,0.010751726358724822,False,False
1I7Q,74,0.5295,0.0,False,False
1I7Q,75,0.6001,0.01236180185337579,False,False
1I7Q,76,0.0781,0.004365093563275966,False,True
1I7Q,77,0.1512,0.0,False,True
1I7Q,78,0.0,0.0,False,True
1I7Q,79,0.0061,0.0,False,True
1I7Q,80,0.0,0.0,False,True
1I7Q,81,0.0,0.004365093563275966,False,True
1I7Q,82,0.0462,0.0,False,True
1I7Q,83,0.012,0.0,False,True
1I7Q,84,0.0,0.0,False,True
1I7Q,85,0.0,0.0,False,True
1I7Q,86,0.0239,0.006386632795448853,False,True
1I7Q,87,0.0696,0.0,False,True
1I7Q,88,0.0,0.0,False,True
1I7Q,89,0.0,0.0,False,True
1I7Q,90,0.2794,0.010358152348921248,False,False
1I7Q,91,0.2807,0.00854234498550932,False,False
1I7Q,92,0.0708,0.004365093563275966,False,True
1I7Q,93,0.5143,0.0,False,False
1I7Q,94,0.1339,0.0,False,True
1I7Q,95,0.5081,0.01236180185337579,False,False
1I7Q,96,0.1674,0.0,False,True
1I7Q,97,0.2962,0.012773265590897706,False,False
1I7Q,98,0.6335,0.00854234498550932,True,False
1I7Q,99,0.0914,0.004177251422233354,False,True
1I7Q,100,0.7089,0.01236180185337579,False,False
1I7Q,101,0.4982,0.012773265590897706,False,False
1I7Q,102,0.4735,0.0018158073634119293,True,False
1I7Q,103,0.1442,0.01236180185337579,False,True
1I7Q,104,0.4594,0.004365093563275966,True,False
1I7Q,105,0.3388,0.004365093563275966,True,False
1I7Q,106,0.5117,0.008354502844466708,True,False
1I7Q,107,0.3903,0.004365093563275966,False,False
1I7Q,108,0.0701,0.00854234498550932,False,True
1I7Q,109,0.4056,0.012773265590897706,False,False
1I7Q,110,0.0,0.0,False,True
1I7Q,111,0.4089,0.012773265590897706,False,False
1I7Q,112,0.0874,0.0,False,True
1I7Q,113,0.2911,0.006386632795448853,False,False
1I7Q,114,0.2796,0.00854234498550932,False,False
1I7Q,115,0.4314,0.012773265590897706,False,False
1I7Q,116,0.427,0.010751726358724822,False,False
1I7Q,117,0.0054,0.0,False,True
1I7Q,118,0.0,0.0,False,True
1I7Q,119,0.3349,0.012567533722136748,False,False
1I7Q,120,0.6098,0.0,False,False
1I7Q,121,0.0927,0.0,False,True
1I7Q,122,0.444,0.00854234498550932,False,False
1I7Q,123,0.465,0.004365093563275966,False,False
1I7Q,124,0.4784,0.0,False,False
1I7Q,125,0.006,0.0,False,True
1I7Q,126,0.3713,0.004311424380120934,False,False
1I7Q,127,0.0,0.0,False,True
1I7Q,128,0.0,0.004365093563275966,False,True
1I7Q,129,0.004,0.004365093563275966,False,True
1I7Q,130,0.2849,0.004365093563275966,True,False
1I7Q,131,0.0216,0.0,False,True
1I7Q,132,0.2507,0.0,True,False
1I7Q,133,0.1202,0.006574474936491466,False,True
1I7Q,134,0.1103,0.010358152348921248,False,True
1I7Q,135,0.0412,0.0,False,True
1I7Q,136,0.3183,0.004365093563275966,False,False
1I7Q,137,0.5134,0.010751726358724822,False,False
1I7Q,138,0.2139,0.0,False,True
1I7Q,139,0.1958,0.004365093563275966,False,True
1I7Q,140,0.8154,0.012773265590897706,False,False
1I7Q,141,0.2912,0.012567533722136748,False,False
1I7Q,142,0.048,0.0,False,True
1I7Q,143,0.3335,0.01236180185337579,False,False
1I7Q,144,0.3473,0.0,False,False
1I7Q,145,0.0124,0.0,False,True
1I7Q,146,0.0178,0.0,False,True
1I7Q,147,0.4504,0.008336613116748362,False,False
1I7Q,148,0.3298,0.006180900926687895,False,False
1I7Q,149,0.5491,0.00854234498550932,False,False
1I7Q,150,0.7086,0.012773265590897706,False,False
1I7Q,151,0.1308,0.008354502844466708,False,True
1I7Q,152,0.0763,0.0,False,True
1I7Q,153,0.0,0.006180900926687895,False,True
1I7Q,154,0.0,0.0,False,True
1I7Q,155,0.0,0.0,False,True
1I7Q,156,0.0894,0.00854234498550932,False,True
1I7Q,157,0.0396,0.004365093563275966,False,True
1I7Q,158,0.3629,0.012773265590897706,False,False
1I7Q,159,0.7087,0.012773265590897706,False,False
1I7Q,160,0.1689,0.008148770975705748,False,True
1I7Q,161,0.1123,0.008730187126551932,False,True
1I7Q,162,0.0062,0.004365093563275966,False,True
1I7Q,163,0.0,0.004365093563275966,False,True
1I7Q,164,0.0,0.0,False,True
1I7Q,165,0.005,0.0,False,True
1I7Q,166,0.0,0.0,False,True
1I7Q,167,0.0,0.004365093563275966,False,True
1I7Q,168,0.0162,0.0,False,True
1I7Q,169,0.0202,0.0,False,True
1I7Q,170,0.0775,0.008354502844466708,False,True
1I7Q,171,0.1012,0.004365093563275966,False,True
1I7Q,172,0.8717,0.004365093563275966,True,False
1I7Q,173,0.279,0.004177251422233354,True,False
1I7Q,174,0.0444,0.0,False,True
1I7Q,175,0.5853,0.008748076854270278,False,False
1I7Q,176,0.5408,0.012773265590897706,False,False
1I7Q,177,0.0116,0.0,False,True
1I7Q,178,0.4342,0.012773265590897706,False,False
1I7Q,179,0.3933,0.008354502844466708,False,False
1I7Q,180,0.0,0.004365093563275966,False,True
1I7Q,181,0.018,0.0,False,True
1I7Q,182,0.5686,0.008935918995312892,False,False
1I7Q,183,0.2115,0.010545994489963862,False,True
1I7Q,184,0.0,0.0,False,True
1I7Q,185,0.0541,0.0,False,True
1I7Q,186,0.437,0.012773265590897706,False,False
1I7Q,187,0.087,0.00854234498550932,False,True
1I7Q,188,0.0166,0.0,False,True
1I7Q,189,0.3896,0.00854234498550932,False,False
1I7Q,190,0.3828,0.010358152348921248,False,False
1I7Q,191,0.7212,0.01236180185337579,False,False
1I7S,0,0.2702,0.0,False,False
1I7S,1,0.1388,0.003534391824321548,False,True
1I7S,2,0.0061,0.0,False,True
1I7S,3,0.0114,0.0,False,True
1I7S,4,0.0,0.0,False,True
1I7S,5,0.0,0.0,False,True
1I7S,6,0.0555,0.007068783648643096,False,True
1I7S,7,0.0165,0.0,False,True
1I7S,8,0.3531,0.00695234050714413,True,False
1I7S,9,0.2006,0.0,False,True
1I7S,10,0.686,0.003417948682822583,True,False
1I7S,11,0.2717,0.003417948682822583,True,False
1I7S,12,0.0,0.0,False,True
1I7S,13,0.4758,0.0,True,False
1I7S,14,0.3678,0.003534391824321548,True,False
1I7S,15,0.0,0.003417948682822583,False,True
1I7S,16,0.0347,0.003534391824321548,False,True
1I7S,17,0.5387,0.007068783648643096,True,False
1I7S,18,0.1429,0.003417948682822583,False,True
1I7S,19,0.018,0.0,False,True
1I7S,20,0.4652,0.01153472060495637,True,False
1I7S,21,0.6415,0.011342931901311014,True,False
1I7S,22,0.3899,0.004719372028987494,False,False
1I7S,23,0.6057,0.003534391824321548,False,False
1I7S,24,0.139,0.0,False,True
1I7S,25,0.3609,0.011342931901311014,False,False
1I7S,26,0.0554,0.0,False,True
1I7S,27,0.0972,0.005671465950655507,False,True
1I7S,28,0.2493,0.0,False,True
1I7S,29,0.1922,0.0,False,True
1I7S,30,0.4595,0.011438826253133692,True,False
1I7S,31,0.0604,0.009185308985300766,False,True
1I7S,32,0.5779,0.01153472060495637,True,False
1I7S,33,0.299,0.0022329684781566372,True,False
1I7S,34,0.3628,0.005650917160979219,False,False
1I7S,35,0.0705,0.003417948682822583,False,True
1I7S,36,0.5772,0.01153472060495637,False,False
1I7S,37,0.3401,0.01153472060495637,True,False
1I7S,38,0.0,0.0,False,True
1I7S,39,0.1962,0.00695234050714413,False,True
1I7S,40,0.39,0.011342931901311014,False,False
1I7S,41,0.2716,0.01153472060495637,True,False
1I7S,42,0.0647,0.0,False,True
1I7S,43,0.4865,0.01153472060495637,False,False
1I7S,44,0.5902,0.011342931901311014,False,False
1I7S,45,0.0414,0.003534391824321548,False,True
1I7S,46,0.6073,0.011342931901311014,False,False
1I7S,47,0.5082,0.011438826253133692,False,False
1I7S,48,0.173,0.0,False,True
1I7S,49,0.0,0.0,False,True
1I7S,50,0.0,0.0,False,True
1I7S,51,0.0,0.0,False,True
1I7S,52,0.006,0.0,False,True
1I7S,53,0.0,0.003417948682822583,False,True
1I7S,54,0.0076,0.0,False,True
1I7S,55,0.1396,0.003417948682822583,False,True
1I7S,56,0.6025,0.003417948682822583,True,False
1I7S,57,0.5432,0.003417948682822583,True,False
1I7S,58,0.4173,0.011438826253133692,False,False
1I7S,59,0.038,0.0,False,True
1I7S,60,0.4876,0.006876994944997739,False,False
1I7S,61,0.6154,0.01153472060495637,True,False
1I7S,62,0.0281,0.009185308985300766,False,True
1I7S,63,0.4067,0.003417948682822583,False,False
1I7S,64,0.0709,0.0,False,True
1I7S,65,0.0,0.0,False,True
1I7S,66,0.243,0.0,False,True
1I7S,67,0.368,0.01153472060495637,False,False
1I7S,68,0.012,0.0,False,True
1I7S,69,0.018,0.0,False,True
1I7S,70,0.5028,0.01153472060495637,False,False
1I7S,71,0.4553,0.011342931901311014,False,False
1I7S,72,0.0841,0.0,False,True
1I7S,73,0.1753,0.0035343918243215477,False,True
1I7S,74,0.5205,0.0,False,False
1I7S,75,0.6111,0.011342931901311014,False,False
1I7S,76,0.1081,0.0,False,True
1I7S,77,0.0828,0.0,False,True
1I7S,78,0.0,0.0,False,True
1I7S,79,0.0,0.0,False,True
1I7S,80,0.0,0.0,False,True
1I7S,81,0.0,0.0,False,True
1I7S,82,0.0308,0.003417948682822583,False,True
1I7S,83,0.006,0.00695234050714413,False,True
1I7S,84,0.0,0.0,False,True
1I7S,85,0.021,0.0,False,True
1I7S,86,0.1073,0.009205857774977054,False,True
1I7S,87,0.0426,0.0,False,True
1I7S,88,0.0184,0.0,False,True
1I7S,89,0.0069,0.0,False,True
1I7S,90,0.3407,0.01153472060495637,False,False
1I7S,91,0.1122,0.0,False,True
1I7S,92,0.1641,0.0,False,True
1I7S,93,0.5663,0.0,False,False
1I7S,94,0.1661,0.0,False,True
1I7S,95,0.2876,0.011438826253133692,False,False
1I7S,96,0.1356,0.009205857774977054,False,True
1I7S,97,0.2991,0.009205857774977054,False,False
1I7S,98,0.5116,0.011438826253133692,False,False
1I7S,99,0.4098,0.011438826253133692,True,False
1I7S,100,0.3261,0.011438826253133692,True,False
1I7S,101,0.5342,0.011438826253133692,True,False
1I7S,102,0.2943,0.011438826253133692,True,False
1I7S,103,0.7474,0.011438826253133692,True,False
1I7S,104,0.68,0.011438826253133692,True,False
1I7S,105,0.626,0.011438826253133692,True,False
1I7S,106,0.2918,0.011342931901311014,True,False
1I7S,107,0.4542,0.009185308985300766,False,False
1I7S,108,0.0907,0.009185308985300766,False,True
1I7S,109,0.4303,0.011438826253133692,False,False
1I7S,110,0.0,0.0,False,True
1I7S,111,0.4234,0.011438826253133692,False,False
1I7S,112,0.1072,0.0,False,True
1I7S,113,0.2793,0.007068783648643096,False,False
1I7S,114,0.3853,0.009205857774977054,False,False
1I7S,115,0.5072,0.011342931901311014,False,False
1I7S,116,0.3679,0.003417948682822583,False,False
1I7S,117,0.0,0.0,False,True
1I7S,118,0.0,0.0,False,True
1I7S,119,0.3328,0.011438826253133692,False,False
1I7S,120,0.6418,0.003417948682822583,False,False
1I7S,121,0.0837,0.003534391824321548,False,True
1I7S,122,0.49,0.00695234050714413,False,False
1I7S,123,0.4475,0.0,False,False
1I7S,124,0.4642,0.003417948682822583,False,False
1I7S,125,0.018,0.003417948682822583,False,True
1I7S,126,0.319,0.009205857774977054,False,False
1I7S,127,0.0,0.0,False,True
1I7S,128,0.0,0.011438826253133692,False,True
1I7S,129,0.108,0.0035343918243215477,False,True
1I7S,130,0.2739,0.00695234050714413,True,False
1I7S,131,0.3512,0.009301752126799734,True,False
1I7S,132,0.2013,0.01153472060495637,False,True
1I7S,133,0.4625,0.011438826253133692,False,False
1I7S,134,0.1527,0.005671465950655507,False,True
1I7S,135,0.6066,0.011438826253133692,False,False
1I7S,136,0.3244,0.011438826253133692,False,False
1I7S,137,0.4133,0.011438826253133692,False,False
1I7S,138,0.2393,0.0,False,True
1I7S,139,0.1198,0.0,False,True
1I7S,140,0.7138,0.011438826253133692,False,False
1I7S,141,0.5691,0.01153472060495637,False,False
1I7S,142,0.0426,0.0,False,True
1I7S,143,0.3103,0.011342931901311014,False,False
1I7S,144,0.2194,0.0,False,True
1I7S,145,0.0179,0.003534391824321548,False,True
1I7S,146,0.0085,0.0,False,True
1I7S,147,0.4491,0.00695234050714413,False,False
1I7S,148,0.2818,0.003534391824321548,False,False
1I7S,149,0.5421,0.011438826253133692,False,False
1I7S,150,0.821,0.01153472060495637,False,False
1I7S,151,0.1744,0.011438826253133692,False,True
1I7S,152,0.187,0.003417948682822583,False,True
1I7S,153,0.0057,0.00695234050714413,False,True
1I7S,154,0.0,0.0,False,True
1I7S,155,0.0,0.0,False,True
1I7S,156,0.0384,0.009185308985300766,False,True
1I7S,157,0.0618,0.005671465950655507,False,True
1I7S,158,0.2916,0.01153472060495637,False,False
1I7S,159,0.5026,0.01153472060495637,False,False
1I7S,160,0.334,0.01153472060495637,False,False
1I7S,161,0.0878,0.009089414633478088,False,True
1I7S,162,0.0139,0.0,False,True
1I7S,163,0.0,0.0,False,True
1I7S,164,0.0,0.0,False,True
1I7S,165,0.0,0.0,False,True
1I7S,166,0.0978,0.003417948682822583,False,True
1I7S,167,0.0046,0.0,False,True
1I7S,168,0.0372,0.0,False,True
1I7S,169,0.0202,0.0,False,True
1I7S,170,0.0775,0.007068783648643096,False,True
1I7S,171,0.1098,0.003417948682822583,False,True
1I7S,172,0.8315,0.003534391824321548,True,False
1I7S,173,0.2483,0.011438826253133692,False,True
1I7S,174,0.0249,0.0,False,True
1I7S,175,0.5541,0.009205857774977054,False,False
1I7S,176,0.4571,0.009205857774977054,False,False
1I7S,177,0.0,0.0,False,True
1I7S,178,0.3778,0.01153472060495637,False,False
1I7S,179,0.3998,0.01153472060495637,False,False
1I7S,180,0.006,0.0,False,True
1I7S,181,0.006,0.0,False,True
1I7S,182,0.2972,0.011438826253133692,False,False
1I7S,183,0.2151,0.011342931901311014,False,True
1I7S,184,0.0,0.0,False,True
1I7S,185,0.018,0.0,False,True
1I7S,186,0.487,0.01153472060495637,False,False
1I7S,187,0.0955,0.003417948682822583,False,True
1I7S,188,0.0166,0.0,False,True
1I7S,189,0.3568,0.003534391824321548,False,False
1I7S,190,0.4625,0.009205857774977054,False,False
1I7S,191,0.7884,0.011342931901311014,False,False
1I8L,0,0.6158,0.007103043456814483,False,False
1I8L,1,0.4781,0.007103043456814483,False,False
1I8L,2,0.5952,0.005446488761735642,False,False
1I8L,3,0.1388,0.002782847465430211,False,True
1I8L,4,0.4651,0.005446488761735642,False,False
1I8L,5,0.2931,0.004320195991384271,False,False
1I8L,6,0.5137,0.008993899932586856,False,False
1I8L,7,0.0678,0.002782847465430211,False,True
1I8L,8,0.6022,0.005446488761735642,False,False
1I8L,9,0.3347,0.008993899932586856,False,False
1I8L,10,0.4212,0.005446488761735642,False,False
1I8L,11,0.0,0.0,False,True
1I8L,12,0.4032,0.005446488761735642,False,False
1I8L,13,0.006,0.0,False,True
1I8L,14,0.3208,0.005446488761735642,False,False
1I8L,15,0.0064,0.0,False,True
1I8L,16,0.4576,0.0088171459576777,False,False
1I8L,17,0.1875,0.002782847465430211,False,True
1I8L,18,0.4203,0.002782847465430211,False,False
1I8L,19,0.0955,0.0,False,True
1I8L,20,0.3534,0.005446488761735642,False,False
1I8L,21,0.6342,0.0,False,False
1I8L,22,0.5837,0.0088171459576777,False,False
1I8L,23,0.2992,0.008993899932586856,False,False
1I8L,24,0.0781,0.0,False,True
1I8L,25,0.4151,0.005446488761735642,False,False
1I8L,26,0.3764,0.008993899932586856,False,False
1I8L,27,0.0125,0.0,False,True
1I8L,28,0.2747,0.0069838372876897025,True,False
1I8L,29,0.0177,0.0,False,True
1I8L,30,0.2136,0.004496949966293428,False,True
1I8L,31,0.0042,0.0,False,True
1I8L,32,0.1019,0.0026636412963054316,False,True
1I8L,33,0.1189,0.005327282592610863,False,True
1I8L,34,0.4678,0.005446488761735642,False,False
1I8L,35,0.6585,0.008993899932586856,True,False
1I8L,36,0.2298,0.008993899932586856,False,True
1I8L,37,0.2261,0.0026636412963054316,False,True
1I8L,38,0.0,0.0,False,True
1I8L,39,0.018,0.0,False,True
1I8L,40,0.0273,0.005446488761735642,False,True
1I8L,41,0.0485,0.0,False,True
1I8L,42,0.3275,0.008993899932586856,True,False
1I8L,43,0.5572,0.0088171459576777,False,False
1I8L,44,0.3066,0.0,False,False
1I8L,45,0.4901,0.008640391982768543,False,False
1I8L,46,0.3498,0.002782847465430211,False,False
1I8L,47,0.4112,0.0088171459576777,False,False
1I8L,48,0.3127,0.0,False,False
1I8L,49,0.2971,0.005446488761735642,True,False
1I8L,50,0.669,0.0088171459576777,False,False
1I8L,51,0.568,0.008640391982768543,False,False
1I8L,52,0.0515,0.0,False,True
1I8L,53,0.2375,0.0071605912625988585,False,True
1I8L,54,0.7161,0.008993899932586856,False,False
1I8L,55,0.0741,0.005327282592610863,False,True
1I8L,56,0.1184,0.0,False,True
1I8L,57,0.4414,0.0,False,False
1I8L,58,0.1296,0.0,False,True
1I8L,59,0.2707,0.0072797974317236405,False,False
1I8L,60,0.2482,0.0,False,True
1I8L,61,0.6657,0.004320195991384271,False,False
1I8L,62,0.4828,0.0088171459576777,False,False
1I8L,63,0.2452,0.0088171459576777,False,True
1I8L,64,0.0,0.0,False,True
1I8L,65,0.0277,0.0,False,True
1I8L,66,0.0,0.0,False,True
1I8L,67,0.1319,0.0,False,True
1I8L,68,0.0,0.0,False,True
1I8L,69,0.3984,0.005446488761735642,False,False
1I8L,70,0.3651,0.008640391982768543,False,False
1I8L,71,0.0374,0.0,False,True
1I8L,72,0.1781,0.005327282592610863,False,True
1I8L,73,0.0995,0.0026636412963054316,False,True
1I8L,74,0.3599,0.008993899932586856,False,False
1I8L,75,0.0222,0.005565694930860422,False,True
1I8L,76,0.3857,0.005446488761735642,False,False
1I8L,77,0.1845,0.0026636412963054316,False,True
1I8L,78,0.2673,0.007103043456814483,False,False
1I8L,79,0.0,0.0,False,True
1I8L,80,0.1136,0.0071605912625988585,False,True
1I8L,81,0.0,0.0,False,True
1I8L,82,0.1249,0.0,False,True
1I8L,83,0.0,0.0,False,True
1I8L,84,0.1502,0.005446488761735642,False,True
1I8L,85,0.1226,0.008640391982768543,False,True
1I8L,86,0.3925,0.005446488761735642,False,False
1I8L,87,0.3653,0.008993899932586856,False,False
1I8L,88,0.7325,0.0088171459576777,True,False
1I8L,89,0.55,0.008993899932586856,True,False
1I8L,90,0.3183,0.004320195991384271,True,False
1I8L,91,0.3061,0.005446488761735642,True,False
1I8L,92,0.3321,0.008640391982768543,True,False
1I8L,93,0.5536,0.007103043456814483,True,False
1I8L,94,0.2825,0.0071605912625988585,False,False
1I8L,95,0.2036,0.005446488761735642,False,True
1I8L,96,0.3595,0.005269734786826485,True,False
1I8L,97,0.0655,0.002782847465430211,False,True
1I8L,98,0.3142,0.0071605912625988585,False,False
1I8L,99,0.0208,0.0,False,True
1I8L,100,0.1653,0.007337345237508016,False,True
1I8L,101,0.0107,0.0,False,True
1I8L,102,0.2308,0.0088171459576777,False,True
1I8L,103,0.1239,0.0,False,True
1I8L,104,0.4266,0.0088171459576777,False,False
1I8L,105,0.0986,0.0,False,True
1I8L,106,0.4071,0.005388940955951265,False,False
1I8L,107,0.0458,0.0,False,True
1I8L,108,0.417,0.007103043456814483,False,False
1I8L,109,0.5399,0.0088171459576777,False,False
1I8L,110,0.0337,0.0,False,True
1I8L,111,0.4005,0.0088171459576777,False,False
1I8L,112,0.132,0.0026636412963054316,False,True
1I8L,113,0.3158,0.007103043456814483,False,False
1I8L,114,0.2554,0.008993899932586856,False,False
1I8L,115,0.4076,0.008993899932586856,False,False
1I8L,116,0.3745,0.008993899932586856,False,False
1I8L,117,0.2178,0.007103043456814483,False,True
1I8L,118,0.8486,0.0088171459576777,False,False
1I8L,119,0.217,0.0088171459576777,False,True
1I8L,120,0.6685,0.0088171459576777,False,False
1I8L,121,0.1239,0.007103043456814483,False,True
1I8L,122,0.1655,0.007103043456814483,False,True
1I8L,123,0.121,0.0088171459576777,False,True
1I8L,124,0.3035,0.0088171459576777,False,False
1I8L,125,0.0,0.0026636412963054316,False,True
1I8L,126,0.1893,0.005446488761735642,False,True
1I8L,127,0.0,0.0,False,True
1I8L,128,0.2343,0.007103043456814483,False,True
1I8L,129,0.0555,0.0,False,True
1I8L,130,0.3858,0.007103043456814483,False,False
1I8L,131,0.3072,0.007103043456814483,False,False
1I8L,132,0.0,0.0,False,True
1I8L,133,0.2974,0.0,False,False
1I8L,134,0.3114,0.0,False,False
1I8L,135,0.3907,0.008993899932586856,False,False
1I8L,136,0.0135,0.0,False,True
1I8L,137,0.4993,0.0088171459576777,False,False
1I8L,138,0.2005,0.0026636412963054316,False,True
1I8L,139,0.1566,0.0071605912625988585,False,True
1I8L,140,0.0377,0.0,False,True
1I8L,141,0.2029,0.0071605912625988585,False,True
1I8L,142,0.2049,0.008993899932586856,False,True
1I8L,143,0.6464,0.008993899932586856,False,False
1I8L,144,0.6927,0.0088171459576777,False,False
1I8L,145,0.5138,0.0088171459576777,False,False
1I8L,146,0.6329,0.008993899932586856,False,False
1I8L,147,0.2662,0.0026636412963054316,False,False
1I8L,148,0.7209,0.0088171459576777,False,False
1I8L,149,0.299,0.0,False,False
1I8L,150,0.4738,0.0088171459576777,False,False
1I8L,151,0.4382,0.0088171459576777,False,False
1I8L,152,0.443,0.008993899932586856,False,False
1I8L,153,0.5099,0.0088171459576777,False,False
1I8L,154,0.3611,0.0,False,False
1I8L,155,0.4067,0.005446488761735642,False,False
1I8L,156,0.388,0.004496949966293428,False,False
1I8L,157,0.353,0.004496949966293428,False,False
1I8L,158,0.8098,0.0088171459576777,False,False
1I8L,159,0.5475,0.008993899932586856,False,False
1I8L,160,0.2442,0.0,False,True
1I8L,161,0.1744,0.0071605912625988585,False,True
1I8L,162,0.0634,0.002782847465430211,False,True
1I8L,163,0.1258,0.0,False,True
1I8L,164,0.2881,0.005446488761735642,False,False
1I8L,165,0.0447,0.0,False,True
1I8L,166,0.2698,0.0088171459576777,False,False
1I8L,167,0.0147,0.0,False,True
1I8L,168,0.2974,0.0088171459576777,False,False
1I8L,169,0.006,0.0,False,True
1I8L,170,0.2541,0.0088171459576777,False,False
1I8L,171,0.0654,0.0026636412963054316,False,True
1I8L,172,0.3793,0.008993899932586856,False,False
1I8L,173,0.1949,0.0069838372876897025,False,True
1I8L,174,0.5356,0.0088171459576777,False,False
1I8L,175,0.3626,0.0088171459576777,False,False
1I8L,176,0.3264,0.0088171459576777,False,False
1I8L,177,0.1067,0.006926289481905326,False,True
1I8L,178,0.3783,0.0088171459576777,False,False
1I8L,179,0.0302,0.0,False,True
1I8L,180,0.2954,0.008993899932586856,False,False
1I8L,181,0.0,0.0,False,True
1I8L,182,0.0721,0.005269734786826485,False,True
1I8L,183,0.0123,0.0,False,True
1I8L,184,0.3424,0.007103043456814483,False,False
1I8L,185,0.0081,0.0,False,True
1I8L,186,0.5001,0.0,False,False
1I8L,187,0.8731,0.0088171459576777,False,False
1I8L,188,0.4072,0.0088171459576777,False,False
1I8L,189,0.5608,0.0088171459576777,False,False
1I8L,190,0.1874,0.002782847465430211,False,True
1I8L,191,0.2335,0.007103043456814483,False,True
1I8L,192,0.2433,0.0088171459576777,False,True
1I8L,193,0.3835,0.005446488761735642,False,False
1I8L,194,0.1208,0.0,False,True
1I8L,195,0.4662,0.0088171459576777,False,False
1I8L,196,0.1963,0.005446488761735642,False,True
1I8L,197,0.6061,0.0088171459576777,False,False
1I8L,198,0.9225,0.0088171459576777,False,False
1IZN,0,0.7991,0.00540123692915964,False,False
1IZN,1,0.3147,0.0032897052118111125,True,False
1IZN,2,0.2458,0.0016509729876949724,False,True
1IZN,3,0.364,0.005486922274211465,False,False
1IZN,4,0.5262,0.005486922274211465,False,False
1IZN,5,0.3376,0.005486922274211465,False,False
1IZN,6,0.3398,0.00327746444823228,True,False
1IZN,7,0.1789,0.004382193361221872,False,True
1IZN,8,0.4582,0.005486922274211465,False,False
1IZN,9,0.3923,0.0032897052118111125,True,False
1IZN,10,0.0655,0.00163873222411614,False,True
1IZN,11,0.2697,0.00540123692915964,False,False
1IZN,12,0.5614,0.005486922274211465,True,False
1IZN,13,0.4959,0.0,True,False
1IZN,14,0.0184,0.0016509729876949724,False,True
1IZN,15,0.1675,0.00540123692915964,False,True
1IZN,16,0.5646,0.00430874877974888,True,False
1IZN,17,0.026,0.0,False,True
1IZN,18,0.1215,0.0,False,True
1IZN,19,0.0,0.00163873222411614,False,True
1IZN,20,0.3213,0.0,False,False
1IZN,21,0.0823,0.002743461137105732,False,True
1IZN,22,0.1398,0.0016509729876949724,False,True
1IZN,23,0.5268,0.005486922274211465,False,False
1IZN,24,0.4912,0.005486922274211465,True,False
1IZN,25,0.1666,0.0,False,True
1IZN,26,0.156,0.00540123692915964,False,True
1IZN,27,0.3704,0.005486922274211465,True,False
1IZN,28,0.4818,0.00163873222411614,True,False
1IZN,29,0.0625,0.0,False,True
1IZN,30,0.3546,0.005315551584107816,False,False
1IZN,31,0.6307,0.00540123692915964,True,False
1IZN,32,0.6553,0.0,True,False
1IZN,33,0.1515,0.0,False,True
1IZN,34,0.6583,0.005486922274211465,True,False
1IZN,35,0.2914,0.002657775792053908,False,False
1IZN,36,0.3755,0.005486922274211465,False,False
1IZN,37,0.551,0.005486922274211465,False,False
1IZN,38,0.1495,0.00163873222411614,False,True
1IZN,39,0.0814,0.00163873222411614,False,True
1IZN,40,0.6241,0.00540123692915964,False,False
1IZN,41,0.6477,0.00540123692915964,False,False
1IZN,42,0.2154,0.004296508016170047,False,True
1IZN,43,0.1498,0.00430874877974888,False,True
1IZN,44,0.5831,0.005486922274211465,False,False
1IZN,45,0.6228,0.005486922274211465,False,False
1IZN,46,0.0366,0.0,False,True
1IZN,47,0.1157,0.0032897052118111125,False,True
1IZN,48,0.1498,0.005315551584107816,False,True
1IZN,49,0.3702,0.0043944341248007045,False,False
1IZN,50,0.0362,0.0010924881494107602,False,True
1IZN,51,0.0881,0.004296508016170047,False,True
1IZN,52,0.1086,0.005315551584107816,False,True
1IZN,53,0.269,0.005315551584107816,False,False
1IZN,54,0.0388,0.004296508016170047,False,True
1IZN,55,0.0654,0.0032897052118111125,False,True
1IZN,56,0.1521,0.005486922274211465,False,True
1IZN,57,0.1356,0.00163873222411614,False,True
1IZN,58,0.0416,0.0032897052118111125,False,True
1IZN,59,0.3641,0.00430874877974888,False,False
1IZN,60,0.0184,0.0032897052118111125,False,True
1IZN,61,0.5444,0.004382193361221872,False,False
1IZN,62,0.5076,0.0032897052118111125,False,False
1IZN,63,0.341,0.00540123692915964,False,False
1IZN,64,0.7103,0.005486922274211465,False,False
1IZN,65,0.0542,0.00540123692915964,False,True
1IZN,66,0.2693,0.00540123692915964,False,False
1IZN,67,0.0278,0.0,False,True
1IZN,68,0.0053,0.00163873222411614,False,True
1IZN,69,0.0,0.0,False,True
1IZN,70,0.0,0.0,False,True
1IZN,71,0.4849,0.005486922274211465,False,False
1IZN,72,0.1523,0.0033019459753899447,False,True
1IZN,73,0.0,0.0,False,True
1IZN,74,0.3248,0.0033019459753899447,False,False
1IZN,75,0.3495,0.00540123692915964,False,False
1IZN,76,0.6224,0.0016509729876949724,False,False
1IZN,77,0.6307,0.0033019459753899447,False,False
1IZN,78,0.3525,0.0,False,False
1IZN,79,0.1418,0.00430874877974888,False,True
1IZN,80,0.0352,0.0032897052118111125,False,True
1IZN,81,0.2877,0.0032897052118111125,False,False
1IZN,82,0.0341,0.0032162606303381197,False,True
1IZN,83,0.0456,0.002657775792053908,False,True
1IZN,84,0.2448,0.005315551584107816,False,True
1IZN,85,0.3048,0.004382193361221872,False,False
1IZN,86,0.2185,0.004382193361221872,False,True
1IZN,87,0.0422,0.00540123692915964,False,True
1IZN,88,0.0069,0.005315551584107816,False,True
1IZN,89,0.0201,0.00163873222411614,False,True
1IZN,90,0.3225,0.005315551584107816,False,False
1IZN,91,0.0609,0.00430874877974888,False,True
1IZN,92,0.2069,0.00430874877974888,False,True
1IZN,93,0.2271,0.002657775792053908,False,True
1IZN,94,0.6931,0.00540123692915964,False,False
1IZN,95,0.615,0.00540123692915964,False,False
1IZN,96,0.7859,0.00540123692915964,False,False
1IZN,97,0.5452,0.005315551584107816,False,False
1IZN,98,0.0,0.00430874877974888,False,True
1IZN,99,0.2749,0.005486922274211465,False,False
1IZN,100,0.4198,0.005486922274211465,False,False
1IZN,101,0.3297,0.0032897052118111125,False,False
1IZN,102,0.4334,0.005315551584107816,False,False
1IZN,103,0.7105,0.00540123692915964,False,False
1IZN,104,0.2621,0.00540123692915964,False,False
1IZN,105,0.8083,0.00540123692915964,False,False
1IZN,106,0.3243,0.00540123692915964,False,False
1IZN,107,0.4865,0.005486922274211465,False,False
1IZN,108,0.4928,0.005486922274211465,False,False
1IZN,109,0.5842,0.00540123692915964,False,False
1IZN,110,0.0295,0.0032897052118111125,False,True
1IZN,111,0.0631,0.005315551584107816,False,True
1IZN,112,0.4384,0.00540123692915964,False,False
1IZN,113,0.1679,0.0032897052118111125,False,True
1IZN,114,0.008,0.0032897052118111125,False,True
1IZN,115,0.3431,0.005486922274211465,False,False
1IZN,116,0.1809,0.00540123692915964,False,True
1IZN,117,0.0443,0.0,False,True
1IZN,118,0.0056,0.0027312203735269003,False,True
1IZN,119,0.3485,0.00540123692915964,False,False
1IZN,120,0.2371,0.005486922274211465,False,True
1IZN,121,0.006,0.0,False,True
1IZN,122,0.3852,0.00540123692915964,False,False
1IZN,123,0.4192,0.005486922274211465,False,False
1IZN,124,0.0393,0.00163873222411614,False,True
1IZN,125,0.0208,0.0016509729876949724,False,True
1IZN,126,0.7457,0.00540123692915964,True,False
1IZN,127,0.6427,0.00540123692915964,True,False
1IZN,128,0.3919,0.0016509729876949724,True,False
1IZN,129,0.0958,0.00163873222411614,False,True
1IZN,130,0.8046,0.00163873222411614,True,False
1IZN,131,0.2934,0.0032897052118111125,True,False
1IZN,132,0.1651,0.0,False,True
1IZN,133,0.1811,0.00430874877974888,False,True
1IZN,134,0.0282,0.00163873222411614,False,True
1IZN,135,0.0265,0.0043944341248007045,False,True
1IZN,136,0.0,0.00163873222411614,False,True
1IZN,137,0.0316,0.0032897052118111125,False,True
1IZN,138,0.1471,0.0,False,True
1IZN,139,0.341,0.005315551584107816,False,False
1IZN,140,0.5357,0.00540123692915964,False,False
1IZN,141,0.3617,0.005486922274211465,False,False
1IZN,142,0.6921,0.005486922274211465,False,False
1IZN,143,0.6524,0.00163873222411614,False,False
1IZN,144,0.4007,0.005315551584107816,False,False
1IZN,145,0.3228,0.004382193361221872,False,False
1IZN,146,0.0476,0.0032897052118111125,False,True
1IZN,147,0.0184,0.0,False,True
1IZN,148,0.0552,0.0032897052118111125,False,True
1IZN,149,0.0468,0.0,False,True
1IZN,150,0.0,0.00163873222411614,False,True
1IZN,151,0.0,0.0016509729876949724,False,True
1IZN,152,0.0,0.004382193361221872,False,True
1IZN,153,0.0899,0.00163873222411614,False,True
1IZN,154,0.1364,0.00430874877974888,False,True
1IZN,155,0.412,0.00540123692915964,True,False
1IZN,156,0.3207,0.00430874877974888,False,False
1IZN,157,0.3277,0.005315551584107816,False,False
1IZN,158,0.4556,0.0016509729876949724,False,False
1IZN,159,0.7643,0.005486922274211465,False,False
1IZN,160,0.4164,0.005486922274211465,False,False
1IZN,161,0.317,0.004296508016170047,False,False
1IZN,162,0.288,0.004382193361221872,True,False
1IZN,163,0.0055,0.0,False,True
1IZN,164,0.1277,0.00163873222411614,False,True
1IZN,165,0.0774,0.00430874877974888,False,True
1IZN,166,0.1186,0.0016509729876949724,False,True
1IZN,167,0.1054,0.00327746444823228,False,True
1IZN,168,0.0,0.0032897052118111125,False,True
1IZN,169,0.1075,0.00540123692915964,False,True
1IZN,170,0.0169,0.0,False,True
1IZN,171,0.2828,0.005315551584107816,False,False
1IZN,172,0.0252,0.00163873222411614,False,True
1IZN,173,0.2698,0.00540123692915964,False,False
1IZN,174,0.115,0.0,False,True
1IZN,175,0.3072,0.005486922274211465,False,False
1IZN,176,0.6377,0.00540123692915964,False,False
1IZN,177,0.698,0.00540123692915964,False,False
1IZN,178,0.3274,0.00540123692915964,False,False
1IZN,179,0.0281,0.0,False,True
1IZN,180,0.3866,0.00540123692915964,False,False
1IZN,181,0.0123,0.0032897052118111125,False,True
1IZN,182,0.2621,0.005486922274211465,False,False
1IZN,183,0.0332,0.0,False,True
1IZN,184,0.145,0.003363149793284104,False,True
1IZN,185,0.0,0.0016509729876949724,False,True
1IZN,186,0.2965,0.004394434124800705,False,False
1IZN,187,0.1396,0.0,False,True
1IZN,188,0.1519,0.0033019459753899447,False,True
1IZN,189,0.3609,0.0,True,False
1IZN,190,0.0637,0.00163873222411614,False,True
1IZN,191,0.333,0.00430874877974888,True,False
1IZN,192,0.206,0.0032897052118111125,False,True
1IZN,193,0.3905,0.005486922274211465,True,False
1IZN,194,0.8394,0.00540123692915964,True,False
1IZN,195,0.4253,0.0,True,False
1IZN,196,0.5705,0.00163873222411614,True,False
1IZN,197,0.5197,0.0032897052118111125,True,False
1IZN,198,0.3763,0.00540123692915964,True,False
1IZN,199,0.2458,0.0016509729876949724,False,True
1IZN,200,0.6345,0.00540123692915964,True,False
1IZN,201,0.179,0.0032897052118111125,False,True
1IZN,202,0.5186,0.00430874877974888,True,False
1IZN,203,0.2842,0.005315551584107816,True,False
1IZN,204,0.5456,0.005486922274211465,False,False
1IZN,205,0.2426,0.00163873222411614,False,True
1IZN,206,0.7575,0.005315551584107816,False,False
1IZN,207,0.332,0.005315551584107816,False,False
1IZN,208,0.5034,0.005486922274211465,False,False
1IZN,209,0.0278,0.0,False,True
1IZN,210,0.5742,0.00540123692915964,False,False
1IZN,211,0.1643,0.002657775792053908,False,True
1IZN,212,0.4886,0.00540123692915964,False,False
1IZN,213,0.2534,0.00540123692915964,False,False
1IZN,214,0.2042,0.00540123692915964,False,True
1IZN,215,0.5644,0.00540123692915964,False,False
1IZN,216,0.496,0.005486922274211465,False,False
1IZN,217,0.0257,0.00163873222411614,False,True
1IZN,218,0.0187,0.00163873222411614,False,True
1IZN,219,0.5954,0.00540123692915964,False,False
1IZN,220,0.1804,0.00540123692915964,False,True
1IZN,221,0.0252,0.0,False,True
1IZN,222,0.1103,0.0016509729876949724,False,True
1IZN,223,0.3861,0.005486922274211465,False,False
1IZN,224,0.1028,0.00540123692915964,False,True
1IZN,225,0.0,0.0032897052118111125,False,True
1IZN,226,0.3033,0.005315551584107816,False,False
1IZN,227,0.4206,0.005486922274211465,False,False
1IZN,228,0.1487,0.005486922274211465,False,True
1IZN,229,0.0102,0.0032897052118111125,False,True
1IZN,230,0.3347,0.00540123692915964,True,False
1IZN,231,0.5205,0.005315551584107816,True,False
1IZN,232,0.0321,0.00163873222411614,False,True
1IZN,233,0.5216,0.004382193361221872,True,False
1IZN,234,0.4194,0.00540123692915964,True,False
1IZN,235,0.2891,0.0,True,False
1IZN,236,0.1716,0.0032897052118111125,False,True
1IZN,237,0.4638,0.0022829024074521764,True,False
1IZN,238,0.4705,0.005486922274211465,True,False
1IZN,239,0.3998,0.0032897052118111125,True,False
1IZN,240,0.4773,0.0032897052118111125,True,False
1IZN,241,0.4627,0.005486922274211465,False,False
1IZN,242,0.4014,0.00540123692915964,True,False
1IZN,243,0.5079,0.0032897052118111125,True,False
1IZN,244,0.4905,0.00540123692915964,True,False
1IZN,245,0.3424,0.00430874877974888,False,False
1IZN,246,0.4506,0.00540123692915964,True,False
1IZN,247,0.4078,0.0016509729876949724,True,False
1IZN,248,0.6079,0.0,True,False
1IZN,249,0.5586,0.00163873222411614,True,False
1IZN,250,0.607,0.00430874877974888,True,False
1IZN,251,0.6706,0.0,True,False
1IZN,252,0.6643,0.0016509729876949722,True,False
1IZN,253,0.4159,0.004296508016170047,True,False
1IZN,254,0.8035,0.005486922274211465,True,False
1IZN,255,0.4728,0.005486922274211465,True,False
1IZN,256,0.2347,0.00163873222411614,False,True
1IZN,257,0.5884,0.003204019866759288,True,False
1IZN,258,0.5271,0.002657775792053908,True,False
1IZN,259,0.5776,0.00163873222411614,False,False
1IZN,260,0.457,0.005315551584107816,False,False
1IZN,261,0.7473,0.004382193361221872,True,False
1IZN,262,0.3892,0.00163873222411614,True,False
1IZN,263,0.3902,0.0027434611371057326,False,False
1IZN,264,0.5644,0.0016509729876949724,True,False
1IZN,265,0.5619,0.00540123692915964,True,False
1IZN,266,0.3747,0.005315551584107816,True,False
1IZN,267,0.5106,0.00163873222411614,True,False
1IZN,268,0.706,0.0032897052118111125,True,False
1IZN,269,0.3771,0.00540123692915964,False,False
1IZN,270,0.5638,0.005486922274211465,True,False
1IZN,271,0.5445,0.00540123692915964,False,False
1IZN,272,0.8861,0.005486922274211465,False,False
1IZN,273,0.4525,0.00540123692915964,False,False
1IZN,274,0.9169,0.00540123692915964,False,False
1KJ1,0,0.4697,0.011507897253272661,True,False
1KJ1,1,0.311,0.011293566788670162,True,False
1KJ1,2,0.3244,0.005539618162033832,True,False
1KJ1,3,0.0,0.0,False,True
1KJ1,4,0.3516,0.01739374155043361,True,False
1KJ1,5,0.2481,0.0057539486266363305,False,True
1KJ1,6,0.6384,0.0,False,False
1KJ1,7,0.3077,0.011079236324067664,True,False
1KJ1,8,0.1402,0.005539618162033832,False,True
1KJ1,9,0.0053,0.0,False,True
1KJ1,10,0.5619,0.01739374155043361,False,False
1KJ1,11,0.2652,0.014327167210736309,False,False
1KJ1,12,0.4975,0.0,False,False
1KJ1,13,0.3766,0.014145810663764963,False,False
1KJ1,14,0.1593,0.01739374155043361,False,True
1KJ1,15,0.0,0.0,False,True
1KJ1,16,0.3916,0.01739374155043361,False,False
1KJ1,17,0.1041,0.008787549048702476,False,True
1KJ1,18,0.6991,0.011293566788670162,False,False
1KJ1,19,0.2995,0.014145810663764963,False,False
1KJ1,20,0.2058,0.011293566788670162,False,True
1KJ1,21,0.2339,0.017575098097404953,False,True
1KJ1,22,0.0252,0.0,False,True
1KJ1,23,0.0981,0.017212385003462262,False,True
1KJ1,24,0.0,0.0057539486266363305,False,True
1KJ1,25,0.1266,0.01739374155043361,False,True
1KJ1,26,0.4014,0.01739374155043361,False,False
1KJ1,27,0.1666,0.011079236324067664,False,True
1KJ1,28,0.0,0.0,False,True
1KJ1,29,0.1346,0.014327167210736309,False,True
1KJ1,30,0.006,0.0057539486266363305,False,True
1KJ1,31,0.0416,0.014327167210736309,False,True
1KJ1,32,0.0901,0.0057539486266363305,False,True
1KJ1,33,0.1896,0.011293566788670162,False,True
1KJ1,34,0.2798,0.01739374155043361,True,False
1KJ1,35,0.6179,0.011293566788670162,False,False
1KJ1,36,0.6719,0.017212385003462262,False,False
1KJ1,37,0.5059,0.01739374155043361,False,False
1KJ1,38,0.4815,0.01739374155043361,False,False
1KJ1,39,0.5703,0.011293566788670162,True,False
1KJ1,40,0.3539,0.005539618162033832,True,False
1KJ1,41,0.2201,0.0057539486266363305,False,True
1KJ1,42,0.0622,0.0057539486266363305,False,True
1KJ1,43,0.6949,0.011293566788670162,False,False
1KJ1,44,0.1185,0.0057539486266363305,False,True
1KJ1,45,0.3921,0.008787549048702476,False,False
1KJ1,46,0.4843,0.017575098097404953,False,False
1KJ1,47,0.783,0.01739374155043361,False,False
1KJ1,48,0.6837,0.0057539486266363305,False,False
1KJ1,49,0.2793,0.01739374155043361,False,False
1KJ1,50,0.4837,0.01739374155043361,False,False
1KJ1,51,0.2721,0.0057539486266363305,False,False
1KJ1,52,0.0064,0.008787549048702476,False,True
1KJ1,53,0.2788,0.014541497675338806,False,False
1KJ1,54,0.0166,0.0057539486266363305,False,True
1KJ1,55,0.1527,0.01739374155043361,False,True
1KJ1,56,0.0,0.0,False,True
1KJ1,57,0.1898,0.01436014112836746,False,True
1KJ1,58,0.3903,0.01739374155043361,False,False
1KJ1,59,0.2334,0.008606192501731131,False,True
1KJ1,60,0.0103,0.0057539486266363305,False,True
1KJ1,61,0.0729,0.008787549048702476,False,True
1KJ1,62,0.0352,0.0057539486266363305,False,True
1KJ1,63,0.0486,0.0057539486266363305,False,True
1KJ1,64,0.0,0.0057539486266363305,False,True
1KJ1,65,0.2044,0.01436014112836746,False,True
1KJ1,66,0.0639,0.008606192501731131,False,True
1KJ1,67,0.4636,0.014327167210736309,False,False
1KJ1,68,0.5913,0.01739374155043361,False,False
1KJ1,69,0.4475,0.0,False,False
1KJ1,70,0.535,0.01739374155043361,False,False
1KJ1,71,0.5335,0.017212385003462262,False,False
1KJ1,72,0.2614,0.014327167210736309,False,False
1KJ1,73,0.2182,0.0,False,True
1KJ1,74,0.129,0.0057539486266363305,False,True
1KJ1,75,0.3278,0.0,True,False
1KJ1,76,0.6422,0.011293566788670162,False,False
1KJ1,77,0.161,0.0,False,True
1KJ1,78,0.4363,0.014327167210736309,False,False
1KJ1,79,0.6597,0.0057539486266363305,True,False
1KJ1,80,0.2311,0.0,False,True
1KJ1,81,0.7609,0.01739374155043361,False,False
1KJ1,82,0.2233,0.0,False,True
1KJ1,83,0.4297,0.017212385003462262,True,False
1KJ1,84,0.0815,0.0,False,True
1KJ1,85,0.2082,0.0,False,True
1KJ1,86,0.018,0.0,False,True
1KJ1,87,0.1527,0.005539618162033832,False,True
1KJ1,88,0.0053,0.0,False,True
1KJ1,89,0.1414,0.01739374155043361,False,True
1KJ1,90,0.6155,0.017212385003462262,True,False
1KJ1,91,0.5627,0.005539618162033832,True,False
1KJ1,92,0.2474,0.0,False,True
1KJ1,93,0.4103,0.005539618162033832,True,False
1KJ1,94,0.2861,0.0,True,False
1KJ1,95,0.1596,0.017575098097404953,False,True
1KJ1,96,0.2714,0.0,True,False
1KJ1,97,0.4258,0.0,True,False
1KJ1,98,0.5495,0.0057539486266363305,True,False
1KJ1,99,0.3801,0.01739374155043361,True,False
1KJ1,100,0.4688,0.011293566788670162,True,False
1KJ1,101,0.8167,0.0,True,False
1KJ1,102,0.6587,0.0,True,False
1KJ1,103,0.5198,0.0057539486266363305,True,False
1KJ1,104,0.5419,0.0,True,False
1KJ1,105,0.4502,0.014327167210736309,True,False
1KJ1,106,0.5218,0.005539618162033832,True,False
1KJ1,107,0.7751,0.014327167210736309,True,False
1KJ1,108,1.0196,0.014541497675338806,True,False
1O9S,0,0.6437,0.006852542407231017,False,False
1O9S,1,0.255,0.0022520924953894172,False,False
1O9S,2,0.2654,0.006880408568591291,False,False
1O9S,3,0.262,0.006824676245870742,False,False
1O9S,4,0.3249,0.005664430618324789,False,False
1O9S,5,0.4653,0.0055985651460186865,False,False
1O9S,6,0.2161,0.004382587195752185,False,True
1O9S,7,0.8511,0.005570698984658413,False,False
1O9S,8,0.0696,0.004260989400725535,False,True
1O9S,9,0.2748,0.0,False,False
1O9S,10,0.0,0.0022520924953894172,False,True
1O9S,11,0.0138,0.0022520924953894172,False,True
1O9S,12,0.0481,0.0022520924953894172,False,True
1O9S,13,0.0123,0.0,False,True
1O9S,14,0.0581,0.0,False,True
1O9S,15,0.5245,0.006880408568591291,False,False
1O9S,16,0.2451,0.0,False,True
1O9S,17,0.3739,0.003412338122935371,False,False
1O9S,18,0.7744,0.006824676245870742,False,False
1O9S,19,0.5595,0.006852542407231017,False,False
1O9S,20,0.4708,0.0035339359179620213,False,False
1O9S,21,0.3641,0.006852542407231017,False,False
1O9S,22,0.048,0.0,False,True
1O9S,23,0.2378,0.0022520924953894172,False,True
1O9S,24,0.2195,0.0022520924953894172,False,True
1O9S,25,0.5103,0.006824676245870742,False,False
1O9S,26,0.6343,0.006824676245870742,False,False
1O9S,27,0.0061,0.005664430618324789,False,True
1O9S,28,0.0,0.0,False,True
1O9S,29,0.0,0.0022520924953894172,False,True
1O9S,30,0.0069,0.0,False,True
1O9S,31,0.0122,0.006852542407231017,False,True
1O9S,32,0.2014,0.0022520924953894172,False,True
1O9S,33,0.2459,0.004260989400725535,False,True
1O9S,34,0.5113,0.006852542407231017,False,False
1O9S,35,0.5326,0.006880408568591291,False,False
1O9S,36,0.067,0.0022520924953894172,False,True
1O9S,37,0.0,0.0,False,True
1O9S,38,0.006,0.004382587195752185,False,True
1O9S,39,0.1901,0.0056922967796850625,False,True
1O9S,40,0.0929,0.0,False,True
1O9S,41,0.2633,0.006880408568591291,False,False
1O9S,42,0.0,0.0,False,True
1O9S,43,0.3964,0.006824676245870742,False,False
1O9S,44,0.5525,0.006852542407231017,False,False
1O9S,45,0.2474,0.0022520924953894172,False,True
1O9S,46,0.3683,0.006880408568591291,False,False
1O9S,47,0.0096,0.0022520924953894172,False,True
1O9S,48,0.339,0.004382587195752185,False,False
1O9S,49,0.3371,0.006824676245870742,False,False
1O9S,50,0.0,0.0,False,True
1O9S,51,0.3647,0.006880408568591291,False,False
1O9S,52,0.2559,0.006852542407231017,False,False
1O9S,53,0.0166,0.0,False,True
1O9S,54,0.1161,0.0031944754068459562,False,True
1O9S,55,0.1134,0.0,False,True
1O9S,56,0.5267,0.006880408568591291,False,False
1O9S,57,0.3426,0.004382587195752185,False,False
1O9S,58,0.3771,0.006852542407231017,False,False
1O9S,59,0.5228,0.006824676245870742,False,False
1O9S,60,0.8163,0.006852542407231017,False,False
1O9S,61,0.3047,0.0022520924953894172,False,False
1O9S,62,0.4866,0.006852542407231017,False,False
1O9S,63,0.1972,0.0,False,True
1O9S,64,0.3148,0.006852542407231017,False,False
1O9S,65,0.1639,0.0,False,True
1O9S,66,0.3269,0.006824676245870742,False,False
1O9S,67,0.4966,0.005664430618324789,False,False
1O9S,68,0.2884,0.005664430618324789,False,False
1O9S,69,0.7636,0.005570698984658413,False,False
1O9S,70,0.6208,0.0,False,False
1O9S,71,0.7443,0.006824676245870742,False,False
1O9S,72,0.4022,0.006852542407231017,False,False
1O9S,73,0.3757,0.006852542407231017,False,False
1O9S,74,0.0759,0.004382587195752185,False,True
1O9S,75,0.2701,0.004382587195752185,False,False
1O9S,76,0.323,0.004382587195752185,False,False
1O9S,77,0.1013,0.004260989400725535,False,True
1O9S,78,0.4571,0.006852542407231017,False,False
1O9S,79,0.1037,0.0022520924953894172,False,True
1O9S,80,0.3697,0.004382587195752185,False,False
1O9S,81,0.8057,0.005664430618324789,False,False
1O9S,82,0.6727,0.006824676245870742,False,False
1O9S,83,0.2712,0.006852542407231017,False,False
1O9S,84,0.0234,0.0022520924953894172,False,True
1O9S,85,0.1054,0.0034402042842956457,False,True
1O9S,86,0.5284,0.006880408568591291,False,False
1O9S,87,0.3086,0.006852542407231017,False,False
1O9S,88,0.1454,0.0022520924953894172,False,True
1O9S,89,0.5221,0.0021304947003627675,False,False
1O9S,90,0.1857,0.005570698984658413,False,True
1O9S,91,0.3696,0.005664430618324789,False,False
1O9S,92,0.0168,0.002158360861723041,False,True
1O9S,93,0.1096,0.003318606489268995,False,True
1O9S,94,0.0163,0.004382587195752185,False,True
1O9S,95,0.0096,0.004260989400725535,False,True
1O9S,96,0.339,0.005570698984658413,False,False
1O9S,97,0.4243,0.006880408568591291,False,False
1O9S,98,0.1042,0.003412338122935371,False,True
1O9S,99,0.0308,0.0022520924953894172,False,True
1O9S,100,0.2402,0.004382587195752185,False,True
1O9S,101,0.281,0.0,False,False
1O9S,102,0.2434,0.005664430618324789,False,True
1O9S,103,0.6877,0.006852542407231017,False,False
1O9S,104,0.083,0.0,False,True
1O9S,105,0.6766,0.006880408568591291,False,False
1O9S,106,0.2547,0.003412338122935371,False,False
1O9S,107,0.637,0.006852542407231017,False,False
1O9S,108,0.8035,0.006852542407231017,False,False
1O9S,109,0.2899,0.0021304947003627675,False,False
1O9S,110,0.3876,0.0,False,False
1O9S,111,0.4042,0.006852542407231017,False,False
1O9S,112,0.0,0.0,False,True
1O9S,113,0.0,0.0,False,True
1O9S,114,0.0403,0.0022520924953894172,False,True
1O9S,115,0.0,0.0,False,True
1O9S,116,0.3808,0.0045041849907788345,False,False
1O9S,117,0.3123,0.004382587195752185,False,False
1O9S,118,0.53,0.006824676245870742,False,False
1O9S,119,0.128,0.0,False,True
1O9S,120,0.3225,0.006852542407231017,False,False
1O9S,121,0.5264,0.004382587195752185,False,False
1O9S,122,0.5692,0.004382587195752185,False,False
1O9S,123,0.1879,0.004382587195752185,False,True
1O9S,124,0.0126,0.004382587195752185,False,True
1O9S,125,0.0,0.0,False,True
1O9S,126,0.0,0.0,False,True
1O9S,127,0.0,0.004382587195752185,False,True
1O9S,128,0.0285,0.0022520924953894172,False,True
1O9S,129,0.0,0.005570698984658413,False,True
1O9S,130,0.0,0.0022520924953894172,False,True
1O9S,131,0.118,0.0021304947003627675,False,True
1O9S,132,0.2629,0.0056922967796850625,False,False
1O9S,133,0.1526,0.0022520924953894172,False,True
1O9S,134,0.3166,0.0,False,False
1O9S,135,0.1805,0.005664430618324789,False,True
1O9S,136,0.5474,0.006824676245870742,False,False
1O9S,137,0.3985,0.006824676245870742,False,False
1O9S,138,0.0964,0.0,False,True
1O9S,139,0.6484,0.00472204770686825,True,False
1O9S,140,0.5932,0.006852542407231017,False,False
1O9S,141,0.202,0.006852542407231017,False,True
1O9S,142,0.4998,0.0034402042842956457,True,False
1O9S,143,0.3268,0.006852542407231017,True,False
1O9S,144,0.7049,0.006852542407231017,False,False
1O9S,145,0.4806,0.006852542407231017,False,False
1O9S,146,0.023,0.006852542407231017,False,True
1O9S,147,0.4678,0.006880408568591291,False,False
1O9S,148,0.1567,0.0021304947003627675,False,True
1O9S,149,0.1386,0.0022520924953894172,False,True
1O9S,150,0.0841,0.0045041849907788345,False,True
1O9S,151,0.4191,0.006880408568591291,True,False
1O9S,152,0.0914,0.0,False,True
1O9S,153,0.3959,0.003412338122935371,False,False
1O9S,154,0.8228,0.006824676245870742,True,False
1O9S,155,0.5548,0.006824676245870742,False,False
1O9S,156,0.1418,0.005664430618324789,False,True
1O9S,157,0.0278,0.0,False,True
1O9S,158,0.0061,0.0022520924953894172,False,True
1O9S,159,0.0278,0.004382587195752185,False,True
1O9S,160,0.0246,0.0021304947003627675,False,True
1O9S,161,0.2734,0.0022520924953894172,False,False
1O9S,162,0.5454,0.006852542407231017,False,False
1O9S,163,0.3266,0.0022520924953894172,False,False
1O9S,164,0.2726,0.0021304947003627675,False,False
1O9S,165,0.1878,0.002130494700362767,False,True
1O9S,166,0.3872,0.005570698984658413,False,False
1O9S,167,0.3072,0.004382587195752185,False,False
1O9S,168,0.5576,0.006824676245870742,False,False
1O9S,169,0.5072,0.002130494700362767,False,False
1O9S,170,0.0,0.0022520924953894172,False,True
1O9S,171,0.1504,0.004382587195752185,False,True
1O9S,172,0.0,0.0022520924953894172,False,True
1O9S,173,0.0,0.0022520924953894172,False,True
1O9S,174,0.1142,0.002158360861723041,False,True
1O9S,175,0.0,0.0,False,True
1O9S,176,0.0575,0.004382587195752185,False,True
1O9S,177,0.1095,0.00447631882941856,False,True
1O9S,178,0.0,0.0,False,True
1O9S,179,0.1106,0.003318606489268995,False,True
1O9S,180,0.0392,0.0022520924953894172,False,True
1O9S,181,0.1279,0.0022520924953894172,False,True
1O9S,182,0.2164,0.004382587195752185,False,True
1O9S,183,0.4865,0.006852542407231017,False,False
1O9S,184,0.1248,0.0,False,True
1O9S,185,0.0056,0.0,False,True
1O9S,186,0.0128,0.0,False,True
1O9S,187,0.3862,0.006824676245870742,True,False
1O9S,188,0.1494,0.0021304947003627675,False,True
1O9S,189,0.286,0.004382587195752185,False,False
1O9S,190,0.4421,0.004382587195752185,False,False
1O9S,191,0.0235,0.0,False,True
1O9S,192,0.2977,0.005570698984658413,False,False
1O9S,193,0.0251,0.0022520924953894172,False,True
1O9S,194,0.097,0.001188111788906228,False,True
1O9S,195,0.0244,0.005570698984658413,False,True
1O9S,196,0.0145,0.0022520924953894172,False,True
1O9S,197,0.0348,0.0022520924953894172,False,True
1O9S,198,0.4253,0.006880408568591291,False,False
1O9S,199,0.0,0.0,False,True
1O9S,200,0.1539,0.002130494700362767,False,True
1O9S,201,0.0,0.0022520924953894172,False,True
1O9S,202,0.0,0.0,False,True
1O9S,203,0.0792,0.0056922967796850625,False,True
1O9S,204,0.0311,0.0,False,True
1O9S,205,0.4663,0.0021304947003627675,False,False
1O9S,206,0.3798,0.0045041849907788345,False,False
1O9S,207,0.4798,0.004382587195752185,False,False
1O9S,208,0.0262,0.0,False,True
1O9S,209,0.4871,0.006880408568591291,False,False
1O9S,210,0.3201,0.0021304947003627675,False,False
1O9S,211,0.4728,0.005570698984658413,False,False
1O9S,212,0.2627,0.004260989400725535,False,False
1O9S,213,0.0851,0.004260989400725535,False,True
1O9S,214,0.0,0.0,False,True
1O9S,215,0.0881,0.0,False,True
1O9S,216,0.0139,0.0,False,True
1O9S,217,0.3537,0.005542832823298138,True,False
1O9S,218,0.1763,0.004382587195752185,False,True
1O9S,219,0.5954,0.006852542407231017,True,False
1O9S,220,0.1524,0.0,False,True
1O9S,221,0.4243,0.006824676245870742,True,False
1O9S,222,0.3739,0.005570698984658413,False,False
1O9S,223,0.5587,0.006852542407231017,False,False
1O9S,224,0.1485,0.006852542407231017,False,True
1O9S,225,0.8191,0.006852542407231017,True,False
1O9S,226,0.3085,0.006852542407231017,False,False
1O9S,227,0.8249,0.004600449911841599,False,False
1O9S,228,0.5032,0.006852542407231017,False,False
1O9S,229,0.2555,0.0022520924953894172,False,False
1O9S,230,0.2286,0.0022520924953894172,False,True
1O9S,231,0.4665,0.006852542407231017,True,False
1O9S,232,0.0498,0.0021304947003627675,False,True
1O9S,233,0.1063,0.0,False,True
1O9S,234,0.5171,0.006852542407231017,False,False
1O9S,235,0.4649,0.005636564456964514,False,False
1O9S,236,0.0081,0.004382587195752185,False,True
1O9S,237,0.2771,0.005664430618324789,False,False
1O9S,238,0.4503,0.006824676245870742,False,False
1O9S,239,0.2518,0.006852542407231017,False,False
1O9S,240,0.1382,0.004382587195752185,False,True
1O9S,241,0.6038,0.006880408568591291,False,False
1O9S,242,0.469,0.006880408568591291,False,False
1O9S,243,0.2264,0.0021304947003627675,False,True
1O9S,244,0.2469,0.006852542407231017,False,True
1O9S,245,0.5851,0.006852542407231017,False,False
1O9S,246,0.6609,0.006852542407231017,False,False
1O9S,247,0.4515,0.0056922967796850625,False,False
1O9S,248,0.6832,0.0012818434225726043,False,False
1O9S,249,0.6404,0.006852542407231017,False,False
1P27,0,0.6703,0.008223556005924079,False,False
1P27,1,0.7892,0.010367136955335568,False,False
1P27,2,0.3394,0.010511898266204916,False,False
1P27,3,0.1047,0.003017716557353318,False,True
1P27,4,0.2066,0.010439517610770242,False,True
1P27,5,0.0,0.0,False,True
1P27,6,0.1407,0.010367136955335568,False,True
1P27,7,0.0127,0.005985323430174939,False,True
1P27,8,0.1565,0.010367136955335568,False,True
1P27,9,0.1241,0.010511898266204916,False,True
1P27,10,0.0322,0.008223556005924079,False,True
1P27,11,0.2165,0.010439517610770242,False,True
1P27,12,0.4384,0.010439517610770242,False,False
1P27,13,0.2023,0.005255949133102458,False,True
1P27,14,0.7637,0.010367136955335568,False,False
1P27,15,0.3517,0.010367136955335568,False,False
1P27,16,0.3186,0.0,True,False
1P27,17,0.4264,0.005255949133102458,True,False
1P27,18,0.2109,0.008223556005924079,False,True
1P27,19,0.1856,0.003017716557353318,False,True
1P27,20,0.0715,0.010367136955335568,False,True
1P27,21,0.2817,0.010511898266204916,True,False
1P27,22,0.005,0.005255949133102458,False,True
1P27,23,0.1274,0.010511898266204916,False,True
1P27,24,0.0045,0.003017716557353318,False,True
1P27,25,0.2964,0.010511898266204916,True,False
1P27,26,0.5136,0.008151175350489403,False,False
1P27,27,0.5044,0.005183568477667784,False,False
1P27,28,0.0337,0.0,False,True
1P27,29,0.1544,0.010439517610770242,False,True
1P27,30,0.024,0.0,False,True
1P27,31,0.267,0.010367136955335568,True,False
1P27,32,0.0383,0.0,False,True
1P27,33,0.0749,0.005935213745643242,False,True
1P27,34,0.187,0.010511898266204916,False,True
1P27,35,0.1052,0.008223556005924079,False,True
1P27,36,0.1842,0.010367136955335568,False,True
1P27,37,0.3153,0.010511898266204916,True,False
1P27,38,0.4741,0.010367136955335568,False,False
1P27,39,0.6416,0.010367136955335568,False,False
1P27,40,0.6844,0.010367136955335568,True,False
1P27,41,0.3603,0.005183568477667784,True,False
1P27,42,0.4974,0.010511898266204916,False,False
1P27,43,0.3517,0.010439517610770242,True,False
1P27,44,0.2084,0.005985323430174939,False,True
1P27,45,0.5305,0.010511898266204916,True,False
1P27,46,0.2791,0.010439517610770242,False,False
1P27,47,0.4463,0.008223556005924079,True,False
1P27,48,0.1123,0.003017716557353318,False,True
1P27,49,0.5523,0.0,False,False
1P27,50,0.1641,0.003017716557353318,False,True
1P27,51,0.5385,0.003017716557353318,False,False
1P27,52,0.5923,0.010439517610770242,False,False
1P27,53,0.505,0.005985323430174939,False,False
1P27,54,0.2283,0.0,False,True
1P27,55,0.1012,0.010439517610770242,False,True
1P27,56,0.497,0.010367136955335568,False,False
1P27,57,0.3421,0.003017716557353318,False,False
1P27,58,0.0,0.0,False,True
1P27,59,0.3264,0.010511898266204916,False,False
1P27,60,0.443,0.010439517610770242,False,False
1P27,61,0.188,0.002967606872821621,False,True
1P27,62,0.0,0.0,False,True
1P27,63,0.393,0.010439517610770242,False,False
1P27,64,0.4652,0.010367136955335568,False,False
1P27,65,0.1938,0.003017716557353318,False,True
1P27,66,0.3839,0.010439517610770242,False,False
1P27,67,0.0,0.003017716557353318,False,True
1P27,68,0.3217,0.008223556005924079,False,False
1P27,69,0.5774,0.010439517610770242,False,False
1P27,70,0.2307,0.010511898266204916,False,True
1P27,71,0.4655,0.008223556005924079,False,False
1P27,72,0.2015,0.005935213745643242,False,True
1P27,73,0.6153,0.010511898266204916,False,False
1P27,74,0.4933,0.010511898266204916,False,False
1P27,75,0.0301,0.003017716557353318,False,True
1P27,76,0.2946,0.005255949133102458,False,False
1P27,77,0.5317,0.010511898266204916,False,False
1P27,78,0.2908,0.003017716557353318,False,False
1P27,79,0.3909,0.005255949133102458,False,False
1P27,80,0.7726,0.010367136955335568,False,False
1P27,81,0.3678,0.010511898266204916,False,False
1P27,82,0.0335,0.0,False,True
1P27,83,0.3448,0.010511898266204916,True,False
1P27,84,0.0543,0.010439517610770242,False,True
1P27,85,0.176,0.010367136955335568,False,True
1P27,86,0.0108,0.002967606872821621,False,True
1P27,87,0.2187,0.010511898266204916,False,True
1P27,88,0.0,0.0,False,True
1P27,89,0.1041,0.010439517610770242,False,True
1P27,90,0.1873,0.010439517610770242,False,True
1P27,91,0.1553,0.003017716557353318,False,True
1P27,92,0.6771,0.010367136955335568,False,False
1P27,93,0.3865,0.010367136955335568,False,False
1P27,94,0.6062,0.010439517610770242,True,False
1P27,95,0.1526,0.010511898266204916,False,True
1P27,96,0.4776,0.010367136955335568,False,False
1P27,97,0.0196,0.0,False,True
1P27,98,0.2252,0.010367136955335568,False,True
1P27,99,0.0,0.0007794839816041781,False,True
1P27,100,0.045,0.010367136955335568,False,True
1P27,101,0.3236,0.008223556005924079,False,False
1P27,102,0.1838,0.003017716557353318,False,True
1P27,103,0.5948,0.010511898266204916,False,False
1P27,104,0.218,0.005255949133102458,False,True
1P27,105,0.2512,0.008151175350489403,False,False
1P27,106,0.633,0.010367136955335568,False,False
1P27,107,0.4019,0.005935213745643242,False,False
1P27,108,0.0,0.003017716557353318,False,True
1P27,109,0.3885,0.010439517610770242,False,False
1P27,110,0.654,0.010511898266204916,False,False
1P27,111,0.1687,0.003017716557353318,False,True
1P27,112,0.5792,0.010367136955335568,False,False
1P27,113,0.2579,0.005183568477667784,False,False
1P27,114,0.2582,0.005985323430174939,False,False
1P27,115,0.508,0.010367136955335568,False,False
1P27,116,0.0,0.003017716557353318,False,True
1P27,117,0.018,0.003017716557353318,False,True
1P27,118,0.2218,0.010439517610770242,False,True
1P27,119,0.2205,0.005985323430174939,False,True
1P27,120,0.0,0.003017716557353318,False,True
1P27,121,0.1488,0.003017716557353318,False,True
1P27,122,0.3865,0.003017716557353318,False,False
1P27,123,0.0289,0.0,False,True
1P27,124,0.027,0.010439517610770242,False,True
1P27,125,0.3456,0.010511898266204916,False,False
1P27,126,0.4505,0.010511898266204916,False,False
1P27,127,0.012,0.0,False,True
1P27,128,0.2541,0.010367136955335568,False,False
1P27,129,0.5181,0.008223556005924079,False,False
1P27,130,0.1917,0.0,False,True
1P27,131,0.0,0.0,False,True
1P27,132,0.2694,0.010367136955335568,False,False
1P27,133,0.4107,0.003017716557353318,False,False
1P27,134,0.2409,0.0,False,True
1P27,135,0.0184,0.00223823257574914,False,True
1P27,136,0.0993,0.003039987528256295,False,True
1P27,137,0.5913,0.008223556005924079,False,False
1P27,138,0.5637,0.008201285035021103,False,False
1P27,139,0.2671,0.0,False,False
1P27,140,0.6509,0.010439517610770242,False,False
1P27,141,0.2758,0.005255949133102458,False,False
1P27,142,0.8271,0.010367136955335568,False,False
1P27,143,0.3694,0.008223556005924079,False,False
1PXV,0,1.168,0.0111437376823671,False,False
1PXV,1,0.8097,0.00894805761676124,False,False
1PXV,2,0.671,0.011123897199846565,False,False
1PXV,3,0.735,0.0111437376823671,False,False
1PXV,4,0.5878,0.0111437376823671,False,False
1PXV,5,0.6425,0.005561948599923283,False,False
1PXV,6,0.6043,0.0069772363530547716,False,False
1PXV,7,0.5627,0.00894805761676124,False,False
1PXV,8,0.79,0.008967898099281772,False,False
1PXV,9,0.3706,0.00894805761676124,False,False
1PXV,10,0.5477,0.011163578164887635,False,False
1PXV,11,0.48,0.003591127336216816,False,False
1PXV,12,0.3876,0.011163578164887635,False,False
1PXV,13,0.2791,0.011163578164887635,False,False
1PXV,14,0.524,0.009172916418660634,False,False
1PXV,15,0.1168,0.00919275690118117,False,True
1PXV,16,0.3527,0.0111437376823671,False,False
1PXV,17,0.0553,0.0,False,True
1PXV,18,0.5219,0.011123897199846565,False,False
1PXV,19,0.3399,0.003591127336216816,False,False
1PXV,20,0.1497,0.0,False,True
1PXV,21,0.5096,0.011123897199846565,False,False
1PXV,22,0.255,0.0,False,False
1PXV,23,0.4142,0.0111437376823671,False,False
1PXV,24,0.2682,0.006772218033675912,False,False
1PXV,25,0.264,0.009172916418660634,True,False
1PXV,26,0.0583,0.003591127336216816,False,True
1PXV,27,0.573,0.0111437376823671,True,False
1PXV,28,0.6638,0.005561948599923283,True,False
1PXV,29,0.1465,0.005581789082443818,False,True
1PXV,30,0.3562,0.0,True,False
1PXV,31,0.0975,0.0,False,True
1PXV,32,0.0468,0.0,False,True
1PXV,33,0.045,0.0,False,True
1PXV,34,0.0,0.0,False,True
1PXV,35,0.0447,0.0,False,True
1PXV,36,0.0,0.0,False,True
1PXV,37,0.0,0.0,False,True
1PXV,38,0.0094,0.003591127336216816,False,True
1PXV,39,0.1012,0.003591127336216816,False,True
1PXV,40,0.0,0.0,False,True
1PXV,41,0.0,0.0,False,True
1PXV,42,0.0342,0.003591127336216816,False,True
1PXV,43,0.0,0.0,False,True
1PXV,44,0.1495,0.0,False,True
1PXV,45,0.3667,0.011163578164887635,False,False
1PXV,46,0.5409,0.0111437376823671,False,False
1PXV,47,0.2324,0.003591127336216816,False,True
1PXV,48,0.5373,0.011163578164887635,False,False
1PXV,49,0.5707,0.011123897199846565,False,False
1PXV,50,0.1427,0.0,False,True
1PXV,51,0.2163,0.00894805761676124,False,True
1PXV,52,0.0,0.0,False,True
1PXV,53,0.2768,0.011123897199846565,False,False
1PXV,54,0.3965,0.0111437376823671,False,False
1PXV,55,0.0123,0.0,False,True
1PXV,56,0.0,0.003386109016837956,False,True
1PXV,57,0.1981,0.011123897199846565,False,True
1PXV,58,0.4996,0.011163578164887635,False,False
1PXV,59,0.1634,0.003386109016837956,False,True
1PXV,60,0.1617,0.0,False,True
1PXV,61,0.5921,0.0,False,False
1PXV,62,0.7975,0.011163578164887635,False,False
1PXV,63,0.2452,0.003386109016837956,False,True
1PXV,64,0.3424,0.003591127336216816,False,False
1PXV,65,0.5014,0.011163578164887635,False,False
1PXV,66,0.6905,0.011163578164887635,True,False
1PXV,67,0.4811,0.011163578164887635,False,False
1PXV,68,0.006,0.0,False,True
1PXV,69,0.1975,0.005581789082443818,False,True
1PXV,70,0.6551,0.009153075936140098,True,False
1PXV,71,0.1214,0.0069772363530547716,False,True
1PXV,72,0.3886,0.0,True,False
1PXV,73,0.1879,0.0,False,True
1PXV,74,0.5535,0.008928217134240704,True,False
1PXV,75,0.3949,0.003591127336216816,True,False
1PXV,76,0.5863,0.011163578164887635,False,False
1PXV,77,0.1652,0.00894805761676124,False,True
1PXV,78,0.0381,0.0,False,True
1PXV,79,0.1778,0.003386109016837956,False,True
1PXV,80,0.4634,0.0111437376823671,False,False
1PXV,81,0.0765,0.0,False,True
1PXV,82,0.0,0.0,False,True
1PXV,83,0.428,0.011123897199846565,False,False
1PXV,84,0.4992,0.00894805761676124,False,False
1PXV,85,0.233,0.0033464280517968856,False,True
1PXV,86,0.5362,0.0,False,False
1PXV,87,0.2009,0.007182254672433632,False,True
1PXV,88,0.5404,0.011163578164887635,False,False
1PXV,89,0.0435,0.003591127336216816,False,True
1PXV,90,0.473,0.011123897199846565,False,False
1PXV,91,0.3884,0.003591127336216816,False,False
1PXV,92,0.2454,0.009172916418660634,False,True
1PXV,93,0.6775,0.011163578164887635,False,False
1PXV,94,0.209,0.0,False,True
1PXV,95,0.2819,0.0069772363530547716,False,False
1PXV,96,0.0,0.0,False,True
1PXV,97,0.369,0.003386109016837956,False,False
1PXV,98,0.1014,0.0,False,True
1PXV,99,0.5431,0.011163578164887635,False,False
1PXV,100,0.2519,0.011163578164887635,False,False
1PXV,101,0.0,0.0,False,True
1PXV,102,0.1104,0.007182254672433632,False,True
1PXV,103,0.5402,0.011123897199846565,False,False
1PXV,104,0.1502,0.0,False,True
1PXV,105,0.0436,0.0,False,True
1PXV,106,0.5219,0.011123897199846565,False,False
1PXV,107,0.5838,0.011163578164887635,False,False
1PXV,108,0.2017,0.0069772363530547716,False,True
1PXV,109,0.2406,0.0069772363530547716,False,True
1PXV,110,0.0,0.0,False,True
1PXV,111,0.0111,0.0,False,True
1PXV,112,0.0,0.0,False,True
1PXV,113,0.0,0.0,False,True
1PXV,114,0.036,0.003591127336216816,False,True
1PXV,115,0.0083,0.003591127336216816,False,True
1PXV,116,0.2908,0.0111437376823671,False,False
1PXV,117,0.1401,0.003591127336216816,False,True
1PXV,118,0.5761,0.0111437376823671,False,False
1PXV,119,0.2666,0.0069772363530547716,False,False
1PXV,120,0.6462,0.009172916418660634,True,False
1PXV,121,0.4035,0.005561948599923283,True,False
1PXV,122,0.792,0.0111437376823671,False,False
1PXV,123,0.7013,0.0111437376823671,True,False
1PXV,124,0.3257,0.003386109016837956,True,False
1PXV,125,0.5662,0.0069772363530547716,True,False
1PXV,126,0.4723,0.0,True,False
1PXV,127,0.4626,0.011163578164887635,True,False
1PXV,128,0.6456,0.007202095154954167,True,False
1PXV,129,0.1056,0.0,False,True
1PXV,130,0.0553,0.0,False,True
1PXV,131,0.0,0.003591127336216816,False,True
1PXV,132,0.0,0.0,False,True
1PXV,133,0.0339,0.0,False,True
1PXV,134,0.0208,0.0,False,True
1PXV,135,0.0,0.0,False,True
1PXV,136,0.0,0.0,False,True
1PXV,137,0.0,0.0069772363530547716,False,True
1PXV,138,0.2669,0.003386109016837956,False,False
1PXV,139,0.1103,0.003591127336216816,False,True
1PXV,140,0.3107,0.003591127336216816,False,False
1PXV,141,0.5519,0.0069772363530547716,False,False
1PXV,142,0.4125,0.011123897199846565,False,False
1PXV,143,0.432,0.011123897199846565,False,False
1PXV,144,0.077,0.009172916418660634,False,True
1PXV,145,0.012,0.0,False,True
1PXV,146,0.0858,0.003386109016837956,False,True
1PXV,147,0.025,0.0,False,True
1PXV,148,0.0127,0.0,False,True
1PXV,149,0.0,0.003386109016837956,False,True
1PXV,150,0.0,0.0,False,True
1PXV,151,0.2124,0.0,False,True
1PXV,152,0.1382,0.005581789082443818,False,True
1PXV,153,0.5428,0.0069772363530547716,False,False
1PXV,154,0.4903,0.0111437376823671,False,False
1PXV,155,0.4082,0.0069772363530547716,False,False
1PXV,156,0.1798,0.0111437376823671,False,True
1PXV,157,0.5082,0.009172916418660634,False,False
1PXV,158,0.0388,0.0069772363530547716,False,True
1PXV,159,0.3607,0.0111437376823671,False,False
1PXV,160,0.1912,0.0,False,True
1PXV,161,0.7263,0.011163578164887635,False,False
1PXV,162,0.2257,0.0,False,True
1PXV,163,0.2514,0.0111437376823671,False,False
1PXV,164,0.3105,0.0069772363530547716,False,False
1PXV,165,0.0,0.003591127336216816,False,True
1PXV,166,0.5416,0.0111437376823671,False,False
1PXV,167,0.0653,0.003591127336216816,False,True
1PXV,168,0.2393,0.0069772363530547716,False,True
1PXV,169,0.6202,0.00894805761676124,True,False
1PXV,170,0.6742,0.0111437376823671,True,False
1PXV,171,0.4834,0.011123897199846565,True,False
1PXV,172,0.3665,0.0111437376823671,False,False
1PXV,173,0.0749,0.0,False,True
1PXV,174,0.2565,0.009172916418660634,False,False
1PXV,175,0.023,0.0,False,True
1PXV,176,0.3253,0.0069772363530547716,True,False
1PXV,177,0.0,0.0,False,True
1PXV,178,0.0,0.0,False,True
1PXV,179,0.0108,0.0,False,True
1PXV,180,0.109,0.0,False,True
1PXV,181,0.1289,0.0,False,True
1PXV,182,0.0041,0.0,False,True
1QBK,0,0.5701,0.005309993051607606,False,False
1QBK,1,0.3817,0.005424483608110669,False,False
1QBK,2,0.4695,0.008614427389299475,False,False
1QBK,3,0.1203,0.0,False,True
1QBK,4,0.1173,0.008665750742214642,False,True
1QBK,5,0.0,0.0,False,True
1QBK,6,0.0208,0.0,False,True
1QBK,7,0.006,0.0,False,True
1QBK,8,0.0069,0.005309993051607606,False,True
1QBK,9,0.0116,0.0,False,True
1QBK,10,0.1181,0.0027122418040553343,False,True
1QBK,11,0.2591,0.006956288295117175,False,False
1QBK,12,0.3116,0.0,False,False
1QBK,13,0.0204,0.0,False,True
1QBK,14,0.0464,0.0,False,True
1QBK,15,0.038,0.005424483608110669,False,True
1QBK,16,0.2668,0.0,False,False
1QBK,17,0.1871,0.0027122418040553347,False,True
1QBK,18,0.0101,0.0,False,True
1QBK,19,0.0139,0.0,False,True
1QBK,20,0.3042,0.008665750742214642,False,False
1QBK,21,0.1557,0.0070707788516202385,False,True
1QBK,22,0.192,0.002597751247552271,False,True
1QBK,23,0.4063,0.005309993051607606,False,False
1QBK,24,0.2938,0.006956288295117175,False,False
1QBK,25,0.6071,0.007019455498705073,False,False
1QBK,26,0.4148,0.008717074095129807,False,False
1QBK,27,0.2853,0.005309993051607606,False,False
1QBK,28,0.3539,0.008717074095129807,False,False
1QBK,29,0.7386,0.008665750742214642,False,False
1QBK,30,0.4274,0.0,False,False
1QBK,31,0.449,0.008717074095129807,False,False
1QBK,32,0.6345,0.008717074095129807,False,False
1QBK,33,0.2683,0.007019455498705073,False,False
1QBK,34,0.1794,0.0,False,True
1QBK,35,0.5084,0.008665750742214642,True,False
1QBK,36,0.4908,0.007019455498705073,True,False
1QBK,37,0.1193,0.005309993051607606,False,True
1QBK,38,0.3275,0.008717074095129807,True,False
1QBK,39,0.3515,0.005309993051607606,True,False
1QBK,40,0.2291,0.008717074095129807,False,True
1QBK,41,0.4995,0.006956288295117175,True,False
1QBK,42,0.0414,0.0,False,True
1QBK,43,0.3805,0.005258669698692439,False,False
1QBK,44,0.0755,0.0,False,True
1QBK,45,0.5319,0.008614427389299475,False,False
1QBK,46,0.0872,0.0,False,True
1QBK,47,0.4038,0.0,False,False
1QBK,48,0.4936,0.008665750742214642,False,False
1QBK,49,0.2406,0.0,False,True
1QBK,50,0.3071,0.008717074095129807,False,False
1QBK,51,0.0123,0.0,False,True
1QBK,52,0.2333,0.008717074095129807,False,True
1QBK,53,0.0146,0.0,False,True
1QBK,54,0.2087,0.008665750742214642,False,True
1QBK,55,0.0069,0.0,False,True
1QBK,56,0.1513,0.005309993051607606,False,True
1QBK,57,0.0111,0.005195502495104542,False,True
1QBK,58,0.0514,0.005309993051607606,False,True
1QBK,59,0.1101,0.005309993051607606,False,True
1QBK,60,0.1863,0.0027122418040553347,False,True
1QBK,61,0.365,0.004358537047564903,False,False
1QBK,62,0.6565,0.008614427389299475,False,False
1QBK,63,0.4254,0.008717074095129807,True,False
1QBK,64,0.2286,0.006956288295117175,False,True
1QBK,65,0.3956,0.008665750742214642,True,False
1QBK,66,0.6182,0.008665750742214642,True,False
1QBK,67,0.3741,0.008665750742214642,True,False
1QBK,68,0.5386,0.008665750742214642,True,False
1QBK,69,0.1389,0.006956288295117175,False,True
1QBK,70,0.4569,0.007019455498705073,True,False
1QBK,71,0.0689,0.005309993051607606,False,True
1QBK,72,0.0204,0.005309993051607606,False,True
1QBK,73,0.3739,0.006956288295117175,True,False
1QBK,74,0.5192,0.008665750742214642,True,False
1QBK,75,0.0914,0.0,False,True
1QBK,76,0.3035,0.005195502495104542,False,False
1QBK,77,0.0,0.0027122418040553347,False,True
1QBK,78,0.0,0.0,False,True
1QBK,79,0.0061,0.0,False,True
1QBK,80,0.0061,0.0027122418040553347,False,True
1QBK,81,0.0,0.0,False,True
1QBK,82,0.0,0.0027122418040553347,False,True
1QBK,83,0.0333,0.005195502495104542,False,True
1QBK,84,0.0069,0.0027122418040553347,False,True
1QBK,85,0.2079,0.005309993051607606,False,True
1QBK,86,0.1945,0.008614427389299475,False,True
1QBK,87,0.4692,0.008614427389299475,False,False
1QBK,88,0.4006,0.006904964942202008,False,False
1QBK,89,0.0351,0.004358537047564903,False,True
1QBK,90,0.1326,0.0,False,True
1QBK,91,0.5688,0.008717074095129807,False,False
1QBK,92,0.2949,0.008717074095129807,False,False
1QBK,93,0.0139,0.0,False,True
1QBK,94,0.3139,0.008665750742214642,False,False
1QBK,95,0.4579,0.008717074095129807,False,False
1QBK,96,0.1568,0.006956288295117175,False,True
1QBK,97,0.113,0.00164629524350957,False,True
1QBK,98,0.4252,0.008614427389299475,True,False
1QBK,99,0.1666,0.008614427389299475,False,True
1QBK,100,0.006,0.002597751247552271,False,True
1QBK,101,0.3231,0.008717074095129807,False,False
1QBK,102,0.5805,0.008665750742214642,True,False
1QBK,103,0.2312,0.008665750742214642,False,True
1QBK,104,0.0647,0.0,False,True
1QBK,105,0.6653,0.008665750742214642,True,False
1QBK,106,0.6895,0.008665750742214642,False,False
1QBK,107,0.1384,0.0,False,True
1QBK,108,0.1367,0.0,False,True
1QBK,109,0.0589,0.0027122418040553347,False,True
1QBK,110,0.0,0.0,False,True
1QBK,111,0.0,0.0027122418040553347,False,True
1QBK,112,0.0,0.0027122418040553347,False,True
1QBK,113,0.0,0.0,False,True
1QBK,114,0.0168,0.0,False,True
1QBK,115,0.2618,0.005424483608110669,False,False
1QBK,116,0.2172,0.005309993051607606,False,True
1QBK,117,0.334,0.005195502495104542,True,False
1QBK,118,0.3521,0.008665750742214642,True,False
1QBK,119,0.8245,0.008665750742214642,True,False
1QBK,120,0.5028,0.008614427389299475,False,False
1QBK,121,0.2885,0.007019455498705073,True,False
1QBK,122,0.3729,0.008717074095129807,False,False
1QBK,123,0.0139,0.0027122418040553347,False,True
1QBK,124,0.4526,0.008717074095129807,True,False
1QBK,125,0.3111,0.005309993051607606,True,False
1QBK,126,0.6809,0.008665750742214642,True,False
1QBK,127,0.4384,0.008614427389299475,False,False
1QBK,128,0.0721,0.002597751247552271,False,True
1QBK,129,0.4574,0.008665750742214642,False,False
1QBK,130,0.1042,0.004244046491061841,False,True
1QBK,131,0.1836,0.005309993051607606,False,True
1QBK,132,0.6795,0.008614427389299475,True,False
1QBK,133,0.4906,0.008614427389299475,True,False
1QBK,134,0.4689,0.008614427389299475,False,False
1QBK,135,0.6273,0.008665750742214642,True,False
1QBK,136,0.1427,0.004358537047564903,False,True
1QBK,137,0.2276,0.008665750742214642,False,True
1QBK,138,0.1623,0.005309993051607606,False,True
1QBK,139,0.1809,0.0027122418040553347,False,True
1QBK,140,0.2053,0.005309993051607606,False,True
1QBK,141,0.0,0.0,False,True
1QBK,142,0.0,0.0,False,True
1QBK,143,0.0272,0.0027122418040553347,False,True
1QBK,144,0.3818,0.005424483608110669,False,False
1QBK,145,0.4739,0.0027122418040553347,True,False
1QBK,146,0.2673,0.0,True,False
1QBK,147,0.4303,0.0,True,False
1QBK,148,0.1744,0.007019455498705073,False,True
1QBK,149,0.1555,0.004307213694649738,False,True
1QBK,150,0.3084,0.007019455498705073,True,False
1QBK,151,0.312,0.008717074095129807,True,False
1QBK,152,0.0,0.0,False,True
1QBK,153,0.0101,0.0,False,True
1QBK,154,0.1382,0.008614427389299475,False,True
1QBK,155,0.2059,0.008614427389299475,False,True
1QBK,156,0.0,0.0,False,True
1QBK,157,0.0187,0.0,False,True
1QBK,158,0.2723,0.005424483608110669,True,False
1QBK,159,0.4439,0.008717074095129807,False,False
1QBK,160,0.2488,0.0027122418040553347,False,True
1QBK,161,0.2988,0.006956288295117175,False,False
1QBK,162,0.5696,0.008665750742214642,False,False
1QBK,163,0.1076,0.004307213694649738,False,True
1QBK,164,0.6464,0.006956288295117175,True,False
1QBK,165,0.5686,0.008665750742214642,True,False
1QBK,166,0.0,0.0,False,True
1QBK,167,0.4368,0.008614427389299475,True,False
1QBK,168,0.1537,0.0027122418040553347,False,True
1QBK,169,0.2744,0.005309993051607606,False,False
1QBK,170,0.7216,0.008665750742214642,False,False
1QBK,171,0.563,0.008614427389299475,False,False
1QBK,172,0.6691,0.007019455498705073,False,False
1QBK,173,0.7135,0.008665750742214642,False,False
1QBK,174,0.7649,0.008665750742214642,False,False
1QBK,175,0.4633,0.006956288295117175,False,False
1QBK,176,0.4253,0.008665750742214642,False,False
1QBK,177,0.7263,0.005309993051607606,False,False
1QBK,178,0.6497,0.008665750742214642,False,False
1QBK,179,0.4864,0.008665750742214642,False,False
1QBK,180,0.5303,0.008717074095129807,False,False
1QBK,181,0.7126,0.006956288295117175,False,False
1QBK,182,0.4215,0.005309993051607606,False,False
1QBK,183,0.7364,0.008665750742214642,False,False
1QBK,184,0.5137,0.008665750742214642,False,False
1QBK,185,0.5041,0.008614427389299475,False,False
1QBK,186,0.2484,0.008614427389299475,False,True
1QBK,187,0.5228,0.008665750742214642,False,False
1QBK,188,0.5219,0.008665750742214642,False,False
1QBK,189,0.773,0.008614427389299475,False,False
1R5I,0,0.8648,0.007078496804032081,False,False
1R5I,1,0.0538,0.002280553293629885,False,True
1R5I,2,0.6983,0.007078496804032081,False,False
1R5I,3,0.1912,0.0021235490412096244,False,True
1R5I,4,0.271,0.0044041023348395094,False,False
1R5I,5,0.2013,0.0044041023348395094,False,True
1R5I,6,0.589,0.0058357682297903585,False,False
1R5I,7,0.6869,0.007078496804032081,False,False
1R5I,8,0.2107,0.0,False,True
1R5I,9,0.6396,0.007046563735743213,True,False
1R5I,10,0.6964,0.0058357682297903585,False,False
1R5I,11,0.0509,0.002280553293629885,False,True
1R5I,12,0.592,0.007046563735743213,True,False
1R5I,13,0.3989,0.0056468309090812316,False,False
1R5I,14,0.447,0.0044041023348395094,True,False
1R5I,15,0.5444,0.002280553293629885,False,False
1R5I,16,0.111,0.0035232818678716067,False,True
1R5I,17,0.3122,0.007078496804032081,False,False
1R5I,18,0.5623,0.007078496804032081,False,False
1R5I,19,0.3925,0.002280553293629885,True,False
1R5I,20,0.6641,0.007078496804032081,False,False
1R5I,21,0.6959,0.005678763977370097,False,False
1R5I,22,0.1057,0.0056468309090812316,False,True
1R5I,23,0.3176,0.007110429872320947,False,False
1R5I,24,0.1325,0.002280553293629885,False,True
1R5I,25,0.443,0.002280553293629885,False,False
1R5I,26,0.628,0.007110429872320947,False,False
1R5I,27,0.6469,0.007110429872320947,False,False
1R5I,28,0.399,0.007110429872320947,False,False
1R5I,29,0.0601,0.0044041023348395094,False,True
1R5I,30,0.3714,0.007110429872320947,False,False
1R5I,31,0.3965,0.007110429872320947,False,False
1R5I,32,0.0729,0.002280553293629885,False,True
1R5I,33,0.0704,0.0,False,True
1R5I,34,0.5222,0.007046563735743213,False,False
1R5I,35,0.3591,0.0058357682297903585,False,False
1R5I,36,0.1253,0.0,False,True
1R5I,37,0.5708,0.0058357682297903585,False,False
1R5I,38,0.4564,0.007046563735743213,False,False
1R5I,39,0.6072,0.007110429872320947,False,False
1R5I,40,0.5318,0.007110429872320947,False,False
1R5I,41,0.007,0.002280553293629885,False,True
1R5I,42,0.6031,0.007046563735743213,False,False
1R5I,43,0.6288,0.007110429872320947,False,False
1R5I,44,0.0555,0.002280553293629885,False,True
1R5I,45,0.1081,0.007046563735743213,False,True
1R5I,46,0.6125,0.007046563735743213,False,False
1R5I,47,0.514,0.007046563735743213,False,False
1R5I,48,0.005,0.002280553293629885,False,True
1R5I,49,0.2938,0.007046563735743213,False,False
1R5I,50,0.5874,0.007110429872320947,False,False
1R5I,51,0.1075,0.007046563735743213,False,True
1R5I,52,0.0139,0.0,False,True
1R5I,53,0.3935,0.007110429872320947,False,False
1R5I,54,0.2916,0.007110429872320947,False,False
1R5I,55,0.0101,0.0,False,True
1R5I,56,0.1561,0.007046563735743213,False,True
1R5I,57,0.5743,0.007046563735743213,False,False
1R5I,58,0.1766,0.0044041023348395094,False,True
1R5I,59,0.0,0.0044041023348395094,False,True
1R5I,60,0.4254,0.007046563735743213,False,False
1R5I,61,0.2193,0.0044041023348395094,False,True
1R5I,62,0.0,0.002280553293629885,False,True
1R5I,63,0.1998,0.007110429872320947,False,True
1R5I,64,0.3347,0.007110429872320947,False,False
1R5I,65,0.0333,0.005678763977370097,False,True
1R5I,66,0.0285,0.0044041023348395094,False,True
1R5I,67,0.2961,0.0044041023348395094,False,False
1R5I,68,0.1984,0.002280553293629885,False,True
1R5I,69,0.006,0.0,False,True
1R5I,70,0.6318,0.007078496804032081,False,False
1R5I,71,0.1448,0.007078496804032081,False,True
1R5I,72,0.1697,0.0,False,True
1R5I,73,0.3817,0.007046563735743213,False,False
1R5I,74,0.0409,0.004247098082419249,False,True
1R5I,75,0.0245,0.002280553293629885,False,True
1R5I,76,0.1157,0.0044041023348395094,False,True
1R5I,77,0.033,0.0044041023348395094,False,True
1R5I,78,0.1678,0.007078496804032081,False,True
1R5I,79,0.0216,0.002280553293629885,False,True
1R5I,80,0.0095,0.0,False,True
1R5I,81,0.3144,0.002280553293629885,True,False
1R5I,82,0.2856,0.0058357682297903585,True,False
1R5I,83,0.006,0.0,False,True
1R5I,84,0.2455,0.007046563735743213,False,True
1R5I,85,0.5197,0.007078496804032081,True,False
1R5I,86,0.0902,0.002280553293629885,False,True
1R5I,87,0.005,0.0044041023348395094,False,True
1R5I,88,0.3804,0.007110429872320947,True,False
1R5I,89,0.3023,0.0021235490412096244,True,False
1R5I,90,0.0048,0.0,False,True
1R5I,91,0.4216,0.007046563735743213,True,False
1R5I,92,0.654,0.007046563735743213,True,False
1R5I,93,0.3244,0.0044041023348395094,False,False
1R5I,94,0.0712,0.0,False,True
1R5I,95,0.2058,0.0035232818678716067,False,True
1R5I,96,0.2524,0.0056468309090812316,False,False
1R5I,97,0.2423,0.003366277615451347,False,True
1R5I,98,0.5468,0.007110429872320947,False,False
1R5I,99,0.2155,0.0044041023348395094,False,True
1R5I,100,0.0123,0.002280553293629885,False,True
1R5I,101,0.5412,0.007110429872320947,False,False
1R5I,102,0.5359,0.007046563735743213,True,False
1R5I,103,0.0168,0.0056468309090812316,False,True
1R5I,104,0.141,0.002280553293629885,False,True
1R5I,105,0.3526,0.007110429872320947,False,False
1R5I,106,0.3249,0.0044041023348395094,True,False
1R5I,107,0.006,0.0044041023348395094,False,True
1R5I,108,0.3374,0.007110429872320947,False,False
1R5I,109,0.5444,0.007046563735743213,True,False
1R5I,110,0.0667,0.0,False,True
1R5I,111,0.0216,0.0058357682297903585,False,True
1R5I,112,0.4266,0.007110429872320947,False,False
1R5I,113,0.3227,0.004183231945841516,True,False
1R5I,114,0.0374,0.002280553293629885,False,True
1R5I,115,0.1346,0.007110429872320947,False,True
1R5I,116,0.0881,0.0035232818678716067,False,True
1R5I,117,0.1402,0.007110429872320947,False,True
1R5I,118,0.012,0.0021235490412096244,False,True
1R5I,119,0.0,0.0,False,True
1R5I,120,0.1254,0.0,False,True
1R5I,121,0.0755,0.0,False,True
1R5I,122,0.0307,0.0,False,True
1R5I,123,0.2897,0.0058357682297903585,False,False
1R5I,124,0.5323,0.0058357682297903585,False,False
1R5I,125,0.2317,0.005678763977370097,False,True
1R5I,126,0.5022,0.0044041023348395094,False,False
1R5I,127,0.4101,0.007110429872320947,False,False
1R5I,128,0.0297,0.0044041023348395094,False,True
1R5I,129,0.1223,0.0044041023348395094,False,True
1R5I,130,0.4633,0.007046563735743213,False,False
1R5I,131,0.1262,0.007078496804032081,False,True
1R5I,132,0.0381,0.0021235490412096244,False,True
1R5I,133,0.2736,0.0058357682297903585,False,False
1R5I,134,0.2435,0.007110429872320947,False,True
1R5I,135,0.0,0.002280553293629885,False,True
1R5I,136,0.0833,0.002280553293629885,False,True
1R5I,137,0.5054,0.007110429872320947,False,False
1R5I,138,0.0661,0.0044041023348395094,False,True
1R5I,139,0.007,0.002280553293629885,False,True
1R5I,140,0.2587,0.005803835161501492,False,False
1R5I,141,0.2838,0.007110429872320947,False,False
1R5I,142,0.0,0.0,False,True
1R5I,143,0.2022,0.0044041023348395094,False,True
1R5I,144,0.6416,0.007078496804032081,False,False
1R5I,145,0.4473,0.007110429872320947,False,False
1R5I,146,0.012,0.0,False,True
1R5I,147,0.7298,0.0056468309090812316,False,False
1R5I,148,0.767,0.007078496804032081,False,False
1R5I,149,0.3971,0.007110429872320947,False,False
1R5I,150,0.6947,0.007110429872320947,False,False
1R5I,151,0.0553,0.0,False,True
1R5I,152,0.2813,0.005678763977370097,False,False
1R5I,153,0.1196,0.0,False,True
1R5I,154,0.7885,0.0044041023348395094,False,False
1R5I,155,0.5813,0.007110429872320947,False,False
1R5I,156,0.2812,0.0056468309090812316,False,False
1R5I,157,0.5107,0.007046563735743213,False,False
1R5I,158,0.2152,0.0058357682297903585,False,True
1R5I,159,0.0178,0.002280553293629885,False,True
1R5I,160,0.2881,0.0058357682297903585,False,False
1R5I,161,0.4068,0.007110429872320947,False,False
1R5I,162,0.1378,0.0,False,True
1R5I,163,0.0069,0.002280553293629885,False,True
1R5I,164,0.382,0.007110429872320947,False,False
1R5I,165,0.5163,0.007046563735743213,False,False
1R5I,166,0.3061,0.007078496804032081,False,False
1R5I,167,0.0704,0.002280553293629885,False,True
1R5I,168,0.3169,0.0,False,False
1R5I,169,0.5879,0.007078496804032081,False,False
1R5I,170,0.1681,0.007078496804032081,False,True
1R5I,171,0.6233,0.0056468309090812316,False,False
1R5I,172,0.1227,0.005614897840792365,False,True
1R5I,173,0.0,0.002280553293629885,False,True
1R5I,174,0.564,0.007078496804032081,False,False
1R5I,175,0.6693,0.007078496804032081,False,False
1R5I,176,0.2163,0.005678763977370097,False,True
1R5I,177,0.5951,0.007078496804032081,False,False
1R5I,178,0.1514,0.005678763977370097,False,True
1R5I,179,0.0,0.0,False,True
1R5I,180,0.1573,0.00456110658725977,False,True
1R5I,181,0.2319,0.007078496804032081,False,True
1R5I,182,0.024,0.005803835161501492,False,True
1R5I,183,0.0,0.002280553293629885,False,True
1R5I,184,0.1457,0.0044041023348395094,False,True
1R5I,185,0.2337,0.007046563735743213,False,True
1R5I,186,0.0,0.002280553293629885,False,True
1R5I,187,0.0,0.0,False,True
1R5I,188,0.2979,0.0058357682297903585,False,False
1R5I,189,0.0661,0.002280553293629885,False,True
1R5I,190,0.0,0.002280553293629885,False,True
1R5I,191,0.226,0.007110429872320947,False,True
1R5I,192,0.3625,0.007046563735743213,False,False
1R5I,193,0.4052,0.0044041023348395094,False,False
1R5I,194,0.2814,0.00456110658725977,False,False
1R5I,195,0.6225,0.007046563735743213,False,False
1R5I,196,0.4911,0.0,False,False
1R5I,197,0.2416,0.007110429872320947,False,True
1R5I,198,0.7424,0.0058357682297903585,False,False
1R5I,199,0.5013,0.004247098082419249,False,False
1R5I,200,0.018,0.002280553293629885,False,True
1R5I,201,0.4371,0.0044041023348395094,False,False
1R5I,202,0.7195,0.007078496804032081,False,False
1R5I,203,0.3935,0.007078496804032081,False,False
1R5I,204,0.0926,0.0,False,True
1R5I,205,0.2439,0.0044041023348395094,False,True
1R5I,206,0.0,0.0044041023348395094,False,True
1R5I,207,0.0,0.0,False,True
1R5I,208,0.4042,0.007046563735743213,False,False
1R5I,209,0.2641,0.0058357682297903585,False,False
1R5I,210,0.0,0.0,False,True
1R5I,211,0.1011,0.0,False,True
1R5I,212,0.4176,0.0058357682297903585,False,False
1R5I,213,0.8757,0.007110429872320947,False,False
1SG1,0,0.9266,0.009889318549500847,False,False
1SG1,1,0.7724,0.009889318549500847,False,False
1SG1,2,0.1459,0.0,False,True
1SG1,3,0.7282,0.009889318549500847,False,False
1SG1,4,0.2181,0.0,False,True
1SG1,5,0.4988,0.009889318549500847,False,False
1SG1,6,0.3244,0.007181470228465455,False,False
1SG1,7,0.4876,0.007674703073827093,False,False
1SG1,8,0.0709,0.004966854752791697,False,True
1SG1,9,0.653,0.009889318549500847,False,False
1SG1,10,0.5295,0.009889318549500847,False,False
1SG1,11,0.5498,0.002707848321035394,False,False
1SG1,12,0.336,0.009889318549500847,False,False
1SG1,13,0.2712,0.0,False,False
1SG1,14,0.0064,0.0,False,True
1SG1,15,0.5499,0.009889318549500847,False,False
1SG1,16,0.401,0.009889318549500847,False,False
1SG1,17,0.0,0.0,False,True
1SG1,18,0.3719,0.007674703073827093,True,False
1SG1,19,0.5306,0.009889318549500847,True,False
1SG1,20,0.0993,0.0,False,True
1SG1,21,0.1935,0.007674703073827093,False,True
1SG1,22,0.0232,0.0,False,True
1SG1,23,0.1286,0.0,False,True
1SG1,24,0.4156,0.0098449275934183,False,False
1SG1,25,0.5066,0.009889318549500847,False,False
1SG1,26,0.6286,0.009889318549500847,False,False
1SG1,27,0.1652,0.0,False,True
1SG1,28,0.2079,0.007674703073827093,False,True
1SG1,29,0.5436,0.009889318549500847,False,False
1SG1,30,0.5672,0.009889318549500847,False,False
1SG1,31,0.3089,0.009889318549500847,False,False
1SG1,32,0.1646,0.0,False,True
1SG1,33,0.3331,0.009933709505583393,False,False
1SG1,34,0.2719,0.0,False,False
1SG1,35,0.4753,0.009889318549500847,False,False
1SG1,36,0.4977,0.009889318549500847,False,False
1SG1,37,0.0385,0.0,False,True
1SG1,38,0.5167,0.009889318549500847,False,False
1SG1,39,0.4865,0.0026486603795919978,True,False
1SG1,40,0.5334,0.0,False,False
1SG1,41,0.4109,0.009889318549500847,False,False
1SG1,42,0.1591,0.002214615475673756,False,True
1SG1,43,0.0548,0.0,False,True
1SG1,44,0.0234,0.007615515132383694,False,True
1SG1,45,0.4525,0.007615515132383694,False,False
1SG1,46,0.3331,0.009889318549500847,False,False
1SG1,47,0.5667,0.009933709505583393,True,False
1SG1,48,0.0796,0.002707848321035394,False,True
1SG1,49,0.0765,0.00492246379670915,False,True
1SG1,50,0.4761,0.009889318549500847,False,False
1SG1,51,0.3257,0.009889318549500847,False,False
1SG1,52,0.3544,0.009889318549500847,False,False
1SG1,53,0.2152,0.0,False,True
1SG1,54,0.4398,0.009889318549500847,False,False
1SG1,55,0.5763,0.009889318549500847,False,False
1SG1,56,0.114,0.0,False,True
1SG1,57,0.3609,0.007615515132383694,False,False
1SG1,58,0.6211,0.009889318549500847,False,False
1SG1,59,0.2865,0.0,False,False
1SG1,60,0.5702,0.009889318549500847,False,False
1SG1,61,0.797,0.002707848321035394,False,False
1SG1,62,0.3156,0.0098449275934183,False,False
1SG1,63,0.2323,0.009889318549500847,False,True
1SG1,64,0.2682,0.005400899656709939,False,False
1SG1,65,0.5019,0.004981651738152547,False,False
1SG1,66,0.2878,0.009889318549500847,True,False
1SG1,67,0.206,0.0098449275934183,False,True
1SG1,68,0.5467,0.002214615475673756,True,False
1SG1,69,0.0531,0.0,False,True
1SG1,70,0.3817,0.0026930513356745456,True,False
1SG1,71,0.358,0.0098449275934183,True,False
1SG1,72,0.2922,0.0,True,False
1SG1,73,0.4463,0.009889318549500847,True,False
1SG1,74,0.2305,0.007615515132383694,False,True
1SG1,75,0.0841,0.0,False,True
1SG1,76,0.4303,0.0098449275934183,True,False
1SG1,77,0.2204,0.0026930513356745456,False,True
1SG1,78,0.4099,0.009933709505583393,False,False
1SG1,79,0.0707,0.0,False,True
1SG1,80,0.2226,0.005400899656709939,False,True
1SG1,81,0.6331,0.009889318549500847,False,False
1SG1,82,0.2888,0.009889318549500847,False,False
1SG1,83,0.2864,0.0026930513356745456,False,False
1SG1,84,0.1432,0.0,False,True
1SG1,85,0.3005,0.0098449275934183,False,False
1SG1,86,0.2235,0.009933709505583393,False,True
1SG1,87,0.6247,0.007674703073827093,False,False
1SG1,88,0.8124,0.009889318549500847,False,False
1SG1,89,0.5758,0.0,False,False
1SG1,90,0.348,0.007674703073827093,False,False
1SG1,91,0.424,0.009889318549500847,False,False
1SG1,92,0.0709,0.0,False,True
1SG1,93,0.2879,0.007674703073827093,False,False
1SG1,94,0.4782,0.007674703073827093,False,False
1SG1,95,0.0834,0.0026930513356745456,False,True
1SG1,96,0.3372,0.009889318549500847,False,False
1SG1,97,0.3494,0.007674703073827093,False,False
1SG1,98,0.0136,0.0,False,True
1SG1,99,0.4791,0.009889318549500847,False,False
1SG1,100,0.3925,0.009889318549500847,False,False
1SG1,101,0.0567,0.0,False,True
1SG1,102,0.0804,0.009889318549500847,False,True
1SG1,103,0.0,0.0,False,True
1SG1,104,0.1388,0.007615515132383694,False,True
1SG1,105,0.3074,0.009889318549500847,False,False
1SG1,106,0.5283,0.009889318549500847,False,False
1SG1,107,0.3684,0.009889318549500847,False,False
1SG1,108,0.0643,0.0,False,True
1SG1,109,0.482,0.0098449275934183,False,False
1SG1,110,0.2394,0.007615515132383694,False,True
1SG1,111,0.505,0.009889318549500847,False,False
1SG1,112,0.2796,0.009889318549500847,False,False
1SG1,113,0.1844,0.007615515132383694,False,True
1SG1,114,0.081,0.0026930513356745456,False,True
1SG1,115,0.236,0.007615515132383694,False,True
1SG1,116,0.3128,0.0,False,False
1SG1,117,0.3353,0.009889318549500847,True,False
1SG1,118,0.6683,0.009889318549500847,False,False
1SG1,119,0.1027,0.0,False,True
1SG1,120,0.4228,0.002707848321035394,True,False
1SG1,121,0.8421,0.009933709505583393,False,False
1SG1,122,0.4614,0.002707848321035394,False,False
1SG1,123,0.138,0.002707848321035394,False,True
1SG1,124,0.111,0.0,False,True
1SG1,125,0.0225,0.004966854752791697,False,True
1SG1,126,0.435,0.009933709505583393,False,False
1SG1,127,0.4739,0.009889318549500847,False,False
1SG1,128,0.4475,0.009933709505583393,False,False
1SG1,129,0.1438,0.004966854752791697,False,True
1SG1,130,0.1729,0.00492246379670915,False,True
1SG1,131,0.3971,0.009889318549500847,False,False
1SG1,132,0.3402,0.007615515132383694,False,False
1SG1,133,0.3772,0.002707848321035394,True,False
1SG1,134,0.1245,0.0,False,True
1SG1,135,0.3845,0.009889318549500847,True,False
1SG1,136,0.6201,0.0,True,False
1SG1,137,0.2478,0.0,False,True
1SG1,138,0.3741,0.0076303121177445435,False,False
1SG1,139,0.7315,0.009889318549500847,False,False
1SG1,140,0.1511,0.0,False,True
1SG1,141,0.5089,0.009889318549500847,False,False
1SG1,142,0.854,0.009889318549500847,False,False
1SG1,143,0.7936,0.009933709505583393,False,False
1SG1,144,0.3004,0.009933709505583393,False,False
1SG1,145,0.575,0.009889318549500847,False,False
1SG1,146,0.4875,0.009933709505583393,False,False
1SG1,147,0.4756,0.007674703073827093,False,False
1SG1,148,0.4143,0.009889318549500847,False,False
1SG1,149,0.5752,0.009889318549500847,False,False
1SG1,150,0.2514,0.0,False,False
1SG1,151,0.2106,0.0026930513356745456,False,True
1SG1,152,0.3638,0.007674703073827093,False,False
1SG1,153,0.4424,0.009889318549500847,False,False
1SG1,154,0.1311,0.009889318549500847,False,True
1SG1,155,0.141,0.00492246379670915,False,True
1SG1,156,0.0841,0.002707848321035394,False,True
1SG1,157,0.3936,0.009889318549500847,False,False
1SG1,158,0.2684,0.0,False,False
1SG1,159,0.6982,0.009933709505583393,False,False
1TO9,0,0.7311,0.006429677506227698,False,False
1TO9,1,0.069,0.0,False,True
1TO9,2,0.0138,0.002064678291703135,False,True
1TO9,3,0.3943,0.006508225049933795,False,False
1TO9,4,0.345,0.0063511299625216,False,False
1TO9,5,0.0,0.0,False,True
1TO9,6,0.313,0.006429677506227698,False,False
1TO9,7,0.4429,0.006508225049933795,False,False
1TO9,8,0.3629,0.0063511299625216,False,False
1TO9,9,0.0,0.002064678291703135,False,True
1TO9,10,0.3089,0.0063511299625216,False,False
1TO9,11,0.5786,0.005318790816670033,True,False
1TO9,12,0.1671,0.0020871204470477344,False,True
1TO9,13,0.0254,0.0020871204470477344,False,True
1TO9,14,0.4798,0.006508225049933795,False,False
1TO9,15,0.1483,0.0,False,True
1TO9,16,0.0,0.0041517987387508695,False,True
1TO9,17,0.171,0.0041517987387508695,False,True
1TO9,18,0.5443,0.006429677506227698,False,False
1TO9,19,0.0509,0.002064678291703135,False,True
1TO9,20,0.3679,0.0041517987387508695,False,False
1TO9,21,0.005,0.0041517987387508695,False,True
1TO9,22,0.0555,0.002064678291703135,False,True
1TO9,23,0.3374,0.005318790816670033,False,False
1TO9,24,0.0454,0.0,False,True
1TO9,25,0.0061,0.002064678291703135,False,True
1TO9,26,0.0322,0.0041517987387508695,False,True
1TO9,27,0.4692,0.006429677506227698,False,False
1TO9,28,0.1957,0.002064678291703135,False,True
1TO9,29,0.5714,0.005318790816670033,False,False
1TO9,30,0.0273,0.0,False,True
1TO9,31,0.2734,0.0041517987387508695,False,False
1TO9,32,0.3697,0.0063511299625216,False,False
1TO9,33,0.3439,0.006508225049933795,False,False
1TO9,34,0.2399,0.005240243272963936,False,True
1TO9,35,0.0,0.0020871204470477344,False,True
1TO9,36,0.1774,0.00412935658340627,False,True
1TO9,37,0.123,0.0020871204470477344,False,True
1TO9,38,0.023,0.0041517987387508695,False,True
1TO9,39,0.1025,0.0041517987387508695,False,True
1TO9,40,0.1542,0.0041517987387508695,False,True
1TO9,41,0.0292,0.0041517987387508695,False,True
1TO9,42,0.1076,0.0053412329720146316,False,True
1TO9,43,0.2006,0.005318790816670033,False,True
1TO9,44,0.1637,0.005318790816670033,False,True
1TO9,45,0.0413,0.0041517987387508695,False,True
1TO9,46,0.1188,0.005262685428308535,False,True
1TO9,47,0.4031,0.006429677506227698,False,False
1TO9,48,0.1564,0.006429677506227698,False,True
1TO9,49,0.0503,0.0041517987387508695,False,True
1TO9,50,0.1404,0.005318790816670033,False,True
1TO9,51,0.4448,0.006508225049933795,False,False
1TO9,52,0.0139,0.002064678291703135,False,True
1TO9,53,0.0048,0.0041517987387508695,False,True
1TO9,54,0.3814,0.0063511299625216,False,False
1TO9,55,0.3774,0.0063511299625216,True,False
1TO9,56,0.0,0.0020871204470477344,False,True
1TO9,57,0.0562,0.002064678291703135,False,True
1TO9,58,0.63,0.006508225049933795,False,False
1TO9,59,0.3792,0.0032541125249668976,False,False
1TO9,60,0.1423,0.0,False,True
1TO9,61,0.7281,0.005318790816670033,False,False
1TO9,62,0.2703,0.0031755649812608,False,False
1TO9,63,0.7551,0.006508225049933795,False,False
1TO9,64,0.6025,0.006429677506227698,False,False
1TO9,65,0.0912,0.0041517987387508695,False,True
1TO9,66,0.2441,0.0063511299625216,False,True
1TO9,67,0.3302,0.006429677506227698,False,False
1TO9,68,0.2552,0.005262685428308535,False,False
1TO9,69,0.0108,0.0,False,True
1TO9,70,0.3462,0.006429677506227698,False,False
1TO9,71,0.3246,0.006429677506227698,False,False
1TO9,72,0.0311,0.006429677506227698,False,True
1TO9,73,0.0904,0.0,False,True
1TO9,74,0.4248,0.006429677506227698,False,False
1TO9,75,0.2746,0.006429677506227698,False,False
1TO9,76,0.0514,0.006429677506227698,False,True
1TO9,77,0.4456,0.006508225049933795,False,False
1TO9,78,0.4292,0.006429677506227698,False,False
1TO9,79,0.2238,0.006429677506227698,False,True
1TO9,80,0.1592,0.006429677506227698,False,True
1TO9,81,0.2667,0.006429677506227698,False,False
1TO9,82,0.2996,0.006508225049933795,False,False
1TO9,83,0.1214,0.005318790816670033,False,True
1TO9,84,0.2973,0.006429677506227698,False,False
1TO9,85,0.508,0.0063511299625216,False,False
1TO9,86,0.3695,0.006429677506227698,False,False
1TO9,87,0.0151,0.0041517987387508695,False,True
1TO9,88,0.1351,0.005318790816670033,False,True
1TO9,89,0.622,0.0032541125249668976,False,False
1TO9,90,0.4811,0.0041517987387508695,False,False
1TO9,91,0.0874,0.0041517987387508695,False,True
1TO9,92,0.6569,0.005262685428308535,False,False
1TO9,93,0.1272,0.0041517987387508695,False,True
1TO9,94,0.2874,0.0020871204470477344,False,False
1TO9,95,0.5398,0.0063511299625216,False,False
1TO9,96,0.5552,0.006508225049933795,False,False
1TO9,97,0.3432,0.006508225049933795,False,False
1TO9,98,0.3935,0.005318790816670033,False,False
1TO9,99,0.6391,0.006508225049933795,False,False
1TO9,100,0.6257,0.006429677506227698,False,False
1TO9,101,0.1889,0.0041517987387508695,False,True
1TO9,102,0.6292,0.0063511299625216,True,False
1TO9,103,0.1738,0.002064678291703135,False,True
1TO9,104,0.0156,0.002064678291703135,False,True
1TO9,105,0.1519,0.0,False,True
1TO9,106,0.0648,0.0,False,True
1TO9,107,0.0,0.0041517987387508695,False,True
1TO9,108,0.4313,0.00409569335038937,True,False
1TO9,109,0.3009,0.0041517987387508695,True,False
1TO9,110,0.0046,0.0041517987387508695,False,True
1TO9,111,0.0125,0.0041517987387508695,False,True
1TO9,112,0.308,0.0032541125249668976,True,False
1TO9,113,0.0556,0.0041517987387508695,False,True
1TO9,114,0.0,0.0041517987387508695,False,True
1TO9,115,0.2254,0.006508225049933795,False,True
1TO9,116,0.6277,0.0041517987387508695,True,False
1TO9,117,0.039,0.0,False,True
1TO9,118,0.0748,0.002064678291703135,False,True
1TO9,119,0.7781,0.0041517987387508695,True,False
1TO9,120,0.3072,0.002064678291703135,False,False
1TO9,121,0.3415,0.0063511299625216,False,False
1TO9,122,0.1842,0.0041517987387508695,False,True
1TO9,123,0.0932,0.0020871204470477344,False,True
1TO9,124,0.0178,0.0,False,True
1TO9,125,0.0673,0.0,False,True
1TO9,126,0.0,0.0020871204470477344,False,True
1TO9,127,0.012,0.0041517987387508695,False,True
1TO9,128,0.0,0.0,False,True
1TO9,129,0.0094,0.0,False,True
1TO9,130,0.0,0.0041517987387508695,False,True
1TO9,131,0.006,0.0020871204470477344,False,True
1TO9,132,0.0,0.002064678291703135,False,True
1TO9,133,0.085,0.005262685428308535,False,True
1TO9,134,0.0408,0.005262685428308535,False,True
1TO9,135,0.0785,0.005262685428308535,False,True
1TO9,136,0.0,0.002064678291703135,False,True
1TO9,137,0.0724,0.006429677506227698,False,True
1TO9,138,0.0918,0.005318790816670033,False,True
1TO9,139,0.1772,0.006429677506227698,False,True
1TO9,140,0.0339,0.0041517987387508695,False,True
1TO9,141,0.1045,0.0041517987387508695,False,True
1TO9,142,0.223,0.006429677506227698,False,True
1TO9,143,0.4328,0.006429677506227698,False,False
1TO9,144,0.0421,0.002064678291703135,False,True
1TO9,145,0.3536,0.005318790816670033,False,False
1TO9,146,0.8045,0.006429677506227698,False,False
1TO9,147,0.3029,0.006429677506227698,False,False
1TO9,148,0.6384,0.006429677506227698,False,False
1TO9,149,0.0076,0.0,False,True
1TO9,150,0.7904,0.006429677506227698,False,False
1TO9,151,0.2877,0.004230346282456967,False,False
1TO9,152,0.594,0.005262685428308535,False,False
1TO9,153,0.0663,0.0020871204470477344,False,True
1TO9,154,0.0,0.002064678291703135,False,True
1TO9,155,0.4025,0.0063511299625216,False,False
1TO9,156,0.2965,0.006429677506227698,False,False
1TO9,157,0.0696,0.0041517987387508695,False,True
1TO9,158,0.0899,0.002064678291703135,False,True
1TO9,159,0.401,0.006429677506227698,False,False
1TO9,160,0.2815,0.0041517987387508695,False,False
1TO9,161,0.0979,0.005262685428308535,False,True
1TO9,162,0.2216,0.006429677506227698,False,True
1TO9,163,0.3205,0.006429677506227698,False,False
1TO9,164,0.5096,0.006429677506227698,False,False
1TO9,165,0.7291,0.006429677506227698,False,False
1TO9,166,0.1605,0.006429677506227698,False,True
1TO9,167,0.3718,0.006429677506227698,False,False
1TO9,168,0.4025,0.006429677506227698,False,False
1TO9,169,0.1772,0.005318790816670033,False,True
1TO9,170,0.0139,0.0020871204470477344,False,True
1TO9,171,0.291,0.006429677506227698,False,False
1TO9,172,0.201,0.0063511299625216,False,True
1TO9,173,0.0,0.0031755649812608,False,True
1TO9,174,0.1226,0.006429677506227698,False,True
1TO9,175,0.5305,0.006508225049933795,False,False
1TO9,176,0.1375,0.005262685428308535,False,True
1TO9,177,0.0,0.0,False,True
1TO9,178,0.0792,0.0053412329720146316,False,True
1TO9,179,0.5,0.006508225049933795,False,False
1TO9,180,0.2036,0.0041517987387508695,False,True
1TO9,181,0.0,0.002064678291703135,False,True
1TO9,182,0.6262,0.006429677506227698,False,False
1TO9,183,0.6385,0.006429677506227698,False,False
1TO9,184,0.1997,0.0,False,True
1TO9,185,0.5062,0.002064678291703135,False,False
1TO9,186,0.6419,0.006508225049933795,False,False
1TO9,187,0.6175,0.006508225049933795,False,False
1TO9,188,0.1041,0.005262685428308535,False,True
1TO9,189,0.2125,0.005240243272963936,False,True
1TO9,190,0.4662,0.006508225049933795,False,False
1TO9,191,0.2867,0.006429677506227698,False,False
1TO9,192,0.0,0.002064678291703135,False,True
1TO9,193,0.2647,0.006508225049933795,False,False
1TO9,194,0.3577,0.006508225049933795,True,False
1TO9,195,0.0391,0.0041517987387508695,False,True
1TO9,196,0.0,0.0,False,True
1TO9,197,0.1596,0.0020871204470477344,False,True
1TO9,198,0.2881,0.006429677506227698,True,False
1TO9,199,0.0,0.0,False,True
1TO9,200,0.0,0.002064678291703135,False,True
1TO9,201,0.3563,0.0041517987387508695,True,False
1TO9,202,0.1758,0.0041517987387508695,False,True
1TO9,203,0.0336,0.0053412329720146316,False,True
1TO9,204,0.2752,0.0041517987387508695,True,False
1TO9,205,0.2183,0.005318790816670033,False,True
1TO9,206,0.0101,0.0041517987387508695,False,True
1TO9,207,0.0127,0.0041517987387508695,False,True
1TO9,208,0.0697,0.00409569335038937,False,True
1TO9,209,0.0054,0.0053412329720146316,False,True
1TO9,210,0.0094,0.0041517987387508695,False,True
1TO9,211,0.3043,0.0021432258354092326,False,False
1TO9,212,0.4268,0.006429677506227698,False,False
1TO9,213,0.3853,0.005318790816670033,False,False
1TO9,214,0.1153,0.00409569335038937,False,True
1TO9,215,0.2296,0.005262685428308535,False,True
1TO9,216,0.5155,0.0020871204470477344,True,False
1TO9,217,0.4638,0.0053412329720146316,True,False
1TO9,218,0.3604,0.004174240894095469,False,False
1TO9,219,0.5333,0.005262685428308535,True,False
1TO9,220,0.4025,0.0041517987387508695,True,False
1TO9,221,0.5938,0.0063511299625216,True,False
1TO9,222,0.7405,0.006429677506227698,False,False
1TO9,223,0.6856,0.006429677506227698,True,False
1TO9,224,0.8387,0.006508225049933795,True,False
1X27,0,0.6574,0.008960893285066029,False,False
1X27,1,0.4025,0.010809157191658595,False,False
1X27,2,0.1682,0.007074389435578443,False,True
1X27,3,0.0,0.003479834803446694,False,True
1X27,4,0.2575,0.010770917248763574,False,False
1X27,5,0.0415,0.0,False,True
1X27,6,0.279,0.003479834803446694,False,False
1X27,7,0.4299,0.008846173456380972,False,False
1X27,8,0.4754,0.0,False,False
1X27,9,0.102,0.0,False,True
1X27,10,0.634,0.010732677305868554,False,False
1X27,11,0.3946,0.007074389435578443,False,False
1X27,12,0.5281,0.010770917248763574,False,False
1X27,13,0.502,0.008922653342171008,True,False
1X27,14,0.8627,0.0054045785958292975,True,False
1X27,15,0.4062,0.0,True,False
1X27,16,0.1332,0.003479834803446694,False,True
1X27,17,0.006,0.0,False,True
1X27,18,0.2921,0.0,False,False
1X27,19,0.052,0.0,False,True
1X27,20,0.5793,0.010809157191658595,False,False
1X27,21,0.6031,0.010809157191658595,False,False
1X27,22,0.4512,0.0,False,False
1X27,23,0.1516,0.003479834803446694,False,True
1X27,24,0.3821,0.008922653342171008,False,False
1X27,25,0.0,0.0,False,True
1X27,26,0.2655,0.010732677305868554,False,False
1X27,27,0.0932,0.0018100239636975473,False,True
1X27,28,0.2907,0.0035945546321317495,False,False
1X27,29,0.4351,0.010770917248763574,True,False
1X27,30,0.6985,0.010732677305868554,True,False
1X27,31,0.4703,0.00888441339927599,True,False
1X27,32,0.525,0.0,True,False
1X27,33,0.603,0.006959669606893388,True,False
1X27,34,0.3017,0.007074389435578443,True,False
1X27,35,0.0759,0.0,False,True
1X27,36,0.1875,0.007074389435578443,False,True
1X27,37,0.0,0.0,False,True
1X27,38,0.1796,0.010809157191658595,False,True
1X27,39,0.0216,0.0,False,True
1X27,40,0.3969,0.007074389435578443,False,False
1X27,41,0.6258,0.010770917248763574,False,False
1X27,42,0.5442,0.0054045785958292975,False,False
1X27,43,0.4192,0.00888441339927599,False,False
1X27,44,0.4406,0.010732677305868554,False,False
1X27,45,0.4167,0.008960893285066029,False,False
1X27,46,0.0116,0.0035945546321317495,False,True
1X27,47,0.317,0.0,True,False
1X27,48,0.0,0.0,False,True
1X27,49,0.076,0.003479834803446694,False,True
1X27,50,0.3315,0.010809157191658595,False,False
1X27,51,0.4858,0.008960893285066029,False,False
1X27,52,0.1962,0.0035945546321317495,False,True
1X27,53,0.0562,0.0,False,True
1X27,54,0.0749,0.007074389435578443,False,True
1X27,55,0.2609,0.006959669606893388,False,False
1X27,56,0.244,0.007074389435578443,False,True
1X27,57,0.2463,0.0035945546321317495,False,True
1X27,58,0.4465,0.00888441339927599,False,False
1X27,59,0.1665,0.0035945546321317495,False,True
1X27,60,0.4395,0.010732677305868554,False,False
1X27,61,0.6604,0.010732677305868554,False,False
1X27,62,0.2162,0.010809157191658595,False,True
1X27,63,0.4944,0.007074389435578443,True,False
1X27,64,0.0646,0.0,False,True
1X27,65,0.0653,0.0,False,True
1X27,66,0.2466,0.010809157191658595,False,True
1X27,67,0.4078,0.010732677305868554,False,False
1X27,68,0.6706,0.010732677305868554,False,False
1X27,69,0.1638,0.0,False,True
1X27,70,0.1752,0.007074389435578443,False,True
1X27,71,0.4043,0.010809157191658595,False,False
1X27,72,0.4129,0.010732677305868554,False,False
1X27,73,0.286,0.010732677305868554,False,False
1X27,74,0.0,0.0,False,True
1X27,75,0.2794,0.010809157191658595,False,False
1X27,76,0.5438,0.010732677305868554,False,False
1X27,77,0.2982,0.00888441339927599,False,False
1X27,78,0.0,0.0,False,True
1X27,79,0.389,0.0,False,False
1X27,80,0.2434,0.007074389435578443,False,True
1X27,81,0.778,0.00888441339927599,True,False
1X27,82,0.6179,0.007074389435578443,True,False
1X27,83,0.0955,0.0,False,True
1X27,84,0.212,0.007074389435578443,False,True
1X27,85,0.4315,0.007074389435578443,True,False
1X27,86,0.0,0.0,False,True
1X27,87,0.0,0.0035945546321317495,False,True
1X27,88,0.0201,0.0,False,True
1X27,89,0.006,0.0,False,True
1X27,90,0.0,0.0,False,True
1X27,91,0.016,0.0035945546321317495,False,True
1X27,92,0.2494,0.010809157191658595,False,True
1X27,93,0.0968,0.0035945546321317495,False,True
1X27,94,0.4982,0.006959669606893388,False,False
1X27,95,0.6564,0.010732677305868554,False,False
1X27,96,0.3501,0.010732677305868554,False,False
1X27,97,0.7091,0.010770917248763574,False,False
1X27,98,0.6019,0.010770917248763574,False,False
1X27,99,0.0415,0.010732677305868554,False,True
1X27,100,0.1409,0.0035945546321317495,False,True
1X27,101,0.0562,0.006997909549788405,False,True
1X27,102,0.0,0.0,False,True
1X27,103,0.0,0.0,False,True
1X27,104,0.0208,0.0035945546321317495,False,True
1X27,105,0.0439,0.008999133227961045,False,True
1X27,106,0.1062,0.0054045785958292975,False,True
1X27,107,0.4785,0.010732677305868554,False,False
1X27,108,0.2548,0.00888441339927599,False,False
1X27,109,0.7735,0.010770917248763574,False,False
1X27,110,0.6735,0.010770917248763574,False,False
1X27,111,0.5994,0.010732677305868554,False,False
1X27,112,0.3225,0.003479834803446694,False,False
1X27,113,0.3288,0.00888441339927599,False,False
1X27,114,0.1874,0.010809157191658595,False,True
1X27,115,0.1749,0.0,False,True
1X27,116,0.3178,0.010809157191658595,False,False
1X27,117,0.1774,0.007074389435578443,False,True
1X27,118,0.1857,0.0,False,True
1X27,119,0.3305,0.010809157191658595,False,False
1X27,120,0.0,0.0,False,True
1X27,121,0.4757,0.008960893285066029,False,False
1X27,122,0.3521,0.010809157191658595,False,False
1X27,123,0.271,0.0035945546321317495,False,False
1X27,124,0.8257,0.006959669606893388,False,False
1X27,125,0.7026,0.005366338652934277,False,False
1X27,126,0.3263,0.0035945546321317495,False,False
1X27,127,0.0116,0.0035945546321317495,False,True
1X27,128,0.1057,0.0,False,True
1X27,129,0.0998,0.007074389435578443,False,True
1X27,130,0.1354,0.0,False,True
1X27,131,0.1695,0.0035945546321317495,False,True
1X27,132,0.6977,0.007074389435578443,False,False
1X27,133,0.5804,0.010732677305868554,False,False
1X27,134,0.1778,0.008960893285066029,False,True
1X27,135,0.4632,0.008999133227961045,False,False
1X27,136,0.0844,0.0035945546321317495,False,True
1X27,137,0.382,0.00888441339927599,False,False
1X27,138,0.1393,0.0035945546321317495,False,True
1X27,139,0.0392,0.0035945546321317495,False,True
1X27,140,0.1114,0.007074389435578443,False,True
1X27,141,0.0986,0.006997909549788405,False,True
1X27,142,0.0,0.0035945546321317495,False,True
1X27,143,0.0416,0.007074389435578443,False,True
1X27,144,0.3433,0.010732677305868554,False,False
1X27,145,0.2381,0.007074389435578443,False,True
1X27,146,0.0087,0.0,False,True
1X27,147,0.307,0.007074389435578443,True,False
1X27,148,0.603,0.010809157191658595,True,False
1X27,149,0.206,0.007074389435578443,False,True
1X27,150,0.1177,0.008960893285066029,False,True
1X27,151,0.2971,0.010732677305868554,False,False
1X27,152,0.5659,0.0035945546321317495,False,False
1X27,153,0.1107,0.0035945546321317495,False,True
1X27,154,0.4517,0.008960893285066029,False,False
1X27,155,0.1605,0.00888441339927599,False,True
1X27,156,0.4343,0.007189109264263499,True,False
1X27,157,0.0107,0.0,False,True
1X27,158,0.4763,0.010770917248763574,True,False
1X27,159,0.4711,0.007189109264263499,True,False
1X27,160,0.227,0.0035945546321317495,False,True
1X27,161,0.0821,0.0035945546321317495,False,True
1X27,162,0.45,0.010770917248763574,True,False
1X27,163,1.0273,0.010732677305868554,False,False
1XQH,0,0.7962,0.004787513486948024,False,False
1XQH,1,0.3107,0.0024488343322619094,False,False
1XQH,2,0.3304,0.0024488343322619094,False,False
1XQH,3,0.2333,0.005922959163498528,False,True
1XQH,4,0.3801,0.007089474249108873,False,False
1XQH,5,0.4658,0.0,False,False
1XQH,6,0.2498,0.004787513486948024,False,True
1XQH,7,0.8688,0.0048185828960078635,False,False
1XQH,8,0.0696,0.0024488343322619094,False,True
1XQH,9,0.218,0.0,False,True
1XQH,10,0.0,0.002338679154686115,False,True
1XQH,11,0.0,0.004787513486948024,False,True
1XQH,12,0.0421,0.0024488343322619094,False,True
1XQH,13,0.0062,0.002338679154686115,False,True
1XQH,14,0.0697,0.0,False,True
1XQH,15,0.5036,0.007168560017624829,False,False
1XQH,16,0.3229,0.0024488343322619094,False,False
1XQH,17,0.2713,0.0035051942402964586,False,False
1XQH,18,0.8789,0.007168560017624829,False,False
1XQH,19,0.6449,0.007089474249108873,False,False
1XQH,20,0.485,0.0024488343322619094,False,False
1XQH,21,0.3088,0.007168560017624829,False,False
1XQH,22,0.0421,0.0,False,True
1XQH,23,0.2822,0.0,False,False
1XQH,24,0.209,0.0,False,True
1XQH,25,0.5593,0.007168560017624829,False,False
1XQH,26,0.6478,0.004897668664523819,False,False
1XQH,27,0.0123,0.004787513486948024,False,True
1XQH,28,0.0,0.0,False,True
1XQH,29,0.0184,0.002338679154686115,False,True
1XQH,30,0.0069,0.0,False,True
1XQH,31,0.0041,0.006033114341074324,False,True
1XQH,32,0.1879,0.002338679154686115,False,True
1XQH,33,0.2625,0.004897668664523819,False,False
1XQH,34,0.4915,0.004787513486948024,False,False
1XQH,35,0.5034,0.007089474249108873,False,False
1XQH,36,0.1247,0.005954028572558369,False,True
1XQH,37,0.0,0.0,False,True
1XQH,38,0.006,0.002338679154686115,False,True
1XQH,39,0.2131,0.005843873394982573,False,True
1XQH,40,0.0813,0.0,False,True
1XQH,41,0.3018,0.005874942804042413,False,False
1XQH,42,0.0101,0.0,False,True
1XQH,43,0.4195,0.007089474249108873,False,False
1XQH,44,0.5407,0.006033114341074324,False,False
1XQH,45,0.2216,0.002338679154686115,False,True
1XQH,46,0.3514,0.005922959163498528,False,False
1XQH,47,0.0145,0.0,False,True
1XQH,48,0.3466,0.004787513486948024,False,False
1XQH,49,0.3935,0.006033114341074324,False,False
1XQH,50,0.0,0.0,False,True
1XQH,51,0.3299,0.005843873394982573,False,False
1XQH,52,0.2031,0.004787513486948024,False,True
1XQH,53,0.0166,0.0,False,True
1XQH,54,0.0818,0.004787513486948024,False,True
1XQH,55,0.1081,0.0,False,True
1XQH,56,0.4232,0.007089474249108873,False,False
1XQH,57,0.4005,0.004787513486948024,False,False
1XQH,58,0.4214,0.005954028572558369,False,False
1XQH,59,0.5266,0.007168560017624829,False,False
1XQH,60,0.6666,0.007089474249108873,False,False
1XQH,61,0.3045,0.0,False,False
1XQH,62,0.4162,0.007089474249108873,False,False
1XQH,63,0.2529,0.0024488343322619094,False,False
1XQH,64,0.443,0.005954028572558369,False,False
1XQH,65,0.1248,0.0,False,True
1XQH,66,0.42,0.007168560017624829,False,False
1XQH,67,0.5019,0.004787513486948024,False,False
1XQH,68,0.3983,0.007089474249108873,False,False
1XQH,69,0.7365,0.005954028572558369,False,False
1XQH,70,0.6105,0.0,False,False
1XQH,71,0.807,0.005954028572558369,False,False
1XQH,72,0.3843,0.005954028572558369,False,False
1XQH,73,0.3481,0.005954028572558369,False,False
1XQH,74,0.0545,0.0,False,True
1XQH,75,0.2906,0.005922959163498528,False,False
1XQH,76,0.2934,0.004787513486948024,False,False
1XQH,77,0.102,0.004897668664523819,False,True
1XQH,78,0.4017,0.005922959163498528,False,False
1XQH,79,0.0553,0.002338679154686115,False,True
1XQH,80,0.3674,0.0,False,False
1XQH,81,0.5307,0.007089474249108873,False,False
1XQH,82,0.658,0.007089474249108873,False,False
1XQH,83,0.3465,0.007089474249108873,False,False
1XQH,84,0.0172,0.0,False,True
1XQH,85,0.0899,0.0,False,True
1XQH,86,0.537,0.005954028572558369,False,False
1XQH,87,0.3151,0.005954028572558369,False,False
1XQH,88,0.1632,0.002338679154686115,False,True
1XQH,89,0.4974,0.004787513486948024,False,False
1XQH,90,0.1737,0.005922959163498528,False,True
1XQH,91,0.3629,0.007089474249108873,False,False
1XQH,92,0.0111,0.0035842800088124144,False,True
1XQH,93,0.0877,0.004787513486948024,False,True
1XQH,94,0.0163,0.002338679154686115,False,True
1XQH,95,0.0102,0.004897668664523819,False,True
1XQH,96,0.2801,0.005954028572558369,False,False
1XQH,97,0.5384,0.007089474249108873,False,False
1XQH,98,0.109,0.0035051942402964586,False,True
1XQH,99,0.0246,0.002338679154686115,False,True
1XQH,100,0.2637,0.003615349417872254,False,False
1XQH,101,0.2409,0.0,False,True
1XQH,102,0.2528,0.005922959163498528,False,False
1XQH,103,0.692,0.007089474249108873,False,False
1XQH,104,0.076,0.0,False,True
1XQH,105,0.7013,0.007089474249108873,False,False
1XQH,106,0.2493,0.007089474249108873,False,True
1XQH,107,0.6258,0.007089474249108873,False,False
1XQH,108,0.8038,0.007089474249108873,False,False
1XQH,109,0.2424,0.004787513486948024,False,True
1XQH,110,0.5201,0.002338679154686115,False,False
1XQH,111,0.3672,0.007089474249108873,False,False
1XQH,112,0.0,0.0,False,True
1XQH,113,0.0,0.0,False,True
1XQH,114,0.0553,0.0,False,True
1XQH,115,0.0,0.0,False,True
1XQH,116,0.4162,0.005843873394982573,False,False
1XQH,117,0.2499,0.005922959163498528,False,True
1XQH,118,0.4954,0.006033114341074324,False,False
1XQH,119,0.1858,0.002338679154686115,False,True
1XQH,120,0.2898,0.007089474249108873,False,False
1XQH,121,0.4589,0.004787513486948024,False,False
1XQH,122,0.4913,0.006033114341074324,False,False
1XQH,123,0.1536,0.002338679154686115,False,True
1XQH,124,0.0126,0.004787513486948024,False,True
1XQH,125,0.0,0.002338679154686115,False,True
1XQH,126,0.0,0.0,False,True
1XQH,127,0.0,0.004787513486948024,False,True
1XQH,128,0.0326,0.0,False,True
1XQH,129,0.0055,0.002338679154686115,False,True
1XQH,130,0.0,0.0,False,True
1XQH,131,0.0486,0.004787513486948024,False,True
1XQH,132,0.1504,0.00467735830937223,False,True
1XQH,133,0.0729,0.0035842800088124144,False,True
1XQH,134,0.3932,0.004787513486948024,False,False
1XQH,135,0.2506,0.0024488343322619094,True,False
1XQH,136,0.6446,0.007168560017624829,False,False
1XQH,137,0.3888,0.006033114341074324,False,False
1XQH,138,0.0609,0.0,False,True
1XQH,139,0.6394,0.005954028572558369,True,False
1XQH,140,0.6191,0.004787513486948024,False,False
1XQH,141,0.2319,0.005922959163498528,False,True
1XQH,142,0.5341,0.0035051942402964586,True,False
1XQH,143,0.2866,0.005954028572558369,True,False
1XQH,144,0.7238,0.005954028572558369,False,False
1XQH,145,0.534,0.007089474249108873,False,False
1XQH,146,0.0398,0.007010388480592917,False,True
1XQH,147,0.4893,0.007010388480592917,False,False
1XQH,148,0.1692,0.0024488343322619094,False,True
1XQH,149,0.1752,0.002338679154686115,False,True
1XQH,150,0.0961,0.0035051942402964586,False,True
1XQH,151,0.4323,0.005922959163498528,True,False
1XQH,152,0.09,0.0,False,True
1XQH,153,0.3251,0.0035842800088124144,False,False
1XQH,154,0.787,0.007168560017624829,False,False
1XQH,155,0.5835,0.007089474249108873,False,False
1XQH,156,0.1324,0.004787513486948024,False,True
1XQH,157,0.0278,0.002338679154686115,False,True
1XQH,158,0.0061,0.0,False,True
1XQH,159,0.0389,0.0035051942402964586,False,True
1XQH,160,0.0246,0.0,False,True
1XQH,161,0.2506,0.0,False,False
1XQH,162,0.5325,0.007089474249108873,False,False
1XQH,163,0.3494,0.002338679154686115,False,False
1XQH,164,0.2721,0.002338679154686115,False,False
1XQH,165,0.169,0.006033114341074324,False,True
1XQH,166,0.349,0.006033114341074324,False,False
1XQH,167,0.2796,0.004787513486948024,False,False
1XQH,168,0.5852,0.007089474249108873,False,False
1XQH,169,0.4928,0.005954028572558369,False,False
1XQH,170,0.0,0.0,False,True
1XQH,171,0.1487,0.004787513486948024,False,True
1XQH,172,0.0,0.004787513486948024,False,True
1XQH,173,0.0,0.002338679154686115,False,True
1XQH,174,0.0961,0.005922959163498528,False,True
1XQH,175,0.0,0.0,False,True
1XQH,176,0.0574,0.0,False,True
1XQH,177,0.0895,0.004787513486948024,False,True
1XQH,178,0.0166,0.0,False,True
1XQH,179,0.1168,0.004787513486948024,False,True
1XQH,180,0.0295,0.004787513486948024,False,True
1XQH,181,0.1271,0.002338679154686115,False,True
1XQH,182,0.1688,0.004787513486948024,False,True
1XQH,183,0.5902,0.007089474249108873,False,False
1XQH,184,0.1122,0.002338679154686115,False,True
1XQH,185,0.0478,0.0,False,True
1XQH,186,0.0128,0.0,False,True
1XQH,187,0.4046,0.007010388480592917,True,False
1XQH,188,0.1673,0.0,False,True
1XQH,189,0.2804,0.004787513486948024,False,False
1XQH,190,0.4487,0.004787513486948024,False,False
1XQH,191,0.018,0.0,False,True
1XQH,192,0.3054,0.005874942804042413,False,False
1XQH,193,0.0197,0.002338679154686115,False,True
1XQH,194,0.1048,0.002338679154686115,False,True
1XQH,195,0.0288,0.0024488343322619094,False,True
1XQH,196,0.0,0.002338679154686115,False,True
1XQH,197,0.0232,0.0,False,True
1XQH,198,0.3798,0.007168560017624829,False,False
1XQH,199,0.0054,0.0,False,True
1XQH,200,0.1483,0.0024488343322619094,False,True
1XQH,201,0.0,0.002338679154686115,False,True
1XQH,202,0.0,0.0,False,True
1XQH,203,0.1247,0.004756444077888184,False,True
1XQH,204,0.0062,0.0,False,True
1XQH,205,0.3763,0.004787513486948024,False,False
1XQH,206,0.4183,0.00467735830937223,False,False
1XQH,207,0.5047,0.004787513486948024,False,False
1XQH,208,0.0331,0.0,False,True
1XQH,209,0.4749,0.007010388480592917,False,False
1XQH,210,0.3472,0.004787513486948024,False,False
1XQH,211,0.4853,0.002338679154686114,False,False
1XQH,212,0.2903,0.0024488343322619094,False,False
1XQH,213,0.0851,0.004897668664523819,False,True
1XQH,214,0.006,0.0,False,True
1XQH,215,0.0873,0.0024488343322619094,False,True
1XQH,216,0.0139,0.0,False,True
1XQH,217,0.3348,0.006033114341074324,True,False
1XQH,218,0.1809,0.0024488343322619094,False,True
1XQH,219,0.5941,0.0,True,False
1XQH,220,0.181,0.0024488343322619094,False,True
1XQH,221,0.4062,0.006033114341074324,True,False
1XQH,222,0.3193,0.007089474249108873,False,False
1XQH,223,0.5085,0.007089474249108873,False,False
1XQH,224,0.1628,0.003615349417872254,False,True
1XQH,225,0.8291,0.007089474249108873,True,False
1XQH,226,0.6973,0.007168560017624829,False,False
1XQH,227,0.6621,0.0024488343322619094,False,False
1XQH,228,0.4365,0.005922959163498528,False,False
1XQH,229,0.3149,0.007089474249108873,False,False
1XQH,230,0.1628,0.002338679154686115,False,True
1XQH,231,0.4484,0.006033114341074324,True,False
1XQH,232,0.0498,0.002338679154686115,False,True
1XQH,233,0.1443,0.004787513486948024,False,True
1XQH,234,0.5501,0.007089474249108873,False,False
1XQH,235,0.4154,0.007168560017624829,False,False
1XQH,236,0.0122,0.004787513486948024,False,True
1XQH,237,0.1683,0.007010388480592917,False,True
1XQH,238,0.4704,0.007168560017624829,False,False
1XQH,239,0.2674,0.007089474249108873,False,False
1XQH,240,0.0721,0.002338679154686115,False,True
1XQH,241,0.6253,0.007089474249108873,False,False
1XQH,242,0.4409,0.007089474249108873,False,False
1XQH,243,0.2461,0.003615349417872254,False,True
1XQH,244,0.5385,0.007089474249108873,False,False
1XQH,245,0.3838,0.007089474249108873,False,False
1XQH,246,0.7715,0.007089474249108873,False,False
1XQH,247,0.3925,0.005922959163498528,False,False
1XQH,248,0.8125,0.007089474249108873,False,False
1XQH,249,0.9213,0.007089474249108873,False,False
1XV9,0,0.8821,0.006177773810296695,False,False
1XV9,1,0.464,0.006183860286957087,False,False
1XV9,2,0.7082,0.006183860286957087,False,False
1XV9,3,0.2214,0.0019436148802181392,False,True
1XV9,4,0.3518,0.005007141465948192,False,False
1XV9,5,0.7501,0.006183860286957087,False,False
1XV9,6,0.6683,0.006183860286957087,False,False
1XV9,7,0.1459,0.0038425955982600794,False,True
1XV9,8,0.4398,0.006171687333636305,False,False
1XV9,9,0.4454,0.006183860286957087,False,False
1XV9,10,0.209,0.003864912679348179,False,True
1XV9,11,0.1287,0.003864912679348179,False,True
1XV9,12,0.6059,0.006183860286957087,False,False
1XV9,13,0.322,0.006177773810296695,False,False
1XV9,14,0.0781,0.003864912679348179,False,True
1XV9,15,0.239,0.006171687333636305,False,True
1XV9,16,0.1832,0.006171687333636305,False,True
1XV9,17,0.0,0.0019436148802181392,False,True
1XV9,18,0.1091,0.003864912679348179,False,True
1XV9,19,0.4117,0.006183860286957087,False,False
1XV9,20,0.6166,0.006177773810296695,False,False
1XV9,21,0.1292,0.0019436148802181392,False,True
1XV9,22,0.0111,0.003864912679348179,False,True
1XV9,23,0.2796,0.005035545023696682,False,False
1XV9,24,0.513,0.005007141465948192,False,False
1XV9,25,0.0216,0.0,False,True
1XV9,26,0.005,0.003864912679348179,False,True
1XV9,27,0.4958,0.006177773810296695,False,False
1XV9,28,0.3305,0.006183860286957087,False,False
1XV9,29,0.0101,0.0019436148802181392,False,True
1XV9,30,0.2536,0.006171687333636305,False,False
1XV9,31,0.4738,0.006177773810296695,False,False
1XV9,32,0.1409,0.0,False,True
1XV9,33,0.6196,0.006177773810296695,False,False
1XV9,34,0.1315,0.0,False,True
1XV9,35,0.1139,0.0,False,True
1XV9,36,0.5714,0.006183860286957087,False,False
1XV9,37,0.1094,0.0019436148802181392,False,True
1XV9,38,0.006,0.0,False,True
1XV9,39,0.3303,0.0,False,False
1XV9,40,0.5333,0.006183860286957087,False,False
1XV9,41,0.3404,0.005007141465948192,False,False
1XV9,42,0.7801,0.006177773810296695,False,False
1XV9,43,0.5435,0.006177773810296695,False,False
1XV9,44,0.4219,0.006177773810296695,False,False
1XV9,45,0.1203,0.0019436148802181392,False,True
1XV9,46,0.4633,0.005035545023696682,False,False
1XV9,47,0.7159,0.006183860286957087,False,False
1XV9,48,0.7861,0.006177773810296695,False,False
1XV9,49,0.2247,0.003864912679348179,False,True
1XV9,50,0.5586,0.006183860286957087,False,False
1XV9,51,0.2466,0.003864912679348179,False,True
1XV9,52,0.5313,0.006183860286957087,False,False
1XV9,53,0.4354,0.0019436148802181392,False,False
1XV9,54,0.036,0.0,False,True
1XV9,55,0.1319,0.005029458547036291,False,True
1XV9,56,0.2964,0.006183860286957087,False,False
1XV9,57,0.0162,0.0,False,True
1XV9,58,0.161,0.0019212977991300397,False,True
1XV9,59,0.0166,0.003864912679348179,False,True
1XV9,60,0.1964,0.005035545023696682,False,True
1XV9,61,0.0674,0.0,False,True
1XV9,62,0.0728,0.003864912679348179,False,True
1XV9,63,0.1818,0.0038425955982600794,False,True
1XV9,64,0.0654,0.0030858436668181524,False,True
1XV9,65,0.086,0.003864912679348179,False,True
1XV9,66,0.0069,0.0,False,True
1XV9,67,0.3938,0.006171687333636305,False,False
1XV9,68,0.0718,0.0038872297604362785,False,True
1XV9,69,0.0278,0.0019436148802181392,False,True
1XV9,70,0.2513,0.0,False,False
1XV9,71,0.4165,0.006177773810296695,False,False
1XV9,72,0.0252,0.003864912679348179,False,True
1XV9,73,0.0062,0.003864912679348179,False,True
1XV9,74,0.462,0.006171687333636305,False,False
1XV9,75,0.3165,0.005035545023696682,False,False
1XV9,76,0.1076,0.003864912679348179,False,True
1XV9,77,0.594,0.006183860286957087,False,False
1XV9,78,0.3609,0.006171687333636305,False,False
1XV9,79,0.0146,0.0019436148802181392,False,True
1XV9,80,0.4629,0.006171687333636305,False,False
1XV9,81,0.4747,0.005007141465948192,False,False
1XV9,82,0.028,0.0,False,True
1XV9,83,0.2658,0.0030858436668181524,False,False
1XV9,84,0.5255,0.0019436148802181392,False,False
1XV9,85,0.5276,0.0038425955982600794,False,False
1XV9,86,0.0,0.0038425955982600794,False,True
1XV9,87,0.0658,0.0030919301434785434,False,True
1XV9,88,0.4168,0.0,False,False
1XV9,89,0.076,0.0019436148802181392,False,True
1XV9,90,0.0,0.0019436148802181392,False,True
1XV9,91,0.1081,0.0,False,True
1XV9,92,0.2198,0.005029458547036291,False,True
1XV9,93,0.1264,0.0030858436668181524,False,True
1XV9,94,0.0,0.0019436148802181392,False,True
1XV9,95,0.0094,0.0,False,True
1XV9,96,0.0617,0.003864912679348179,False,True
1XV9,97,0.0144,0.003864912679348179,False,True
1XV9,98,0.0123,0.0019436148802181392,False,True
1XV9,99,0.0872,0.0019436148802181392,False,True
1XV9,100,0.1043,0.003864912679348179,False,True
1XV9,101,0.0238,0.0019436148802181392,False,True
1XV9,102,0.0694,0.0007729825358696358,False,True
1XV9,103,0.1382,0.003864912679348179,False,True
1XV9,104,0.0,0.0019436148802181392,False,True
1XV9,105,0.2938,0.006177773810296695,False,False
1XV9,106,0.1068,0.005007141465948192,False,True
1XV9,107,0.0134,0.0,False,True
1XV9,108,0.1522,0.0030858436668181524,False,True
1XV9,109,0.4268,0.006177773810296695,False,False
1XV9,110,0.7616,0.006183860286957087,False,False
1XV9,111,0.3844,0.003864912679348179,False,False
1XV9,112,0.3156,0.006171687333636305,False,False
1XV9,113,0.0886,0.006177773810296695,False,True
1XV9,114,0.0855,0.0019436148802181392,False,True
1XV9,115,0.2516,0.006183860286957087,False,False
1XV9,116,0.0,0.0019436148802181392,False,True
1XV9,117,0.3505,0.001142228786600013,False,False
1XV9,118,0.4193,0.006183860286957087,False,False
1XV9,119,0.0053,0.0,False,True
1XV9,120,0.1746,0.005035545023696682,False,True
1XV9,121,0.1332,0.0019436148802181392,False,True
1XV9,122,0.1988,0.006177773810296695,False,True
1XV9,123,0.3119,0.006171687333636305,False,False
1XV9,124,0.3818,0.005013227942608582,False,False
1XV9,125,0.0932,0.0038425955982600794,False,True
1XV9,126,0.1709,0.0,False,True
1XV9,127,0.3929,0.006171687333636305,False,False
1XV9,128,0.2887,0.006171687333636305,False,False
1XV9,129,0.0978,0.0,False,True
1XV9,130,0.3055,0.0,False,False
1XV9,131,0.0631,0.0,False,True
1XV9,132,0.3589,0.003864912679348179,False,False
1XV9,133,0.5505,0.006183860286957087,False,False
1XV9,134,0.6237,0.006183860286957087,True,False
1XV9,135,0.0896,0.0019436148802181392,False,True
1XV9,136,0.0601,0.0,False,True
1XV9,137,0.5162,0.006183860286957087,True,False
1XV9,138,0.4547,0.006171687333636305,True,False
1XV9,139,0.0961,0.003864912679348179,False,True
1XV9,140,0.0704,0.003864912679348179,False,True
1XV9,141,0.5516,0.006177773810296695,True,False
1XV9,142,0.0846,0.0,False,True
1XV9,143,0.0,0.0,False,True
1XV9,144,0.0464,0.006183860286957087,False,True
1XV9,145,0.2541,0.006183860286957087,True,False
1XV9,146,0.012,0.001142228786600013,False,True
1XV9,147,0.243,0.005029458547036291,False,True
1XV9,148,0.5384,0.006177773810296695,False,False
1XV9,149,0.0541,0.005007141465948192,False,True
1XV9,150,0.3858,0.006177773810296695,False,False
1XV9,151,0.049,0.0019212977991300397,False,True
1XV9,152,0.237,0.006177773810296695,False,True
1XV9,153,0.397,0.006177773810296695,False,False
1XV9,154,0.1738,0.006183860286957087,False,True
1XV9,155,0.0577,0.005013227942608582,False,True
1XV9,156,0.1086,0.005029458547036291,False,True
1XV9,157,0.0347,0.003864912679348179,False,True
1XV9,158,0.0294,0.0,False,True
1XV9,159,0.0421,0.0,False,True
1XV9,160,0.0374,0.0019436148802181392,False,True
1XV9,161,0.0374,0.005013227942608582,False,True
1XV9,162,0.1207,0.003864912679348179,False,True
1XV9,163,0.0177,0.0019436148802181392,False,True
1XV9,164,0.018,0.0019212977991300397,False,True
1XV9,165,0.0743,0.003864912679348179,False,True
1XV9,166,0.0207,0.0038425955982600794,False,True
1XV9,167,0.0135,0.0019436148802181392,False,True
1XV9,168,0.459,0.003864912679348179,True,False
1XV9,169,0.0574,0.0007506654547815361,False,True
1XV9,170,0.7392,0.005007141465948192,True,False
1XV9,171,0.4641,0.0,False,False
1XV9,172,0.1972,0.0019436148802181392,False,True
1XV9,173,0.477,0.006177773810296695,False,False
1XV9,174,0.3095,0.006183860286957087,False,False
1XV9,175,0.3882,0.006171687333636305,True,False
1XV9,176,0.6063,0.006183860286957087,False,False
1XV9,177,0.2865,0.006171687333636305,False,False
1XV9,178,0.0,0.003864912679348179,False,True
1XV9,179,0.2221,0.006171687333636305,False,True
1XV9,180,0.4887,0.006183860286957087,False,False
1XV9,181,0.0781,0.003864912679348179,False,True
1XV9,182,0.258,0.006183860286957087,True,False
1XV9,183,0.4603,0.006171687333636305,True,False
1XV9,184,0.3906,0.006183860286957087,False,False
1XV9,185,0.0384,0.003864912679348179,False,True
1XV9,186,0.0936,0.005035545023696682,False,True
1XV9,187,0.4853,0.006177773810296695,True,False
1XV9,188,0.0374,0.005035545023696682,False,True
1XV9,189,0.018,0.003864912679348179,False,True
1XV9,190,0.3085,0.006177773810296695,True,False
1XV9,191,0.1565,0.006171687333636305,False,True
1XV9,192,0.1616,0.003864912679348179,False,True
1XV9,193,0.0701,0.003864912679348179,False,True
1XV9,194,0.53,0.006171687333636305,True,False
1XV9,195,0.1856,0.006177773810296695,False,True
1XV9,196,0.1615,0.006171687333636305,False,True
1XV9,197,0.6303,0.006171687333636305,False,False
1XV9,198,0.6644,0.006177773810296695,False,False
1XV9,199,0.6021,0.006171687333636305,False,False
1XV9,200,0.4554,0.006183860286957087,False,False
1XV9,201,0.0892,0.006171687333636305,False,True
1XV9,202,0.2936,0.005007141465948192,True,False
1XV9,203,0.6565,0.006183860286957087,True,False
1XV9,204,0.4579,0.006177773810296695,True,False
1XV9,205,0.018,0.006177773810296695,False,True
1XV9,206,0.1781,0.005007141465948192,False,True
1XV9,207,0.4662,0.006177773810296695,True,False
1XV9,208,0.4812,0.006171687333636305,True,False
1XV9,209,0.024,0.0019436148802181392,False,True
1XV9,210,0.3257,0.005007141465948192,True,False
1XV9,211,0.3227,0.006183860286957087,True,False
1XV9,212,0.0661,0.005007141465948192,False,True
1XV9,213,0.1021,0.003864912679348179,False,True
1XV9,214,0.3785,0.0,True,False
1XV9,215,0.3954,0.006171687333636305,True,False
1XV9,216,0.024,0.0019436148802181392,False,True
1XV9,217,0.3177,0.006183860286957087,True,False
1XV9,218,0.4159,0.006183860286957087,True,False
1XV9,219,0.049,0.0019436148802181392,False,True
1XV9,220,0.1162,0.005029458547036291,False,True
1XV9,221,0.6635,0.006183860286957087,True,False
1XV9,222,0.2423,0.006177773810296695,False,True
1XV9,223,0.0505,0.003864912679348179,False,True
1XV9,224,0.0813,0.0030635265857300526,False,True
1XV9,225,0.4952,0.006171687333636305,True,False
1XV9,226,0.0437,0.003864912679348179,False,True
1XV9,227,0.0184,0.0019212977991300397,False,True
1XV9,228,0.5492,0.006171687333636305,False,False
1XV9,229,0.3795,0.006183860286957087,False,False
1XV9,230,0.1028,0.0019212977991300397,False,True
1XV9,231,0.7582,0.006177773810296695,False,False
1XV9,232,0.5043,0.003864912679348179,False,False
1XV9,233,0.012,0.0,False,True
1XV9,234,0.1695,0.006177773810296695,False,True
1XV9,235,0.5241,0.006183860286957087,False,False
1XV9,236,0.412,0.006171687333636305,False,False
1XV9,237,0.0,0.0019436148802181392,False,True
1XV9,238,0.4827,0.0019436148802181392,False,False
1XV9,239,0.1502,0.0,False,True
1XV9,240,0.0,0.0,False,True
1XV9,241,0.3701,0.006177773810296695,False,False
1XV9,242,0.5552,0.0038425955982600794,False,False
1XV9,243,0.0953,0.0019436148802181392,False,True
1XV9,244,0.2094,0.0019212977991300397,False,True
1XV9,245,0.7297,0.006177773810296695,False,False
1XVP,0,0.8318,0.006087817522449457,False,False
1XVP,1,0.4394,0.006087817522449457,False,False
1XVP,2,0.7124,0.006087817522449457,False,False
1XVP,3,0.2342,0.005073516685651267,False,True
1XVP,4,0.4199,0.006087817522449457,False,False
1XVP,5,0.7517,0.00610995504071291,False,False
1XVP,6,0.6616,0.00610995504071291,False,False
1XVP,7,0.1502,0.004081353367116528,False,True
1XVP,8,0.5282,0.0060656800041860035,False,False
1XVP,9,0.4617,0.00610995504071291,False,False
1XVP,10,0.173,0.002040676683558264,False,True
1XVP,11,0.1587,0.002040676683558264,False,True
1XVP,12,0.6363,0.006087817522449457,False,False
1XVP,13,0.2977,0.00610995504071291,False,False
1XVP,14,0.0961,0.003924378237612046,False,True
1XVP,15,0.2149,0.006087817522449457,False,True
1XVP,16,0.1613,0.006087817522449457,False,True
1XVP,17,0.0348,0.002040676683558264,False,True
1XVP,18,0.0788,0.002040676683558264,False,True
1XVP,19,0.4428,0.00610995504071291,False,False
1XVP,20,0.6253,0.006087817522449457,False,False
1XVP,21,0.1096,0.0018837015540537824,False,True
1XVP,22,0.0493,0.002040676683558264,False,True
1XVP,23,0.4342,0.005073516685651267,False,False
1XVP,24,0.4374,0.006087817522449457,False,False
1XVP,25,0.0384,0.0018837015540537824,False,True
1XVP,26,0.0201,0.0018837015540537824,False,True
1XVP,27,0.455,0.00610995504071291,False,False
1XVP,28,0.3066,0.00610995504071291,False,False
1XVP,29,0.0151,0.0018837015540537824,False,True
1XVP,30,0.2127,0.00610995504071291,False,True
1XVP,31,0.5659,0.0060656800041860035,False,False
1XVP,32,0.1962,0.003924378237612046,False,True
1XVP,33,0.5769,0.006087817522449457,False,False
1XVP,34,0.129,0.0018837015540537824,False,True
1XVP,35,0.1208,0.0,False,True
1XVP,36,0.5433,0.006087817522449457,False,False
1XVP,37,0.1184,0.0018837015540537824,False,True
1XVP,38,0.0,0.0,False,True
1XVP,39,0.3879,0.002040676683558264,False,False
1XVP,40,0.5088,0.005073516685651267,False,False
1XVP,41,0.3418,0.006087817522449457,False,False
1XVP,42,0.7705,0.00610995504071291,False,False
1XVP,43,0.4679,0.006087817522449457,False,False
1XVP,44,0.5216,0.003924378237612046,False,False
1XVP,45,0.1323,0.004938679074410237,False,True
1XVP,46,0.4557,0.005073516685651267,False,False
1XVP,47,0.6535,0.006087817522449457,False,False
1XVP,48,0.7615,0.00610995504071291,False,False
1XVP,49,0.1925,0.005073516685651267,False,True
1XVP,50,0.5215,0.006087817522449457,False,False
1XVP,51,0.3104,0.004938679074410237,False,False
1XVP,52,0.6045,0.0049608165926736895,False,False
1XVP,53,0.3991,0.003924378237612046,False,False
1XVP,54,0.0534,0.0,False,True
1XVP,55,0.1041,0.003767403108107565,False,True
1XVP,56,0.2948,0.0060656800041860035,False,False
1XVP,57,0.0108,0.0,False,True
1XVP,58,0.156,0.0018837015540537824,False,True
1XVP,59,0.0187,0.0018837015540537824,False,True
1XVP,60,0.2207,0.004938679074410236,False,True
1XVP,61,0.0307,0.0018837015540537824,False,True
1XVP,62,0.0776,0.003924378237612046,False,True
1XVP,63,0.1794,0.004081353367116528,False,True
1XVP,64,0.0805,0.0018837015540537824,False,True
1XVP,65,0.0755,0.003924378237612046,False,True
1XVP,66,0.0,0.003924378237612046,False,True
1XVP,67,0.4105,0.0060656800041860035,False,False
1XVP,68,0.1302,0.005073516685651267,False,True
1XVP,69,0.0278,0.003924378237612046,False,True
1XVP,70,0.2636,0.0,False,False
1XVP,71,0.3972,0.006087817522449457,False,False
1XVP,72,0.0604,0.003924378237612046,False,True
1XVP,73,0.0195,0.003924378237612046,False,True
1XVP,74,0.4675,0.003054977520356455,False,False
1XVP,75,0.3422,0.0060656800041860035,False,False
1XVP,76,0.1262,0.003924378237612046,False,True
1XVP,77,0.5697,0.006087817522449457,False,False
1XVP,78,0.3609,0.0060656800041860035,False,False
1XVP,79,0.0197,0.0018837015540537824,False,True
1XVP,80,0.4271,0.0030328400020930017,False,False
1XVP,81,0.4746,0.006087817522449457,False,False
1XVP,82,0.0213,0.0018837015540537824,False,True
1XVP,83,0.2651,0.0018837015540537824,False,False
1XVP,84,0.5421,0.005073516685651267,False,False
1XVP,85,0.5616,0.00610995504071291,False,False
1XVP,86,0.0,0.0018837015540537822,False,True
1XVP,87,0.0842,0.004916541556146785,False,True
1XVP,88,0.4347,0.0018837015540537824,False,False
1XVP,89,0.0899,0.003924378237612046,False,True
1XVP,90,0.0,0.0,False,True
1XVP,91,0.0961,0.0018837015540537824,False,True
1XVP,92,0.2474,0.004916541556146785,False,True
1XVP,93,0.08,0.003924378237612046,False,True
1XVP,94,0.0094,0.0018837015540537824,False,True
1XVP,95,0.0094,0.0,False,True
1XVP,96,0.0478,0.003924378237612046,False,True
1XVP,97,0.0048,0.005073516685651266,False,True
1XVP,98,0.0184,0.003924378237612046,False,True
1XVP,99,0.1018,0.003924378237612046,False,True
1XVP,100,0.1474,0.003924378237612046,False,True
1XVP,101,0.0184,0.002040676683558264,False,True
1XVP,102,0.118,0.002040676683558264,False,True
1XVP,103,0.1021,0.003924378237612046,False,True
1XVP,104,0.0,0.003924378237612046,False,True
1XVP,105,0.2938,0.0060656800041860035,False,False
1XVP,106,0.0827,0.0060656800041860035,False,True
1XVP,107,0.0357,0.0018837015540537824,False,True
1XVP,108,0.1219,0.0030328400020930017,False,True
1XVP,109,0.3265,0.005073516685651267,False,False
1XVP,110,0.7584,0.00610995504071291,False,False
1XVP,111,0.4,0.005073516685651267,False,False
1XVP,112,0.355,0.0060656800041860035,False,False
1XVP,113,0.0941,0.006087817522449457,False,True
1XVP,114,0.0755,0.002040676683558264,False,True
1XVP,115,0.2636,0.00610995504071291,False,False
1XVP,116,0.0,0.0018837015540537824,False,True
1XVP,117,0.2759,0.0018837015540537824,False,False
1XVP,118,0.4152,0.0060656800041860035,False,False
1XVP,119,0.0053,0.0018837015540537824,False,True
1XVP,120,0.203,0.003924378237612046,False,True
1XVP,121,0.1378,0.002040676683558264,False,True
1XVP,122,0.2128,0.006087817522449457,False,True
1XVP,123,0.28,0.0060656800041860035,False,False
1XVP,124,0.4071,0.00610995504071291,False,False
1XVP,125,0.1064,0.004081353367116528,False,True
1XVP,126,0.1488,0.0,False,True
1XVP,127,0.3857,0.0060656800041860035,False,False
1XVP,128,0.2408,0.003767403108107565,False,True
1XVP,129,0.0986,0.0018837015540537824,False,True
1XVP,130,0.2321,0.0,False,True
1XVP,131,0.0626,0.003924378237612046,False,True
1XVP,132,0.2377,0.005073516685651267,False,True
1XVP,133,0.5102,0.006087817522449457,False,False
1XVP,134,0.5919,0.00610995504071291,True,False
1XVP,135,0.0549,0.0018837015540537824,False,True
1XVP,136,0.0961,0.0,False,True
1XVP,137,0.5036,0.00610995504071291,True,False
1XVP,138,0.3412,0.00610995504071291,True,False
1XVP,139,0.1021,0.0,False,True
1XVP,140,0.1303,0.003189815131597484,False,True
1XVP,141,0.545,0.006087817522449457,True,False
1XVP,142,0.0498,0.002040676683558264,False,True
1XVP,143,0.0054,0.0,False,True
1XVP,144,0.0697,0.00610995504071291,False,True
1XVP,145,0.2661,0.0060656800041860035,True,False
1XVP,146,0.012,0.002040676683558264,False,True
1XVP,147,0.2467,0.002040676683558264,False,True
1XVP,148,0.6036,0.006087817522449457,False,False
1XVP,149,0.0955,0.002040676683558264,False,True
1XVP,150,0.5442,0.0060656800041860035,False,False
1XVP,151,0.0655,0.002040676683558264,False,True
1XVP,152,0.2862,0.005073516685651267,False,False
1XVP,153,0.4172,0.006087817522449457,False,False
1XVP,154,0.1721,0.00610995504071291,False,True
1XVP,155,0.0361,0.005095654203914718,False,True
1XVP,156,0.0775,0.0,False,True
1XVP,157,0.0478,0.003924378237612046,False,True
1XVP,158,0.024,0.002040676683558264,False,True
1XVP,159,0.036,0.002040676683558264,False,True
1XVP,160,0.0843,0.003924378237612046,False,True
1XVP,161,0.0646,0.005095654203914718,False,True
1XVP,162,0.0784,0.002040676683558264,False,True
1XVP,163,0.0,0.0018837015540537824,False,True
1XVP,164,0.03,0.0018837015540537824,False,True
1XVP,165,0.0453,0.003924378237612046,False,True
1XVP,166,0.0069,0.00610995504071291,False,True
1XVP,167,0.0725,0.0,False,True
1XVP,168,0.5188,0.005073516685651266,True,False
1XVP,169,0.0719,0.0030328400020930026,False,True
1XVP,170,0.7349,0.004059215848853075,True,False
1XVP,171,0.4527,0.0018837015540537824,False,False
1XVP,172,0.1694,0.0,False,True
1XVP,173,0.4622,0.006087817522449457,False,False
1XVP,174,0.3161,0.004081353367116528,False,False
1XVP,175,0.4166,0.003767403108107565,True,False
1XVP,176,0.5936,0.00610995504071291,False,False
1XVP,177,0.3103,0.0060656800041860035,False,False
1XVP,178,0.0,0.0018837015540537824,False,True
1XVP,179,0.2561,0.006087817522449457,True,False
1XVP,180,0.5638,0.00610995504071291,False,False
1XVP,181,0.0901,0.003924378237612046,False,True
1XVP,182,0.2243,0.004938679074410237,False,True
1XVP,183,0.4669,0.004081353367116528,True,False
1XVP,184,0.3997,0.00610995504071291,False,False
1XVP,185,0.0436,0.002040676683558264,False,True
1XVP,186,0.1123,0.0060656800041860035,False,True
1XVP,187,0.4419,0.0060656800041860035,True,False
1XVP,188,0.0311,0.0,False,True
1XVP,189,0.0173,0.002040676683558264,False,True
1XVP,190,0.3446,0.005073516685651267,True,False
1XVP,191,0.0916,0.0060656800041860035,False,True
1XVP,192,0.1948,0.005073516685651267,False,True
1XVP,193,0.1062,0.002040676683558264,False,True
1XVP,194,0.5088,0.00610995504071291,True,False
1XVP,195,0.1804,0.006087817522449457,False,True
1XVP,196,0.199,0.0060656800041860035,False,True
1XVP,197,0.6422,0.00610995504071291,False,False
1XVP,198,0.699,0.00610995504071291,False,False
1XVP,199,0.6697,0.0060656800041860035,False,False
1XVP,200,0.5802,0.00610995504071291,False,False
1XVP,201,0.1105,0.0060656800041860035,False,True
1XVP,202,0.3783,0.005073516685651266,True,False
1XVP,203,0.6871,0.00610995504071291,True,False
1XVP,204,0.5027,0.005073516685651267,True,False
1XVP,205,0.018,0.003054977520356455,False,True
1XVP,206,0.1795,0.002040676683558264,False,True
1XVP,207,0.4846,0.005095654203914718,True,False
1XVP,208,0.4819,0.00610995504071291,True,False
1XVP,209,0.036,0.003924378237612046,False,True
1XVP,210,0.3711,0.003924378237612046,True,False
1XVP,211,0.3214,0.006087817522449457,True,False
1XVP,212,0.0901,0.0,False,True
1XVP,213,0.0901,0.003924378237612046,False,True
1XVP,214,0.3858,0.003189815131597484,True,False
1XVP,215,0.3238,0.00610995504071291,True,False
1XVP,216,0.024,0.002040676683558264,False,True
1XVP,217,0.2591,0.004081353367116528,True,False
1XVP,218,0.4269,0.0060656800041860035,True,False
1XVP,219,0.0245,0.002040676683558264,False,True
1XVP,220,0.1459,0.0060656800041860035,False,True
1XVP,221,0.6683,0.00610995504071291,True,False
1XVP,222,0.2143,0.0060656800041860035,False,True
1XVP,223,0.0321,0.002040676683558264,False,True
1XVP,224,0.1277,0.003924378237612046,False,True
1XVP,225,0.458,0.0060656800041860035,True,False
1XVP,226,0.0437,0.0018837015540537824,False,True
1XVP,227,0.0245,0.003924378237612046,False,True
1XVP,228,0.5765,0.0060656800041860035,False,False
1XVP,229,0.3785,0.0060656800041860035,False,False
1XVP,230,0.079,0.0,False,True
1XVP,231,0.7954,0.005073516685651267,False,False
1XVP,232,0.4231,0.003924378237612046,False,False
1XVP,233,0.0,0.002040676683558264,False,True
1XVP,234,0.1903,0.006087817522449457,False,True
1XVP,235,0.6169,0.00610995504071291,False,False
1XVP,236,0.3654,0.003924378237612046,False,False
1XVP,237,0.0054,0.003924378237612046,False,True
1XVP,238,0.4624,0.005073516685651267,False,False
1XVP,239,0.2043,0.0,False,True
1XVP,240,0.006,0.002040676683558264,False,True
1XVP,241,0.3531,0.0060656800041860035,False,False
1XVP,242,0.5342,0.004081353367116528,False,False
1XVP,243,0.0899,0.0018837015540537824,False,True
1XVP,244,0.216,0.002040676683558264,False,True
1XVP,245,0.7988,0.005073516685651267,False,False
1Y4H,0,0.7796,0.011843289592117105,False,False
1Y4H,1,0.4591,0.00391618109179339,False,False
1Y4H,2,0.4763,0.008195556397745038,False,False
1Y4H,3,0.3103,0.01196961801443302,False,False
1Y4H,4,0.5065,0.009900990099009901,False,False
1Y4H,5,0.0886,0.008013959290665907,False,True
1Y4H,6,0.3213,0.009956258783773113,False,False
1Y4H,7,0.0267,0.0,False,True
1Y4H,8,0.6384,0.01171696116980119,False,False
1Y4H,9,0.2847,0.008013959290665907,False,False
1Y4H,10,0.1641,0.00391618109179339,False,True
1Y4H,11,0.514,0.01171696116980119,False,False
1Y4H,12,0.2665,0.0,False,False
1Y4H,13,0.4216,0.01171696116980119,False,False
1Y4H,14,0.2363,0.008195556397745038,False,True
1Y4H,15,0.2533,0.009900990099009901,True,False
1Y4H,16,0.0577,0.0,False,True
1Y4H,17,0.6149,0.011843289592117105,True,False
1Y4H,18,0.6812,0.00806922797542912,True,False
1Y4H,19,0.1705,0.004097778198872518,False,True
1Y4H,20,0.2991,0.00391618109179339,True,False
1Y4H,21,0.1017,0.004097778198872519,False,True
1Y4H,22,0.0848,0.0,False,True
1Y4H,23,0.0272,0.0,False,True
1Y4H,24,0.0,0.004097778198872519,False,True
1Y4H,25,0.0397,0.00391618109179339,False,True
1Y4H,26,0.0,0.0,False,True
1Y4H,27,0.0,0.0,False,True
1Y4H,28,0.0,0.0,False,True
1Y4H,29,0.101,0.008013959290665907,False,True
1Y4H,30,0.0,0.00391618109179339,False,True
1Y4H,31,0.0,0.0,False,True
1Y4H,32,0.0335,0.00391618109179339,False,True
1Y4H,33,0.0,0.0,False,True
1Y4H,34,0.0934,0.00391618109179339,False,True
1Y4H,35,0.3414,0.010082587206089028,False,False
1Y4H,36,0.5166,0.011843289592117105,False,False
1Y4H,37,0.2245,0.005858480584900595,False,True
1Y4H,38,0.5416,0.01196961801443302,False,False
1Y4H,39,0.58,0.01196961801443302,False,False
1Y4H,40,0.1392,0.0,False,True
1Y4H,41,0.21,0.009956258783773113,False,True
1Y4H,42,0.0094,0.0,False,True
1Y4H,43,0.2655,0.01171696116980119,False,False
1Y4H,44,0.4117,0.008140287712981822,False,False
1Y4H,45,0.0184,0.0,False,True
1Y4H,46,0.0,0.004097778198872519,False,True
1Y4H,47,0.2279,0.00783236218358678,False,True
1Y4H,48,0.4972,0.010082587206089028,False,False
1Y4H,49,0.168,0.004097778198872519,False,True
1Y4H,50,0.1403,0.0,False,True
1Y4H,51,0.566,0.00391618109179339,False,False
1Y4H,52,0.7615,0.01196961801443302,False,False
1Y4H,53,0.2259,0.0,False,True
1Y4H,54,0.373,0.0,False,False
1Y4H,55,0.4787,0.00806922797542912,False,False
1Y4H,56,0.6907,0.009956258783773113,False,False
1Y4H,57,0.4144,0.01196961801443302,False,False
1Y4H,58,0.0,0.0,False,True
1Y4H,59,0.2203,0.007887630868349992,False,True
1Y4H,60,0.6347,0.011843289592117105,True,False
1Y4H,61,0.091,0.00598480900721651,False,True
1Y4H,62,0.3616,0.0,True,False
1Y4H,63,0.1639,0.00391618109179339,False,True
1Y4H,64,0.5233,0.011843289592117105,True,False
1Y4H,65,0.4177,0.009900990099009901,True,False
1Y4H,66,0.5023,0.01196961801443302,False,False
1Y4H,67,0.111,0.00391618109179339,False,True
1Y4H,68,0.0431,0.0,False,True
1Y4H,69,0.2513,0.004097778198872519,False,False
1Y4H,70,0.5325,0.011843289592117105,False,False
1Y4H,71,0.0858,0.008013959290665907,False,True
1Y4H,72,0.0,0.0,False,True
1Y4H,73,0.4885,0.01171696116980119,False,False
1Y4H,74,0.4854,0.00783236218358678,False,False
1Y4H,75,0.184,0.008013959290665907,False,True
1Y4H,76,0.5803,0.00391618109179339,False,False
1Y4H,77,0.1882,0.00783236218358678,False,True
1Y4H,78,0.5817,0.01196961801443302,False,False
1Y4H,79,0.0544,0.0,False,True
1Y4H,80,0.4319,0.011843289592117105,False,False
1Y4H,81,0.3956,0.008013959290665907,False,False
1Y4H,82,0.2309,0.009900990099009901,False,True
1Y4H,83,0.6742,0.009956258783773113,False,False
1Y4H,84,0.2438,0.0,False,True
1Y4H,85,0.2294,0.004097778198872519,False,True
1Y4H,86,0.0,0.0,False,True
1Y4H,87,0.3975,0.0,False,False
1Y4H,88,0.1059,0.0,False,True
1Y4H,89,0.5938,0.01196961801443302,False,False
1Y4H,90,0.2223,0.01196961801443302,False,True
1Y4H,91,0.0,0.0,False,True
1Y4H,92,0.1368,0.01171696116980119,False,True
1Y4H,93,0.3729,0.011843289592117105,False,False
1Y4H,94,0.0841,0.0,False,True
1Y4H,95,0.0436,0.0,False,True
1Y4H,96,0.5242,0.01196961801443302,False,False
1Y4H,97,0.4873,0.011843289592117105,False,False
1Y4H,98,0.1603,0.008013959290665907,False,True
1Y4H,99,0.219,0.008013959290665907,False,True
1Y4H,100,0.0,0.0,False,True
1Y4H,101,0.0123,0.0,False,True
1Y4H,102,0.0,0.0,False,True
1Y4H,103,0.0,0.0,False,True
1Y4H,104,0.03,0.008013959290665907,False,True
1Y4H,105,0.0251,0.0,False,True
1Y4H,106,0.3203,0.01196961801443302,False,False
1Y4H,107,0.1168,0.0,False,True
1Y4H,108,0.3862,0.009900990099009901,True,False
1Y4H,109,0.2676,0.009900990099009901,False,False
1Y4H,110,0.6207,0.011843289592117105,True,False
1Y4H,111,0.3953,0.00598480900721651,True,False
1Y4H,112,0.8242,0.01196961801443302,False,False
1Y4H,113,0.678,0.01196961801443302,True,False
1Y4H,114,0.3194,0.008195556397745038,True,False
1Y4H,115,0.5873,0.00391618109179339,True,False
1Y4H,116,0.4626,0.008013959290665907,True,False
1Y4H,117,0.4746,0.00806922797542912,True,False
1Y4H,118,0.5732,0.007887630868349992,True,False
1Y4H,119,0.0449,0.0,False,True
1Y4H,120,0.0374,0.00391618109179339,False,True
1Y4H,121,0.0,0.0,False,True
1Y4H,122,0.0,0.0,False,True
1Y4H,123,0.0324,0.0,False,True
1Y4H,124,0.0208,0.00391618109179339,False,True
1Y4H,125,0.0,0.0,False,True
1Y4H,126,0.0,0.008013959290665907,False,True
1Y4H,127,0.0,0.008013959290665907,False,True
1Y4H,128,0.3021,0.0,False,False
1Y4H,129,0.1349,0.008013959290665907,False,True
1Y4H,130,0.4983,0.00598480900721651,False,False
1Y4H,131,0.5776,0.004097778198872518,False,False
1Y4H,132,0.4412,0.01171696116980119,False,False
1Y4H,133,0.3927,0.01171696116980119,False,False
1Y4H,134,0.0992,0.00783236218358678,False,True
1Y4H,135,0.018,0.0,False,True
1Y4H,136,0.049,0.0,False,True
1Y4H,137,0.0209,0.0,False,True
1Y4H,138,0.0127,0.0,False,True
1Y4H,139,0.0,0.004097778198872518,False,True
1Y4H,140,0.0,0.0,False,True
1Y4H,141,0.1879,0.00391618109179339,False,True
1Y4H,142,0.1097,0.009956258783773113,False,True
1Y4H,143,0.5349,0.008013959290665907,False,False
1Y4H,144,0.5312,0.011843289592117105,False,False
1Y4H,145,0.3679,0.008013959290665907,False,False
1Y4H,146,0.1747,0.004097778198872519,False,True
1Y4H,147,0.5389,0.008013959290665907,False,False
1Y4H,148,0.0334,0.004097778198872519,False,True
1Y4H,149,0.3548,0.01196961801443302,False,False
1Y4H,150,0.1558,0.0,False,True
1Y4H,151,0.687,0.010082587206089028,False,False
1Y4H,152,0.2231,0.0,False,True
1Y4H,153,0.2766,0.01196961801443302,False,False
1Y4H,154,0.3238,0.009956258783773113,False,False
1Y4H,155,0.0,0.0,False,True
1Y4H,156,0.572,0.011843289592117105,False,False
1Y4H,157,0.0607,0.0,False,True
1Y4H,158,0.223,0.005858480584900595,False,True
1Y4H,159,0.5999,0.009956258783773113,True,False
1Y4H,160,0.7365,0.009956258783773113,True,False
1Y4H,161,0.461,0.01196961801443302,True,False
1Y4H,162,0.3103,0.00806922797542912,False,False
1Y4H,163,0.0499,0.0,False,True
1Y4H,164,0.297,0.01171696116980119,False,False
1Y4H,165,0.0075,0.0,False,True
1Y4H,166,0.3706,0.009956258783773113,True,False
1Y4H,167,0.0,0.00391618109179339,False,True
1Y4H,168,0.0078,0.0,False,True
1Y4H,169,0.0162,0.0,False,True
1Y4H,170,0.0184,0.00391618109179339,False,True
1Y4H,171,0.1199,0.0,False,True
1Y4H,172,0.0081,0.0,False,True
2AST,0,0.9607,0.0,True,False
2AST,1,0.5688,0.0035700350439599317,True,False
2AST,2,0.5256,0.0018251302752828864,True,False
2AST,3,0.6852,0.0047515379594277735,True,False
2AST,4,0.6124,0.005889281507656066,True,False
2AST,5,0.2163,0.0018251302752828864,False,True
2AST,6,0.3494,0.003610147797262852,True,False
2AST,7,0.2683,0.0035700350439599317,False,False
2AST,8,0.5674,0.0058455221404165175,True,False
2AST,9,0.4306,0.003610147797262852,True,False
2AST,10,0.036,0.004747891345491144,False,True
2AST,11,0.1549,0.0018251302752828864,False,True
2AST,12,0.3819,0.0047515379594277735,True,False
2AST,13,0.4155,0.0,True,False
2AST,14,0.0252,0.0018251302752828864,False,True
2AST,15,0.3138,0.004747891345491144,False,False
2AST,16,0.6641,0.003610147797262852,True,False
2AST,17,0.2189,0.0,False,True
2AST,18,0.3889,0.003610147797262852,True,False
2AST,19,0.0481,0.0018251302752828864,False,True
2AST,20,0.4278,0.005889281507656066,True,False
2AST,21,0.3281,0.0035700350439599317,True,False
2AST,22,0.0,0.0,False,True
2AST,23,0.4746,0.0018251302752828864,True,False
2AST,24,0.5566,0.005933040874895616,True,False
2AST,25,0.1249,0.0018251302752828864,False,True
2AST,26,0.1988,0.0018251302752828864,False,True
2AST,27,0.6848,0.005889281507656066,True,False
2AST,28,0.5356,0.0,True,False
2AST,29,0.3527,0.0,True,False
2AST,30,0.7577,0.005889281507656066,True,False
2AST,31,0.2169,0.003650260550565773,False,True
2AST,32,0.2303,0.0,False,True
2AST,33,0.5216,0.005933040874895616,True,False
2AST,34,0.5161,0.005933040874895616,False,False
2AST,35,0.036,0.0018251302752828864,False,True
2AST,36,0.0353,0.0018251302752828864,False,True
2AST,37,0.2801,0.004747891345491144,False,False
2AST,38,0.3186,0.004707778592188224,False,False
2AST,39,0.3334,0.0047515379594277735,False,False
2AST,40,0.3841,0.005889281507656066,False,False
2AST,41,0.012,0.0,False,True
2AST,42,0.0297,0.0,False,True
2AST,43,0.3241,0.005889281507656066,False,False
2AST,44,0.1435,0.0,False,True
2AST,45,0.0,0.0,False,True
2AST,46,0.0333,0.0035700350439599317,False,True
2AST,47,0.0541,0.0,False,True
2AST,48,0.2877,0.005933040874895616,False,False
2AST,49,0.3879,0.003610147797262852,False,False
2AST,50,0.3611,0.004791650712730694,True,False
2AST,51,0.5043,0.005933040874895616,True,False
2AST,52,0.0961,0.0,False,True
2AST,53,0.2324,0.005889281507656066,False,True
2AST,54,0.0,0.0,False,True
2AST,55,0.1042,0.0035700350439599317,False,True
2AST,56,0.2637,0.005889281507656066,True,False
2AST,57,0.0062,0.0018251302752828864,False,True
2AST,58,0.0232,0.0,False,True
2AST,59,0.458,0.005933040874895616,True,False
2AST,60,0.1021,0.0,False,True
2AST,61,0.0113,0.0,False,True
2AST,62,0.4306,0.002966520437447808,False,False
2AST,63,0.1475,0.004791650712730694,False,True
2AST,64,0.0322,0.0,False,True
2AST,65,0.0,0.0,False,True
2AST,66,0.2268,0.005933040874895616,False,True
2AST,67,0.0094,0.0,False,True
2AST,68,0.0151,0.0,False,True
2AST,69,0.0599,0.005889281507656066,False,True
2AST,70,0.0,0.0,False,True
2AST,71,0.0304,0.0047515379594277735,False,True
2AST,72,0.4609,0.005933040874895616,False,False
2AST,73,0.0069,0.0,False,True
2AST,74,0.3724,0.004707778592188224,False,False
2AST,75,0.0054,0.0,False,True
2AST,76,0.491,0.0047515379594277735,False,False
2AST,77,0.365,0.0058455221404165175,False,False
2AST,78,0.589,0.0018251302752828864,False,False
2AST,79,0.2444,0.0018251302752828864,False,True
2AST,80,0.633,0.0047515379594277735,False,False
2AST,81,0.4603,0.005889281507656066,False,False
2AST,82,0.7982,0.0058455221404165175,False,False
2AST,83,0.2266,0.0047515379594277735,False,True
2AST,84,0.4912,0.005889281507656066,False,False
2AST,85,0.6454,0.0058455221404165175,False,False
2AST,86,0.0369,0.0018251302752828864,False,True
2AST,87,0.4293,0.005889281507656066,False,False
2AST,88,0.0,0.0,False,True
2AST,89,0.3319,0.005889281507656066,False,False
2AST,90,0.0832,0.004791650712730694,False,True
2AST,91,0.0057,0.0,False,True
2AST,92,0.0333,0.0035700350439599317,False,True
2AST,93,0.024,0.0,False,True
2AST,94,0.0691,0.0018251302752828864,False,True
2AST,95,0.4268,0.003610147797262852,False,False
2AST,96,0.1046,0.0,False,True
2AST,97,0.347,0.005933040874895616,False,False
2AST,98,0.1111,0.0,False,True
2AST,99,0.4578,0.0047515379594277735,False,False
2AST,100,0.277,0.004747891345491144,False,False
2AST,101,0.5305,0.0058455221404165175,False,False
2AST,102,0.007,0.0,False,True
2AST,103,0.0,0.0,False,True
2AST,104,0.3069,0.0017850175219799658,False,False
2AST,105,0.2439,0.003610147797262852,False,True
2AST,106,0.0368,0.0,False,True
2AST,107,0.0,0.0,False,True
2AST,108,0.224,0.005889281507656066,False,True
2AST,109,0.1895,0.003650260550565773,False,True
2AST,110,0.0,0.0018251302752828864,False,True
2AST,111,0.2741,0.005889281507656066,False,False
2AST,112,0.5498,0.005933040874895616,False,False
2AST,113,0.0,0.0,False,True
2AST,114,0.3293,0.005889281507656066,False,False
2AST,115,0.0112,0.005889281507656066,False,True
2AST,116,0.0,0.0018251302752828864,False,True
2AST,117,0.0069,0.0029227610702082588,False,True
2AST,118,0.0,0.0,False,True
2AST,119,0.1268,0.003610147797262852,False,True
2AST,120,0.3917,0.0,False,False
2AST,121,0.03,0.0,False,True
2AST,122,0.479,0.0058455221404165175,False,False
2AST,123,0.0213,0.0,False,True
2AST,124,0.1064,0.0018251302752828864,False,True
2AST,125,0.2448,0.0035700350439599317,False,True
2AST,126,0.4305,0.005889281507656066,False,False
2AST,127,0.0,0.0,False,True
2AST,128,0.0,0.0,False,True
2AST,129,0.3498,0.005933040874895616,False,False
2AST,130,0.124,0.003610147797262852,False,True
2AST,131,0.0,0.0,False,True
2AST,132,0.1413,0.0018251302752828864,False,True
2AST,133,0.2978,0.005933040874895616,False,False
2AST,134,0.0,0.0018251302752828864,False,True
2AST,135,0.3138,0.005889281507656066,False,False
2AST,136,0.5338,0.005889281507656066,False,False
2AST,137,0.0,0.0018251302752828864,False,True
2AST,138,0.1735,0.0058455221404165175,False,True
2AST,139,0.2243,0.005889281507656066,False,True
2AST,140,0.006,0.0,False,True
2AST,141,0.0,0.0018251302752828864,False,True
2AST,142,0.0,0.0,False,True
2AST,143,0.083,0.0018251302752828864,False,True
2AST,144,0.2308,0.0047515379594277735,False,True
2AST,145,0.0,0.0,False,True
2AST,146,0.0277,0.003610147797262852,False,True
2AST,147,0.2538,0.0,False,False
2AST,148,0.0279,0.0,False,True
2AST,149,0.1768,0.0017850175219799658,False,True
2AST,150,0.1562,0.003610147797262852,False,True
2AST,151,0.5702,0.0058455221404165175,False,False
2AST,152,0.0085,0.0,False,True
2AST,153,0.006,0.0,False,True
2AST,154,0.3165,0.004747891345491144,False,False
2AST,155,0.3796,0.005889281507656066,False,False
2AST,156,0.012,0.0018251302752828864,False,True
2AST,157,0.0287,0.0018251302752828864,False,True
2AST,158,0.4791,0.005933040874895616,False,False
2AST,159,0.1929,0.0017850175219799658,False,True
2AST,160,0.0077,0.0047515379594277735,False,True
2AST,161,0.3848,0.005889281507656066,False,False
2AST,162,0.6015,0.005889281507656066,False,False
2AST,163,0.012,0.0,False,True
2AST,164,0.2048,0.005933040874895616,False,True
2AST,165,0.0913,0.004707778592188224,False,True
2AST,166,0.018,0.0,False,True
2AST,167,0.0,0.002966520437447808,False,True
2AST,168,0.0,0.0018251302752828864,False,True
2AST,169,0.0415,0.0,False,True
2AST,170,0.3368,0.0047515379594277735,False,False
2AST,171,0.0128,0.0017850175219799658,False,True
2AST,172,0.6427,0.0058455221404165175,False,False
2AST,173,0.3001,0.0035700350439599317,False,False
2AST,174,0.0625,0.0,False,True
2AST,175,0.3128,0.003610147797262852,False,False
2AST,176,0.3312,0.005889281507656066,False,False
2AST,177,0.4459,0.0058455221404165175,False,False
2AST,178,0.0539,0.0,False,True
2AST,179,0.0,0.0,False,True
2AST,180,0.3617,0.005933040874895616,False,False
2AST,181,0.0902,0.0017850175219799658,False,True
2AST,182,0.0094,0.0,False,True
2AST,183,0.0278,0.0,False,True
2AST,184,0.3254,0.0058455221404165175,False,False
2AST,185,0.2644,0.001137743548228293,False,False
2AST,186,0.0208,0.0,False,True
2AST,187,0.0737,0.001141390162164922,False,True
2AST,188,0.5187,0.005889281507656066,False,False
2AST,189,0.2948,0.005889281507656066,False,False
2AST,190,0.0,0.0,False,True
2AST,191,0.1895,0.0058455221404165175,False,True
2AST,192,0.1358,0.005933040874895616,False,True
2AST,193,0.012,0.0,False,True
2AST,194,0.0224,0.004707778592188224,False,True
2AST,195,0.018,0.0,False,True
2AST,196,0.0484,0.0,False,True
2AST,197,0.1339,0.0,False,True
2AST,198,0.0704,0.001137743548228293,False,True
2AST,199,0.4116,0.003610147797262852,False,False
2AST,200,0.6754,0.0058455221404165175,False,False
2AST,201,0.257,0.004747891345491144,False,False
2AST,202,0.012,0.0,False,True
2AST,203,0.3211,0.005933040874895616,False,False
2AST,204,0.3669,0.003610147797262852,False,False
2AST,205,0.4502,0.0058455221404165175,False,False
2AST,206,0.0444,0.002966520437447808,False,True
2AST,207,0.0235,0.0,False,True
2AST,208,0.1513,0.005933040874895616,False,True
2AST,209,0.1886,0.005889281507656066,False,True
2AST,210,0.012,0.0,False,True
2AST,211,0.0516,0.0,False,True
2AST,212,0.6276,0.0058455221404165175,False,False
2AST,213,0.249,0.005933040874895616,False,True
2AST,214,0.0,0.0018251302752828864,False,True
2AST,215,0.3848,0.005889281507656066,False,False
2AST,216,0.3098,0.005889281507656066,False,False
2AST,217,0.0,0.0,False,True
2AST,218,0.2013,0.005933040874895616,False,True
2AST,219,0.1785,0.004707778592188224,False,True
2AST,220,0.0054,0.0,False,True
2AST,221,0.1187,0.0047515379594277735,False,True
2AST,222,0.018,0.0,False,True
2AST,223,0.0796,0.0018251302752828864,False,True
2AST,224,0.0965,0.0058455221404165175,False,True
2AST,225,0.0,0.0,False,True
2AST,226,0.2283,0.0047515379594277735,False,True
2AST,227,0.3093,0.003610147797262852,False,False
2AST,228,0.006,0.0,False,True
2AST,229,0.3477,0.0018251302752828864,False,False
2AST,230,0.3337,0.005889281507656066,False,False
2AST,231,0.4896,0.0058455221404165175,False,False
2AST,232,0.0145,0.002966520437447808,False,True
2AST,233,0.0,0.0,False,True
2AST,234,0.4813,0.004747891345491144,False,False
2AST,235,0.1835,0.003610147797262852,False,True
2AST,236,0.0,0.0,False,True
2AST,237,0.2363,0.005889281507656066,False,True
2AST,238,0.4753,0.005933040874895616,False,False
2AST,239,0.0213,0.0,False,True
2AST,240,0.5732,0.005933040874895616,False,False
2AST,241,0.4848,0.005889281507656066,False,False
2AST,242,0.0,0.0,False,True
2AST,243,0.2561,0.0058455221404165175,False,False
2AST,244,0.2278,0.005933040874895616,False,True
2AST,245,0.0,0.0,False,True
2AST,246,0.0968,0.004707778592188224,False,True
2AST,247,0.0,0.0,False,True
2AST,248,0.0216,0.0018251302752828864,False,True
2AST,249,0.2939,0.0058455221404165175,False,False
2AST,250,0.0,0.0,False,True
2AST,251,0.4996,0.003610147797262852,False,False
2AST,252,0.3894,0.004747891345491144,False,False
2AST,253,0.0224,0.0,False,True
2AST,254,0.5015,0.005933040874895616,False,False
2AST,255,0.3156,0.003610147797262852,False,False
2AST,256,0.6378,0.0058455221404165175,False,False
2AST,257,0.1545,0.004707778592188224,False,True
2AST,258,0.0,0.0,False,True
2AST,259,0.3925,0.004747891345491144,False,False
2AST,260,0.2333,0.0058455221404165175,False,True
2AST,261,0.0,0.0,False,True
2AST,262,0.2113,0.0,False,True
2AST,263,0.5294,0.005933040874895616,False,False
2AST,264,0.0293,0.0,False,True
2AST,265,0.7979,0.005889281507656066,False,False
2AST,266,0.3104,0.0029227610702082588,False,False
2AST,267,0.032,0.0,False,True
2AST,268,0.456,0.005933040874895616,False,False
2AST,269,0.1505,0.0058455221404165175,False,True
2AST,270,0.0,0.0,False,True
2AST,271,0.0578,0.0047515379594277735,False,True
2AST,272,0.0062,0.0,False,True
2AST,273,0.2113,0.003610147797262852,False,True
2AST,274,0.5748,0.0018251302752828864,False,False
2AST,275,0.0633,0.0018251302752828864,False,True
2AST,276,0.1648,0.0,False,True
2AST,277,0.4094,0.003610147797262852,False,False
2AST,278,0.7898,0.0058455221404165175,False,False
2AST,279,0.8472,0.0,False,False
2AST,280,0.2628,0.005933040874895616,False,False
2AST,281,0.2873,0.0047515379594277735,False,False
2AST,282,0.4402,0.0058455221404165175,False,False
2AST,283,0.5734,0.0058455221404165175,False,False
2AST,284,0.0715,0.0,False,True
2AST,285,0.2493,0.005933040874895616,False,True
2AST,286,0.533,0.005933040874895616,False,False
2AST,287,0.4335,0.004747891345491144,False,False
2AST,288,0.0421,0.0,False,True
2AST,289,0.6208,0.0017850175219799658,False,False
2AST,290,0.4448,0.005933040874895616,False,False
2AST,291,0.0646,0.0,False,True
2AST,292,0.4795,0.005933040874895616,False,False
2AST,293,0.0111,0.0,False,True
2AST,294,0.1293,0.0018251302752828864,False,True
2AST,295,0.4872,0.0058455221404165175,False,False
2AST,296,0.3605,0.005889281507656066,False,False
2AST,297,0.5599,0.003610147797262852,False,False
2AST,298,0.706,0.0017850175219799658,False,False
2AST,299,0.1745,0.0018251302752828864,False,True
2AST,300,0.347,0.0047515379594277735,False,False
2AST,301,0.0368,0.0,False,True
2AST,302,0.0,0.0,False,True
2AST,303,0.2573,0.005889281507656066,False,False
2AST,304,0.113,0.0,False,True
2AST,305,0.2197,0.0017850175219799658,False,True
2AST,306,0.4258,0.0047515379594277735,False,False
2AST,307,0.5445,0.0058455221404165175,False,False
2AST,308,0.612,0.0058455221404165175,False,False
2AST,309,0.9033,0.0058455221404165175,False,False
2AST,310,0.5436,0.005889281507656066,False,False
2AST,311,0.1412,0.0029227610702082588,False,True
2AST,312,0.1539,0.005889281507656066,False,True
2AST,313,0.322,0.005889281507656066,False,False
2AST,314,0.0,0.0,False,True
2AST,315,0.1637,0.0,False,True
2AST,316,0.5374,0.0018251302752828864,False,False
2AST,317,0.2084,0.003610147797262852,False,True
2AST,318,0.3974,0.0047515379594277735,False,False
2AST,319,0.065,0.0,False,True
2AST,320,0.2988,0.005933040874895616,False,False
2AST,321,0.0,0.003610147797262852,False,True
2AST,322,0.2191,0.003610147797262852,False,True
2AST,323,0.4731,0.0,True,False
2AST,324,0.7468,0.005889281507656066,False,False
2D7D,0,0.4489,0.03263777421080792,False,False
2D7D,1,0.5715,0.03263777421080792,False,False
2D7D,2,0.5538,0.03263777421080792,False,False
2D7D,3,0.2132,0.03263777421080792,False,True
2D7D,4,0.5026,0.03263777421080792,True,False
2D7D,5,0.5136,0.03263777421080792,False,False
2D7D,6,0.1874,0.017388978063135368,False,True
2D7D,7,0.5546,0.03263777421080792,True,False
2D7D,8,0.4423,0.03263777421080792,True,False
2D7D,9,0.1272,0.00882825040128411,False,True
2D7D,10,0.3515,0.03263777421080792,False,False
2D7D,11,0.4654,0.03263777421080792,False,False
2D7D,12,0.3191,0.03263777421080792,False,False
2D7D,13,0.2448,0.02487961476725522,False,True
2D7D,14,0.1888,0.03263777421080792,False,True
2D7D,15,0.4201,0.03263777421080792,False,False
2D7D,16,0.0834,0.0,False,True
2D7D,17,0.2402,0.0,False,True
2D7D,18,0.6636,0.03263777421080792,True,False
2D7D,19,0.5895,0.03263777421080792,True,False
2D7D,20,0.5733,0.02514713750668807,True,False
2D7D,21,0.327,0.03263777421080792,False,False
2D7D,22,0.5037,0.0,True,False
2D7D,23,0.6071,0.03263777421080792,True,False
2D7D,24,0.2875,0.03263777421080792,False,False
2D7D,25,0.0749,0.0,False,True
2D7D,26,0.2332,0.03263777421080792,False,True
2D7D,27,0.41,0.03263777421080792,False,False
2D7D,28,0.036,0.00882825040128411,False,True
2D7D,29,0.4511,0.03263777421080792,True,False
2D7D,30,0.359,0.03263777421080792,False,False
2D7D,31,0.4139,0.03263777421080792,False,False
2D7D,32,0.0594,0.00882825040128411,False,True
2D7D,33,0.4632,0.03263777421080792,False,False
2D7D,34,0.5949,0.03263777421080792,False,False
2D7D,35,0.3404,0.02487961476725522,False,False
2D7D,36,0.651,0.03263777421080792,False,False
2D7D,37,0.807,0.03263777421080792,False,False
2H9A,0,0.7659,0.005359913124418244,False,False
2H9A,1,0.2312,0.00442134657151722,False,True
2H9A,2,0.0416,0.0,False,True
2H9A,3,0.2425,0.005352156376047161,False,True
2H9A,4,0.2778,0.005359913124418244,False,False
2H9A,5,0.0184,0.0,False,True
2H9A,6,0.3971,0.003436239528389699,False,False
2H9A,7,0.0,0.0,False,True
2H9A,8,0.0309,0.0,False,True
2H9A,9,0.5133,0.00436704933291964,False,False
2H9A,10,0.6664,0.004429103319888303,False,False
2H9A,11,0.7936,0.00442134657151722,False,False
2H9A,12,0.2457,0.005352156376047161,False,True
2H9A,13,0.2612,0.003436239528389699,False,False
2H9A,14,0.0541,0.0,False,True
2H9A,15,0.2928,0.003436239528389699,False,False
2H9A,16,0.0061,0.0,False,True
2H9A,17,0.0653,0.0,False,True
2H9A,18,0.35,0.00442134657151722,False,False
2H9A,19,0.0319,0.003490536766987279,False,True
2H9A,20,0.3446,0.005359913124418244,False,False
2H9A,21,0.0972,0.0016909711448960597,False,True
2H9A,22,0.0918,0.0016909711448960597,False,True
2H9A,23,0.4529,0.005359913124418244,True,False
2H9A,24,0.2558,0.0024433757368910953,True,False
2H9A,25,0.6126,0.0034827800186161962,True,False
2H9A,26,0.4831,0.005367669872789326,False,False
2H9A,27,0.4152,0.00442134657151722,False,False
2H9A,28,0.3331,0.005352156376047161,False,False
2H9A,29,0.0492,0.0017452683834936395,False,True
2H9A,30,0.2577,0.005359913124418244,False,False
2H9A,31,0.2218,0.003436239528389699,False,True
2H9A,32,0.367,0.0017452683834936395,False,False
2H9A,33,0.0072,0.0,False,True
2H9A,34,0.0,0.0,False,True
2H9A,35,0.012,0.0,False,True
2H9A,36,0.0,0.0,False,True
2H9A,37,0.0061,0.0,False,True
2H9A,38,0.0894,0.00436704933291964,False,True
2H9A,39,0.0,0.0,False,True
2H9A,40,0.3307,0.00442134657151722,False,False
2H9A,41,0.0111,0.0017452683834936395,False,True
2H9A,42,0.501,0.004374806081290723,False,False
2H9A,43,0.2763,0.0017452683834936395,False,False
2H9A,44,0.3627,0.0016909711448960597,False,False
2H9A,45,0.4865,0.005367669872789326,False,False
2H9A,46,0.5064,0.005367669872789326,False,False
2H9A,47,0.4321,0.003490536766987279,False,False
2H9A,48,0.0245,0.0,False,True
2H9A,49,0.2501,0.004374806081290723,False,False
2H9A,50,0.3996,0.005359913124418244,False,False
2H9A,51,0.1787,0.005352156376047161,False,True
2H9A,52,0.0,0.0,False,True
2H9A,53,0.4465,0.005352156376047161,False,False
2H9A,54,0.449,0.005367669872789326,False,False
2H9A,55,0.0054,0.0,False,True
2H9A,56,0.3269,0.00442134657151722,False,False
2H9A,57,0.6349,0.005352156376047161,False,False
2H9A,58,0.0,0.0,False,True
2H9A,59,0.3083,0.005352156376047161,True,False
2H9A,60,0.1459,0.0016909711448960597,False,True
2H9A,61,0.5713,0.005367669872789326,True,False
2H9A,62,0.2584,0.003436239528389699,True,False
2H9A,63,0.1646,0.005359913124418244,False,True
2H9A,64,0.4449,0.0016909711448960597,False,False
2H9A,65,0.4332,0.005352156376047161,False,False
2H9A,66,0.4878,0.005367669872789326,False,False
2H9A,67,0.2085,0.0017452683834936395,False,True
2H9A,68,0.1344,0.003436239528389699,False,True
2H9A,69,0.0069,0.0,False,True
2H9A,70,0.1818,0.003490536766987279,False,True
2H9A,71,0.0,0.0,False,True
2H9A,72,0.0,0.0,False,True
2H9A,73,0.0094,0.005367669872789326,False,True
2H9A,74,0.006,0.0,False,True
2H9A,75,0.3272,0.00442134657151722,False,False
2H9A,76,0.0554,0.0,False,True
2H9A,77,0.2456,0.004374806081290723,False,True
2H9A,78,0.2369,0.0,False,True
2H9A,79,0.6235,0.004374806081290723,False,False
2H9A,80,0.3381,0.003490536766987279,False,False
2H9A,81,0.2109,0.0,False,True
2H9A,82,0.5612,0.005359913124418244,False,False
2H9A,83,0.3236,0.005359913124418244,False,False
2H9A,84,0.005,0.0,False,True
2H9A,85,0.1903,0.0017452683834936395,False,True
2H9A,86,0.4013,0.005352156376047161,False,False
2H9A,87,0.0459,0.0,False,True
2H9A,88,0.0208,0.0,False,True
2H9A,89,0.2966,0.005367669872789326,False,False
2H9A,90,0.0125,0.003436239528389699,False,True
2H9A,91,0.0,0.0,False,True
2H9A,92,0.1974,0.0017452683834936395,False,True
2H9A,93,0.5307,0.005352156376047161,False,False
2H9A,94,0.1919,0.00442134657151722,False,True
2H9A,95,0.0859,0.0,False,True
2H9A,96,0.5051,0.005367669872789326,False,False
2H9A,97,0.0481,0.004374806081290723,False,True
2H9A,98,0.0304,0.0,False,True
2H9A,99,0.0,0.0,False,True
2H9A,100,0.0061,0.0,False,True
2H9A,101,0.0,0.0,False,True
2H9A,102,0.1526,0.005367669872789326,False,True
2H9A,103,0.1898,0.0,False,True
2H9A,104,0.277,0.003436239528389699,False,False
2H9A,105,0.1359,0.0,False,True
2H9A,106,0.5188,0.004429103319888303,False,False
2H9A,107,0.0049,0.0016909711448960597,False,True
2H9A,108,0.0,0.0026760781880235803,False,True
2H9A,109,0.2392,0.005367669872789326,False,True
2H9A,110,0.3226,0.0017452683834936395,False,False
2H9A,111,0.0249,0.0,False,True
2H9A,112,0.0,0.0,False,True
2H9A,113,0.6387,0.005352156376047161,False,False
2H9A,114,0.4726,0.005359913124418244,False,False
2H9A,115,0.0145,0.0,False,True
2H9A,116,0.1262,0.0016909711448960597,False,True
2H9A,117,0.5654,0.005352156376047161,False,False
2H9A,118,0.1731,0.005359913124418244,False,True
2H9A,119,0.1496,0.002683834936394663,False,True
2H9A,120,0.0,0.0,False,True
2H9A,121,0.0,0.0,False,True
2H9A,122,0.0,0.0,False,True
2H9A,123,0.13,0.003490536766987279,False,True
2H9A,124,0.1217,0.004429103319888303,False,True
2H9A,125,0.0,0.0,False,True
2H9A,126,0.1653,0.004429103319888303,False,True
2H9A,127,0.6356,0.004429103319888303,False,False
2H9A,128,0.7054,0.005367669872789326,False,False
2H9A,129,0.1118,0.0016909711448960597,False,True
2H9A,130,0.1299,0.0,False,True
2H9A,131,0.5011,0.005367669872789326,False,False
2H9A,132,0.4047,0.004429103319888303,False,False
2H9A,133,0.0,0.0016909711448960597,False,True
2H9A,134,0.0139,0.0,False,True
2H9A,135,0.5319,0.00442134657151722,False,False
2H9A,136,0.1442,0.0,False,True
2H9A,137,0.0,0.0,False,True
2H9A,138,0.325,0.0033819422897921193,False,False
2H9A,139,0.6163,0.005352156376047161,False,False
2H9A,140,0.1963,0.0,False,True
2H9A,141,0.5278,0.005359913124418244,False,False
2H9A,142,0.0,0.0,False,True
2H9A,143,0.0,0.0,False,True
2H9A,144,0.0,0.0,False,True
2H9A,145,0.0,0.005352156376047161,False,True
2H9A,146,0.0,0.0,False,True
2H9A,147,0.0346,0.005367669872789326,False,True
2H9A,148,0.103,0.0,False,True
2H9A,149,0.5076,0.005352156376047161,False,False
2H9A,150,0.0929,0.0,False,True
2H9A,151,0.1774,0.0016909711448960597,False,True
2H9A,152,0.6995,0.005367669872789326,True,False
2H9A,153,0.3314,0.003436239528389699,False,False
2H9A,154,0.0,0.0017452683834936395,False,True
2H9A,155,0.0655,0.00442134657151722,False,True
2H9A,156,0.435,0.005352156376047161,False,False
2H9A,157,0.0355,0.0,False,True
2H9A,158,0.0069,0.0,False,True
2H9A,159,0.4328,0.005367669872789326,False,False
2H9A,160,0.3795,0.005352156376047161,False,False
2H9A,161,0.0,0.0,False,True
2H9A,162,0.2461,0.0036611852311511013,False,True
2H9A,163,0.6569,0.005359913124418244,False,False
2H9A,164,0.3838,0.004374806081290723,False,False
2H9A,165,0.522,0.0,False,False
2H9A,166,0.0459,0.0016909711448960597,False,True
2H9A,167,0.5478,0.005367669872789326,False,False
2H9A,168,0.2254,0.004374806081290723,False,True
2H9A,169,0.0,0.0,False,True
2H9A,170,0.0,0.0,False,True
2H9A,171,0.0,0.0,False,True
2H9A,172,0.0222,0.0017452683834936395,False,True
2H9A,173,0.0304,0.0017452683834936395,False,True
2H9A,174,0.2875,0.004374806081290723,False,False
2H9A,175,0.2891,0.0,False,False
2H9A,176,0.6093,0.005367669872789326,False,False
2H9A,177,0.3418,0.0026760781880235803,True,False
2H9A,178,0.2303,0.0017452683834936395,False,True
2H9A,179,0.5786,0.00436704933291964,True,False
2H9A,180,0.2596,0.003490536766987279,False,False
2H9A,181,0.0,0.002683834936394663,False,True
2H9A,182,0.3425,0.0017452683834936395,True,False
2H9A,183,0.4629,0.005367669872789326,True,False
2H9A,184,0.0922,0.005359913124418244,False,True
2H9A,185,0.0339,0.0017452683834936395,False,True
2H9A,186,0.1918,0.005367669872789326,False,True
2H9A,187,0.1983,0.0016909711448960597,False,True
2H9A,188,0.0245,0.003436239528389699,False,True
2H9A,189,0.0592,0.00436704933291964,False,True
2H9A,190,0.3965,0.005352156376047161,True,False
2H9A,191,0.2223,0.004374806081290723,False,True
2H9A,192,0.0177,0.0,False,True
2H9A,193,0.2041,0.0,False,True
2H9A,194,0.6015,0.004429103319888303,True,False
2H9A,195,0.5969,0.005352156376047161,True,False
2H9A,196,0.5215,0.005359913124418244,False,False
2H9A,197,0.2617,0.0034827800186161962,True,False
2H9A,198,0.5184,0.005352156376047161,False,False
2H9A,199,0.0835,0.00442134657151722,False,True
2H9A,200,0.0196,0.0017452683834936395,False,True
2H9A,201,0.0863,0.0017452683834936395,False,True
2H9A,202,0.0958,0.0,False,True
2H9A,203,0.0532,0.0,False,True
2H9A,204,0.014,0.0,False,True
2H9A,205,0.0109,0.003436239528389699,False,True
2H9A,206,0.0187,0.003436239528389699,False,True
2H9A,207,0.2712,0.005359913124418244,False,False
2H9A,208,0.0083,0.0,False,True
2H9A,209,0.3747,0.004374806081290723,False,False
2H9A,210,0.3197,0.003490536766987279,True,False
2H9A,211,0.8093,0.005359913124418244,False,False
2H9A,212,0.3172,0.004429103319888303,True,False
2H9A,213,0.3181,0.003436239528389699,True,False
2H9A,214,0.5945,0.005352156376047161,True,False
2H9A,215,0.3292,0.0016909711448960597,True,False
2H9A,216,0.0468,0.003436239528389699,False,True
2H9A,217,0.1596,0.0,False,True
2H9A,218,0.4372,0.0016909711448960597,True,False
2H9A,219,0.194,0.003490536766987279,False,True
2H9A,220,0.0,0.0,False,True
2H9A,221,0.192,0.0,False,True
2H9A,222,0.2984,0.0,True,False
2H9A,223,0.0341,0.0,False,True
2H9A,224,0.0054,0.0,False,True
2H9A,225,0.2641,0.003436239528389699,True,False
2H9A,226,0.2925,0.004374806081290723,True,False
2H9A,227,0.0745,0.0017452683834936395,False,True
2H9A,228,0.0083,0.0,False,True
2H9A,229,0.0697,0.0,False,True
2H9A,230,0.0,0.0,False,True
2H9A,231,0.0,0.0,False,True
2H9A,232,0.0069,0.003436239528389699,False,True
2H9A,233,0.012,0.0,False,True
2H9A,234,0.3928,0.004429103319888303,False,False
2H9A,235,0.1716,0.0,False,True
2H9A,236,0.1968,0.0,False,True
2H9A,237,0.3871,0.003490536766987279,True,False
2H9A,238,0.3637,0.0033819422897921193,True,False
2H9A,239,0.4982,0.0016909711448960597,True,False
2H9A,240,0.1332,0.0016909711448960599,False,True
2H9A,241,0.0,0.0016909711448960597,False,True
2H9A,242,0.2824,0.0007524045919950356,True,False
2H9A,243,0.3898,0.0,True,False
2H9A,244,0.006,0.0,False,True
2H9A,245,0.0054,0.0,False,True
2H9A,246,0.202,0.00442134657151722,False,True
2H9A,247,0.2277,0.0,False,True
2H9A,248,0.0536,0.0033819422897921193,False,True
2H9A,249,0.1963,0.005367669872789326,False,True
2H9A,250,0.4561,0.003490536766987279,True,False
2H9A,251,0.1778,0.003436239528389699,False,True
2H9A,252,0.1121,0.0017452683834936395,False,True
2H9A,253,0.2199,0.003436239528389699,False,True
2H9A,254,0.2443,0.002683834936394663,False,True
2H9A,255,0.3524,0.003436239528389699,True,False
2H9A,256,0.6842,0.005359913124418244,False,False
2H9A,257,0.6117,0.005359913124418244,True,False
2H9A,258,0.3392,0.005352156376047161,True,False
2H9A,259,0.4028,0.005367669872789326,False,False
2H9A,260,0.3299,0.00436704933291964,False,False
2H9A,261,0.1033,0.0016909711448960597,False,True
2H9A,262,0.5083,0.005367669872789326,False,False
2H9A,263,0.2268,0.0016909711448960597,False,True
2H9A,264,0.4512,0.005352156376047161,False,False
2H9A,265,0.1605,0.0,False,True
2H9A,266,0.1663,0.0,False,True
2H9A,267,0.3832,0.003436239528389699,False,False
2H9A,268,0.0368,0.0016909711448960597,False,True
2H9A,269,0.3061,0.003436239528389699,False,False
2H9A,270,0.6754,0.005359913124418244,False,False
2H9A,271,0.0876,0.0,False,True
2H9A,272,0.2035,0.00442134657151722,False,True
2H9A,273,0.3789,0.005359913124418244,False,False
2H9A,274,0.6506,0.005367669872789326,False,False
2H9A,275,0.0281,0.0,False,True
2H9A,276,0.1823,0.0016909711448960597,False,True
2H9A,277,0.0063,0.0,False,True
2H9A,278,0.0302,0.0,False,True
2H9A,279,0.0449,0.0,False,True
2H9A,280,0.0125,0.0,False,True
2H9A,281,0.0,0.0,False,True
2H9A,282,0.028,0.0016909711448960597,False,True
2H9A,283,0.1811,0.0016909711448960597,False,True
2H9A,284,0.0294,0.0036611852311511013,False,True
2H9A,285,0.4499,0.005352156376047161,True,False
2H9A,286,0.1208,0.003490536766987279,False,True
2H9A,287,0.0423,0.0,False,True
2H9A,288,0.2828,0.003436239528389699,False,False
2H9A,289,0.3712,0.005359913124418244,True,False
2H9A,290,0.1041,0.0,False,True
2H9A,291,0.0749,0.00442134657151722,False,True
2H9A,292,0.422,0.005359913124418244,False,False
2H9A,293,0.2741,0.0026760781880235803,True,False
2H9A,294,0.0,0.0,False,True
2H9A,295,0.3911,0.005359913124418244,False,False
2H9A,296,0.5661,0.005359913124418244,False,False
2H9A,297,0.2682,0.0,False,False
2H9A,298,0.5321,0.005359913124418244,False,False
2H9A,299,0.0736,0.0,False,True
2H9A,300,0.3477,0.0016909711448960597,False,False
2H9A,301,0.0,0.0,False,True
2H9A,302,0.0244,0.0,False,True
2H9A,303,0.0,0.0,False,True
2H9A,304,0.006,0.0,False,True
2H9A,305,0.0,0.0,False,True
2H9A,306,0.0069,0.0016909711448960597,False,True
2H9A,307,0.323,0.003490536766987279,False,False
2H9A,308,0.0,0.0016909711448960597,False,True
2H9A,309,0.4514,0.005359913124418244,False,False
2H9A,310,0.0206,0.0016909711448960597,False,True
2H9A,311,0.1888,0.003436239528389699,False,True
2H9A,312,0.1826,0.0026760781880235803,False,True
2H9A,313,0.1659,0.0,False,True
2H9A,314,0.5133,0.005367669872789326,False,False
2H9A,315,0.4452,0.005367669872789326,False,False
2H9A,316,0.0,0.0016909711448960597,False,True
2H9A,317,0.4413,0.0017452683834936395,False,False
2H9A,318,0.583,0.005352156376047161,False,False
2H9A,319,0.4512,0.005359913124418244,False,False
2H9A,320,0.4898,0.004374806081290723,False,False
2H9A,321,0.3584,0.00436704933291964,False,False
2H9A,322,0.0089,0.0,False,True
2H9A,323,0.2527,0.003436239528389699,False,False
2H9A,324,0.0835,0.0,False,True
2H9A,325,0.4263,0.005352156376047161,False,False
2H9A,326,0.1567,0.004374806081290723,False,True
2H9A,327,0.0061,0.0,False,True
2H9A,328,0.1413,0.0016909711448960597,False,True
2H9A,329,0.4716,0.005367669872789326,False,False
2H9A,330,0.0403,0.0016909711448960597,False,True
2H9A,331,0.0227,0.0,False,True
2H9A,332,0.3757,0.005367669872789326,False,False
2H9A,333,0.5247,0.005352156376047161,False,False
2H9A,334,0.1556,0.0,False,True
2H9A,335,0.3083,0.003436239528389699,False,False
2H9A,336,0.0,0.0,False,True
2H9A,337,0.3992,0.00436704933291964,False,False
2H9A,338,0.7549,0.005359913124418244,False,False
2H9A,339,0.3057,0.002683834936394663,False,False
2H9A,340,0.0739,0.0,False,True
2H9A,341,0.7042,0.003436239528389699,False,False
2H9A,342,0.2091,0.0,False,True
2H9A,343,0.4113,0.0024433757368910953,False,False
2H9A,344,0.405,0.003436239528389699,False,False
2H9A,345,0.0,0.0,False,True
2H9A,346,0.0606,0.0,False,True
2H9A,347,0.0227,0.0,False,True
2H9A,348,0.1291,0.0,False,True
2H9A,349,0.103,0.0,False,True
2H9A,350,0.4613,0.005352156376047161,False,False
2H9A,351,0.0208,0.0,False,True
2H9A,352,0.3266,0.004374806081290723,False,False
2H9A,353,0.7825,0.005367669872789326,False,False
2H9A,354,0.0841,0.0,False,True
2H9A,355,0.1091,0.004374806081290723,False,True
2H9A,356,0.4643,0.005359913124418244,False,False
2H9A,357,0.3952,0.005367669872789326,False,False
2H9A,358,0.006,0.0,False,True
2H9A,359,0.3417,0.0016909711448960597,False,False
2H9A,360,0.4923,0.005359913124418244,False,False
2H9A,361,0.5283,0.003436239528389699,False,False
2H9A,362,0.1357,0.0,False,True
2H9A,363,0.495,0.003436239528389699,False,False
2H9A,364,0.0318,0.0,False,True
2H9A,365,0.3631,0.005352156376047161,False,False
2H9A,366,0.087,0.0,False,True
2H9A,367,0.2764,0.003436239528389699,False,False
2H9A,368,0.3188,0.0,False,False
2H9A,369,0.1276,0.0,False,True
2H9A,370,0.2828,0.0,False,False
2H9A,371,0.7321,0.005367669872789326,False,False
2H9A,372,0.5399,0.005367669872789326,True,False
2H9A,373,0.1723,0.000985107043127521,False,True
2H9A,374,0.5916,0.005359913124418244,True,False
2H9A,375,0.2362,0.0,False,True
2H9A,376,0.0674,0.0,False,True
2H9A,377,0.3947,0.00442134657151722,False,False
2H9A,378,0.5441,0.005359913124418244,False,False
2H9A,379,0.2784,0.0,False,False
2H9A,380,0.3363,0.0,False,False
2H9A,381,0.3699,0.005359913124418244,False,False
2H9A,382,0.5002,0.005359913124418244,False,False
2NMV,0,0.475,0.03199441841921659,False,False
2NMV,1,0.5473,0.03199441841921659,False,False
2NMV,2,0.5561,0.031396391906707864,False,False
2NMV,3,0.1922,0.03199441841921659,False,True
2NMV,4,0.5137,0.030798365394199147,True,False
2NMV,5,0.4503,0.03199441841921659,False,False
2NMV,6,0.1596,0.008621548888667398,False,True
2NMV,7,0.497,0.03199441841921659,True,False
2NMV,8,0.4467,0.030798365394199147,True,False
2NMV,9,0.1428,0.024568922555566634,False,True
2NMV,10,0.3599,0.03199441841921659,False,False
2NMV,11,0.4663,0.030798365394199147,False,False
2NMV,12,0.345,0.03199441841921659,False,False
2NMV,13,0.2185,0.016595235722117012,False,True
2NMV,14,0.1939,0.03199441841921659,False,True
2NMV,15,0.3919,0.03199441841921659,False,False
2NMV,16,0.0927,0.008571713345958338,False,True
2NMV,17,0.2673,0.008621548888667398,True,False
2NMV,18,0.6486,0.030798365394199147,True,False
2NMV,19,0.5719,0.030798365394199147,True,False
2NMV,20,0.6267,0.02397089604305791,True,False
2NMV,21,0.3382,0.030798365394199147,False,False
2NMV,22,0.4634,0.0,True,False
2NMV,23,0.5969,0.03199441841921659,True,False
2NMV,24,0.3187,0.03199441841921659,False,False
2NMV,25,0.0936,0.0,False,True
2NMV,26,0.2051,0.030798365394199147,False,True
2NMV,27,0.3894,0.030798365394199147,False,False
2NMV,28,0.0421,0.017193262234625736,False,True
2NMV,29,0.4264,0.03199441841921659,True,False
2NMV,30,0.3868,0.03199441841921659,False,False
2NMV,31,0.4613,0.03199441841921659,False,False
2NMV,32,0.0834,0.017193262234625736,False,True
2NMV,33,0.4385,0.03199441841921659,False,False
2NMV,34,0.637,0.030798365394199147,False,False
2NMV,35,0.3284,0.024568922555566634,False,False
2NMV,36,0.6546,0.030798365394199147,False,False
2NMV,37,0.8142,0.030798365394199147,False,False
2OJE,0,0.7682,0.007210880630507361,False,False
2OJE,1,0.0437,0.0022850418696294676,False,True
2OJE,2,0.5831,0.007210880630507361,False,False
2OJE,3,0.2352,0.0,False,True
2OJE,4,0.2786,0.002134530129713754,False,False
2OJE,5,0.1943,0.0022850418696294676,False,True
2OJE,6,0.6245,0.007210880630507361,False,False
2OJE,7,0.6588,0.005746811887690877,False,False
2OJE,8,0.1879,0.0022850418696294676,False,True
2OJE,9,0.6708,0.007224563515954244,True,False
2OJE,10,0.5752,0.007210880630507361,False,False
2OJE,11,0.0592,0.003612281757977122,False,True
2OJE,12,0.5279,0.007210880630507361,False,False
2OJE,13,0.4129,0.005746811887690877,False,False
2OJE,14,0.4992,0.004419571999343222,True,False
2OJE,15,0.5584,0.004433254884790104,False,False
2OJE,16,0.0763,0.003612281757977122,False,True
2OJE,17,0.3019,0.005733129002243993,False,False
2OJE,18,0.5315,0.007197197745060478,False,False
2OJE,19,0.3424,0.0022850418696294676,True,False
2OJE,20,0.7185,0.007210880630507361,False,False
2OJE,21,0.7675,0.007197197745060478,False,False
2OJE,22,0.1196,0.004419571999343222,False,True
2OJE,23,0.2868,0.007197197745060478,False,False
2OJE,24,0.1772,0.003612281757977122,False,True
2OJE,25,0.436,0.004419571999343222,False,False
2OJE,26,0.63,0.007224563515954244,False,False
2OJE,27,0.6415,0.007197197745060478,False,False
2OJE,28,0.3485,0.007197197745060478,False,False
2OJE,29,0.0661,0.004419571999343222,False,True
2OJE,30,0.3835,0.007197197745060478,False,False
2OJE,31,0.3854,0.007210880630507361,False,False
2OJE,32,0.0913,0.004419571999343222,False,True
2OJE,33,0.0795,0.0022850418696294676,False,True
2OJE,34,0.4722,0.007210880630507361,False,False
2OJE,35,0.3137,0.002134530129713754,False,False
2OJE,36,0.0968,0.0022850418696294676,False,True
2OJE,37,0.5895,0.005883640742159707,False,False
2OJE,38,0.425,0.007210880630507361,False,False
2OJE,39,0.618,0.007197197745060478,False,False
2OJE,40,0.5067,0.007197197745060478,False,False
2OJE,41,0.0062,0.0022850418696294676,False,True
2OJE,42,0.5766,0.005883640742159707,False,False
2OJE,43,0.6138,0.007197197745060478,False,False
2OJE,44,0.0347,0.0022850418696294676,False,True
2OJE,45,0.1081,0.005897323627606589,False,True
2OJE,46,0.5714,0.007224563515954244,False,False
2OJE,47,0.4659,0.007197197745060478,False,False
2OJE,48,0.005,0.0022850418696294676,False,True
2OJE,49,0.3003,0.007197197745060478,False,False
2OJE,50,0.5868,0.007224563515954244,False,False
2OJE,51,0.1127,0.0029555032565267364,False,True
2OJE,52,0.0139,0.0022850418696294676,False,True
2OJE,53,0.3926,0.007197197745060478,False,False
2OJE,54,0.281,0.007224563515954244,False,False
2OJE,55,0.0101,0.0022850418696294676,False,True
2OJE,56,0.1515,0.007224563515954244,False,True
2OJE,57,0.5841,0.007224563515954244,False,False
2OJE,58,0.2008,0.005746811887690877,False,True
2OJE,59,0.0,0.004419571999343222,False,True
2OJE,60,0.4003,0.007224563515954244,False,False
2OJE,61,0.2193,0.005883640742159707,False,True
2OJE,62,0.0123,0.0,False,True
2OJE,63,0.2207,0.007197197745060478,False,True
2OJE,64,0.347,0.007224563515954244,False,False
2OJE,65,0.0333,0.005733129002243993,False,True
2OJE,66,0.0122,0.0022850418696294676,False,True
2OJE,67,0.2859,0.007210880630507361,False,False
2OJE,68,0.2372,0.0022850418696294676,False,True
2OJE,69,0.0,0.0,False,True
2OJE,70,0.6498,0.005883640742159707,False,False
2OJE,71,0.1755,0.007197197745060478,False,True
2OJE,72,0.1401,0.0022850418696294676,False,True
2OJE,73,0.4095,0.007224563515954244,False,False
2OJE,74,0.0355,0.004269060259427508,False,True
2OJE,75,0.0415,0.0,False,True
2OJE,76,0.1006,0.002134530129713754,False,True
2OJE,77,0.0551,0.0022850418696294676,False,True
2OJE,78,0.147,0.007210880630507361,False,True
2OJE,79,0.0211,0.0,False,True
2OJE,80,0.0095,0.0,False,True
2OJE,81,0.3264,0.0022850418696294676,True,False
2OJE,82,0.2429,0.005746811887690877,False,True
2OJE,83,0.0,0.004419571999343222,False,True
2OJE,84,0.2827,0.007210880630507361,True,False
2OJE,85,0.5267,0.004419571999343222,True,False
2OJE,86,0.0902,0.004419571999343222,False,True
2OJE,87,0.0151,0.004419571999343222,False,True
2OJE,88,0.386,0.005746811887690877,True,False
2OJE,89,0.2804,0.0022850418696294676,True,False
2OJE,90,0.0054,0.0022850418696294676,False,True
2OJE,91,0.4488,0.007224563515954244,True,False
2OJE,92,0.6679,0.004570083739258935,True,False
2OJE,93,0.2818,0.0022850418696294676,True,False
2OJE,94,0.1097,0.0022850418696294676,False,True
2OJE,95,0.2016,0.0022850418696294676,False,True
2OJE,96,0.2856,0.003612281757977122,False,False
2OJE,97,0.2694,0.005746811887690877,False,False
2OJE,98,0.5157,0.007197197745060478,False,False
2OJE,99,0.1484,0.004419571999343222,False,True
2OJE,100,0.0061,0.0,False,True
2OJE,101,0.4798,0.007224563515954244,False,False
2OJE,102,0.4651,0.007210880630507361,True,False
2OJE,103,0.0168,0.0022850418696294676,False,True
2OJE,104,0.1349,0.0022850418696294676,False,True
2OJE,105,0.3517,0.007224563515954244,False,False
2OJE,106,0.3126,0.005746811887690877,True,False
2OJE,107,0.012,0.0022850418696294676,False,True
2OJE,108,0.309,0.007197197745060478,False,False
2OJE,109,0.503,0.007210880630507361,True,False
2OJE,110,0.0674,0.0,False,True
2OJE,111,0.0327,0.007210880630507361,False,True
2OJE,112,0.4527,0.007197197745060478,False,False
2OJE,113,0.3386,0.007210880630507361,True,False
2OJE,114,0.0374,0.0022850418696294676,False,True
2OJE,115,0.1402,0.007224563515954244,False,True
2OJE,116,0.1129,0.003612281757977122,False,True
2OJE,117,0.1339,0.007197197745060478,False,True
2OJE,118,0.012,0.0,False,True
2OJE,119,0.0,0.0,False,True
2OJE,120,0.1259,0.0022850418696294676,False,True
2OJE,121,0.0654,0.0022850418696294676,False,True
2OJE,122,0.0368,0.0,False,True
2OJE,123,0.2723,0.005883640742159707,False,False
2OJE,124,0.5052,0.005883640742159707,False,False
2OJE,125,0.2155,0.005746811887690877,False,True
2OJE,126,0.5171,0.004419571999343222,False,False
2OJE,127,0.4219,0.007197197745060478,False,False
2OJE,128,0.0302,0.0,False,True
2OJE,129,0.103,0.002134530129713754,False,True
2OJE,130,0.4712,0.007224563515954244,False,False
2OJE,131,0.1322,0.005883640742159707,False,True
2OJE,132,0.0339,0.004419571999343222,False,True
2OJE,133,0.257,0.007210880630507361,False,False
2OJE,134,0.2277,0.007210880630507361,False,True
2OJE,135,0.0,0.0,False,True
2OJE,136,0.0972,0.0,False,True
2OJE,137,0.4356,0.007197197745060478,False,False
2OJE,138,0.0661,0.0037491106124459524,False,True
2OJE,139,0.014,0.002134530129713754,False,True
2OJE,140,0.2226,0.004939521646324777,False,True
2OJE,141,0.2898,0.007197197745060478,False,False
2OJE,142,0.0,0.0,False,True
2OJE,143,0.1786,0.005883640742159707,False,True
2OJE,144,0.6538,0.004419571999343222,False,False
2OJE,145,0.4186,0.007224563515954244,False,False
2OJE,146,0.0,0.0022850418696294676,False,True
2OJE,147,0.7053,0.007197197745060478,False,False
2OJE,148,0.7477,0.007210880630507361,False,False
2OJE,149,0.4006,0.007197197745060478,False,False
2OJE,150,0.68,0.007197197745060478,False,False
2OJE,151,0.0719,0.0022850418696294676,False,True
2OJE,152,0.3008,0.005733129002243993,False,False
2OJE,153,0.1077,0.004419571999343222,False,True
2OJE,154,0.8151,0.005883640742159707,False,False
2OJE,155,0.5202,0.007197197745060478,False,False
2OJE,156,0.2476,0.007210880630507361,False,True
2OJE,157,0.4416,0.007224563515954244,False,False
2OJE,158,0.1943,0.003461770018061409,False,True
2OJE,159,0.0085,0.004419571999343222,False,True
2OJE,160,0.3372,0.007210880630507361,False,False
2OJE,161,0.3663,0.007224563515954244,False,False
2OJE,162,0.0997,0.0,False,True
2OJE,163,0.0,0.0,False,True
2OJE,164,0.4011,0.007197197745060478,False,False
2OJE,165,0.5655,0.007197197745060478,False,False
2OJE,166,0.2661,0.004419571999343222,False,False
2OJE,167,0.0805,0.0,False,True
2OJE,168,0.2527,0.0,False,False
2OJE,169,0.6703,0.007197197745060478,False,False
2OJE,170,0.1521,0.0042827431448743914,False,True
2OJE,171,0.6023,0.007210880630507361,False,False
2OJE,172,0.1173,0.005746811887690877,False,True
2OJE,173,0.0,0.0,False,True
2OJE,174,0.5558,0.005883640742159707,False,False
2OJE,175,0.6873,0.007197197745060478,False,False
2OJE,176,0.2103,0.005746811887690877,False,True
2OJE,177,0.5875,0.007210880630507361,False,False
2OJE,178,0.1395,0.005733129002243993,False,True
2OJE,179,0.0,0.0,False,True
2OJE,180,0.1369,0.004570083739258935,False,True
2OJE,181,0.2301,0.007210880630507361,False,True
2OJE,182,0.018,0.005897323627606589,False,True
2OJE,183,0.0,0.0,False,True
2OJE,184,0.1527,0.004419571999343222,False,True
2OJE,185,0.2281,0.007197197745060478,False,True
2OJE,186,0.0206,0.0022850418696294676,False,True
2OJE,187,0.0,0.0,False,True
2OJE,188,0.3295,0.004419571999343222,False,False
2OJE,189,0.0841,0.0,False,True
2OJE,190,0.0,0.0,False,True
2OJE,191,0.2399,0.007210880630507361,False,True
2OJE,192,0.3202,0.007210880630507361,False,False
2OJE,193,0.4031,0.005883640742159707,False,False
2OJE,194,0.3166,0.007224563515954244,False,False
2OJE,195,0.5931,0.007224563515954244,False,False
2OJE,196,0.4602,0.0022850418696294676,False,False
2OJE,197,0.2069,0.007210880630507361,False,True
2OJE,198,0.6884,0.005746811887690877,False,False
2OJE,199,0.4652,0.007197197745060478,False,False
2OJE,200,0.024,0.0,False,True
2OJE,201,0.373,0.007210880630507361,False,False
2OJE,202,0.6735,0.007224563515954244,False,False
2OJE,203,0.4339,0.007210880630507361,False,False
2OJE,204,0.1514,0.0,False,True
2OJE,205,0.2423,0.007210880630507361,False,True
2OJE,206,0.0,0.0,False,True
2OJE,207,0.0,0.0,False,True
2OJE,208,0.461,0.007224563515954244,False,False
2OJE,209,0.2713,0.0042827431448743914,False,False
2OJE,210,0.0069,0.0022850418696294676,False,True
2OJE,211,0.091,0.0,False,True
2OJE,212,0.3911,0.004419571999343222,False,False
2OJE,213,0.8756,0.007197197745060478,False,False
2R9Q,0,0.5168,0.004452061321863543,False,False
2R9Q,1,0.7185,0.00548764604603587,False,False
2R9Q,2,0.3095,0.005451114683066601,False,False
2R9Q,3,0.0,0.0,False,True
2R9Q,4,0.0,0.003383121874980146,False,True
2R9Q,5,0.03,0.001726503980330243,False,True
2R9Q,6,0.0459,0.0016566178946499023,False,True
2R9Q,7,0.0056,0.0027255573415333003,False,True
2R9Q,8,0.2542,0.003383121874980146,False,False
2R9Q,9,0.2837,0.00548764604603587,False,False
2R9Q,10,0.0,0.0,False,True
2R9Q,11,0.2282,0.0055241774090051396,False,True
2R9Q,12,0.4483,0.00548764604603587,False,False
2R9Q,13,0.0775,0.001726503980330243,False,True
2R9Q,14,0.2331,0.003383121874980146,False,True
2R9Q,15,0.6704,0.00548764604603587,False,False
2R9Q,16,0.303,0.005451114683066601,False,False
2R9Q,17,0.4554,0.0055241774090051396,False,False
2R9Q,18,0.3559,0.0044885926848328124,False,False
2R9Q,19,0.012,0.0,False,True
2R9Q,20,0.3364,0.00548764604603587,False,False
2R9Q,21,0.2119,0.0026922026188222286,False,True
2R9Q,22,0.5012,0.004382175236183203,False,False
2R9Q,23,0.2808,0.00548764604603587,False,False
2R9Q,24,0.3972,0.00548764604603587,False,False
2R9Q,25,0.201,0.0026922026188222286,False,True
2R9Q,26,0.252,0.005451114683066601,False,False
2R9Q,27,0.6709,0.00548764604603587,False,False
2R9Q,28,0.3298,0.005451114683066601,False,False
2R9Q,29,0.0,0.004418706599152473,False,True
2R9Q,30,0.057,0.0,False,True
2R9Q,31,0.1852,0.00548764604603587,False,True
2R9Q,32,0.1139,0.003383121874980146,False,True
2R9Q,33,0.0,0.001726503980330243,False,True
2R9Q,34,0.0069,0.001726503980330243,False,True
2R9Q,35,0.0,3.6531362969269244e-05,False,True
2R9Q,36,0.0,0.0055241774090051396,False,True
2R9Q,37,0.0053,0.001726503980330243,False,True
2R9Q,38,0.0239,0.00548764604603587,False,True
2R9Q,39,0.006,0.0,False,True
2R9Q,40,0.0464,0.0,False,True
2R9Q,41,0.293,0.005451114683066601,False,False
2R9Q,42,0.3539,0.00548764604603587,False,False
2R9Q,43,0.0,0.0,False,True
2R9Q,44,0.1254,0.0,False,True
2R9Q,45,0.3625,0.0044552379621217416,False,False
2R9Q,46,0.027,0.001726503980330243,False,True
2R9Q,47,0.8243,0.00548764604603587,True,False
2R9Q,48,0.4049,0.001726503980330243,True,False
2R9Q,49,0.3956,0.00548764604603587,True,False
2R9Q,50,0.0906,0.0,False,True
2R9Q,51,0.2886,0.0010355847241723263,True,False
2R9Q,52,0.0135,0.001726503980330243,False,True
2R9Q,53,0.1161,0.0010355847241723263,False,True
2R9Q,54,0.6209,0.00548764604603587,False,False
2R9Q,55,0.7545,0.00548764604603587,False,False
2R9Q,56,0.1815,0.0037611420657056266,False,True
2R9Q,57,0.4628,0.0055241774090051396,False,False
2R9Q,58,0.0,0.001726503980330243,False,True
2R9Q,59,0.2146,0.005451114683066601,False,True
2R9Q,60,0.3506,0.005451114683066601,False,False
2R9Q,61,0.1136,0.004418706599152473,False,True
2R9Q,62,0.0287,0.0,False,True
2R9Q,63,0.6062,0.00548764604603587,False,False
2R9Q,64,0.5921,0.004418706599152473,True,False
2R9Q,65,0.4302,0.00548764604603587,True,False
2R9Q,66,0.5055,0.001726503980330243,False,False
2R9Q,67,0.4923,0.004418706599152473,False,False
2R9Q,68,0.4143,0.0055241774090051396,False,False
2R9Q,69,0.1935,0.001726503980330243,False,True
2R9Q,70,0.4946,0.0016566178946499023,False,False
2R9Q,71,0.0,0.0,False,True
2R9Q,72,0.4444,0.004418706599152473,False,False
2R9Q,73,0.6917,0.005451114683066601,False,False
2R9Q,74,0.3737,0.0,False,False
2R9Q,75,0.1123,0.001726503980330243,False,True
2R9Q,76,0.3659,0.0016566178946499023,False,False
2R9Q,77,0.0,0.0,False,True
2R9Q,78,0.4225,0.0017265039803302433,False,False
2R9Q,79,0.3341,0.0016566178946499023,False,False
2R9Q,80,0.5271,0.0027620887045025698,True,False
2R9Q,81,0.1609,0.0055241774090051396,False,True
2R9Q,82,0.159,0.0,False,True
2R9Q,83,0.051,0.0,False,True
2R9Q,84,0.0,0.001726503980330243,False,True
2R9Q,85,0.0,0.0,False,True
2R9Q,86,0.2422,0.003383121874980146,False,True
2R9Q,87,0.0593,0.0,False,True
2R9Q,88,0.0564,0.0033497671522690737,False,True
2R9Q,89,0.0048,0.004382175236183203,False,True
2R9Q,90,0.2723,0.0,False,False
2R9Q,91,0.0327,0.001726503980330243,False,True
2R9Q,92,0.2309,0.00548764604603587,False,True
2R9Q,93,0.064,0.0,False,True
2R9Q,94,0.2279,0.0,False,True
2R9Q,95,0.6948,0.00548764604603587,False,False
2R9Q,96,0.4891,0.005451114683066601,False,False
2R9Q,97,0.0539,0.0,False,True
2R9Q,98,0.179,0.003383121874980146,False,True
2R9Q,99,0.0332,0.0,False,True
2R9Q,100,0.0519,0.00548764604603587,False,True
2R9Q,101,0.026,0.0,False,True
2R9Q,102,0.1058,0.0027255573415333003,False,True
2R9Q,103,0.1038,0.0016566178946499023,False,True
2R9Q,104,0.1629,0.0016566178946499023,False,True
2R9Q,105,0.4651,0.004452061321863543,False,False
2R9Q,106,0.2268,0.005451114683066601,False,True
2R9Q,107,0.0125,0.0,False,True
2R9Q,108,0.0,0.0016566178946499023,False,True
2R9Q,109,0.2821,0.0055241774090051396,False,False
2R9Q,110,0.024,0.0,False,True
2R9Q,111,0.0,0.0016566178946499023,False,True
2R9Q,112,0.0061,0.0,False,True
2R9Q,113,0.2415,0.00548764604603587,False,True
2R9Q,114,0.0758,0.0,False,True
2R9Q,115,0.2819,0.0055241774090051396,True,False
2R9Q,116,0.0394,0.001726503980330243,False,True
2R9Q,117,0.0,0.0027620887045025698,False,True
2R9Q,118,0.0195,0.001726503980330243,False,True
2R9Q,119,0.1361,0.0033132357892998046,False,True
2R9Q,120,0.3827,0.0027620887045025698,False,False
2R9Q,121,0.0281,0.0027620887045025698,False,True
2R9Q,122,0.6297,0.004418706599152473,True,False
2R9Q,123,0.5489,0.00548764604603587,True,False
2R9Q,124,0.1708,0.0016566178946499023,False,True
2R9Q,125,0.1472,0.0027620887045025698,False,True
2R9Q,126,0.3602,0.00548764604603587,False,False
2R9Q,127,0.0395,0.0,False,True
2R9Q,128,0.4322,0.0016566178946499023,False,False
2R9Q,129,0.5038,0.00548764604603587,False,False
2R9Q,130,0.2306,0.001726503980330243,False,True
2R9Q,131,0.0505,0.0,False,True
2R9Q,132,0.5826,0.0055241774090051396,False,False
2R9Q,133,0.1148,0.0,False,True
2R9Q,134,0.2727,0.00548764604603587,False,False
2R9Q,135,0.0053,0.0,False,True
2R9Q,136,0.0698,0.0,False,True
2R9Q,137,0.012,0.001726503980330243,False,True
2R9Q,138,0.0,0.0017265039803302433,False,True
2R9Q,139,0.0,0.0,False,True
2R9Q,140,0.0156,0.004418706599152473,False,True
2R9Q,141,0.0,0.0,False,True
2R9Q,142,0.3467,0.0055241774090051396,True,False
2R9Q,143,0.0755,0.0044885926848328124,False,True
2R9Q,144,0.0,0.0,False,True
2R9Q,145,0.1215,0.004382175236183203,False,True
2R9Q,146,0.0,0.0,False,True
2R9Q,147,0.111,0.003383121874980146,False,True
2R9Q,148,0.0,0.0,False,True
2R9Q,149,0.1592,0.003453007960660486,False,True
2R9Q,150,0.3002,0.0055241774090051396,False,False
2R9Q,151,0.2218,0.001726503980330243,False,True
2R9Q,152,0.0,0.0,False,True
2R9Q,153,0.1562,0.0055241774090051396,False,True
2R9Q,154,0.012,0.0,False,True
2R9Q,155,0.0138,0.0,False,True
2R9Q,156,0.0767,0.0033132357892998046,False,True
2R9Q,157,0.0123,0.0,False,True
2R9Q,158,0.004,0.0016566178946499023,False,True
2R9Q,159,0.005,0.001726503980330243,False,True
2R9Q,160,0.0504,0.004452061321863543,False,True
2R9Q,161,0.1778,0.0034196532379494144,False,True
2R9Q,162,0.3703,0.0,False,False
2R9Q,163,0.5355,0.005451114683066601,False,False
2R9Q,164,0.0562,0.004418706599152473,False,True
2R9Q,165,0.3523,0.00548764604603587,False,False
2R9Q,166,0.1119,0.0,False,True
2R9Q,167,0.4979,0.004382175236183203,False,False
2R9Q,168,0.4194,0.0055241774090051396,False,False
2R9Q,169,0.4038,0.005451114683066601,False,False
2R9Q,170,0.3306,0.005451114683066601,False,False
2R9Q,171,0.0139,0.0,False,True
2R9Q,172,0.3477,0.005451114683066601,False,False
2R9Q,173,0.5995,0.005451114683066601,False,False
2R9Q,174,0.0535,0.001726503980330243,False,True
2R9Q,175,0.0941,0.001726503980330243,False,True
2R9Q,176,0.383,0.0055241774090051396,False,False
2R9Q,177,0.5885,0.0055241774090051396,False,False
2R9Q,178,0.3394,0.00548764604603587,False,False
2R9Q,179,0.3443,0.004452061321863543,False,False
2R9Q,180,0.0,0.0,False,True
2R9Q,181,0.0339,0.0,False,True
2R9Q,182,0.5021,0.005451114683066601,False,False
2R9Q,183,0.4215,0.00548764604603587,False,False
2R9Q,184,0.8339,0.005451114683066601,False,False
2R9Q,185,0.5497,0.00548764604603587,False,False
2R9Q,186,0.172,0.0,False,True
2R9Q,187,0.4278,0.005451114683066601,False,False
2R9Q,188,0.074,0.001726503980330243,False,True
2R9Q,189,0.5562,0.00548764604603587,False,False
2R9Q,190,0.1864,0.0,False,True
2R9Q,191,0.0061,0.001726503980330243,False,True
2R9Q,192,0.0875,0.00548764604603587,False,True
2R9Q,193,0.0,0.0,False,True
2R9Q,194,0.0156,0.004452061321863543,False,True
2R9Q,195,0.0,0.001726503980330243,False,True
2R9Q,196,0.0777,0.0033132357892998046,False,True
2R9Q,197,0.016,0.0,False,True
2R9Q,198,0.5729,0.00548764604603587,False,False
2R9Q,199,0.2177,0.0,False,True
2R9Q,200,0.2935,0.003383121874980146,False,False
2R9Q,201,0.7038,0.001726503980330243,False,False
2R9Q,202,0.5356,0.005451114683066601,False,False
2R9Q,203,0.6376,0.00548764604603587,False,False
2R9Q,204,0.1161,0.0044885926848328124,False,True
2R9Q,205,0.2457,0.003383121874980146,False,True
2R9Q,206,0.0545,0.001726503980330243,False,True
2R9Q,207,0.0464,0.0,False,True
2R9Q,208,0.2834,0.0,False,False
2R9Q,209,0.2376,0.0033862985152383427,False,True
2R9Q,210,0.0414,0.003383121874980146,False,True
2R9Q,211,0.2609,0.001726503980330243,False,False
2R9Q,212,0.4531,0.0055241774090051396,False,False
2R9Q,213,0.8482,0.003383121874980146,False,False
2R9Q,214,0.1278,0.001726503980330243,False,True
2R9Q,215,0.5265,0.0033132357892998046,False,False
2R9Q,216,0.3487,0.001726503980330243,False,False
2R9Q,217,0.0208,0.0,False,True
2R9Q,218,0.1104,0.0016566178946499023,False,True
2R9Q,219,0.057,0.0,False,True
2R9Q,220,0.3728,0.0033132357892998046,False,False
2R9Q,221,0.4253,0.004452061321863543,False,False
2R9Q,222,0.2578,0.0,False,False
2R9Q,223,0.8441,0.005451114683066601,False,False
2R9Q,224,0.422,0.00548764604603587,False,False
2R9Q,225,0.1881,0.001726503980330243,False,True
2R9Q,226,0.4867,0.00548764604603587,False,False
2R9Q,227,0.4637,0.005451114683066601,False,False
2R9Q,228,0.5361,0.005451114683066601,False,False
2R9Q,229,0.3792,0.0055241774090051396,False,False
2R9Q,230,0.0151,0.001726503980330243,False,True
2R9Q,231,0.1314,0.0,False,True
2R9Q,232,0.2722,0.00548764604603587,False,False
2R9Q,233,0.2783,0.004452061321863543,False,False
2R9Q,234,0.0901,0.0016566178946499023,False,True
2R9Q,235,0.4442,0.001726503980330243,False,False
2R9Q,236,0.3065,0.0044885926848328124,False,False
2R9Q,237,0.3683,0.0055241774090051396,False,False
2R9Q,238,0.696,0.004418706599152473,False,False
2R9Q,239,0.2228,0.005451114683066601,False,True
2R9Q,240,0.2183,0.003383121874980146,False,True
2R9Q,241,0.3714,0.00548764604603587,True,False
2R9Q,242,0.1081,0.001726503980330243,False,True
2R9Q,243,0.5507,0.0,True,False
2R9Q,244,0.0,0.0,False,True
2R9Q,245,0.3048,0.005451114683066601,False,False
2R9Q,246,0.2184,0.0,False,True
2R9Q,247,0.6137,0.005451114683066601,False,False
2R9Q,248,0.1478,0.005451114683066601,False,True
2R9Q,249,0.0242,0.003383121874980146,False,True
2R9Q,250,0.0081,0.001726503980330243,False,True
2R9Q,251,0.1035,0.003383121874980146,False,True
2R9Q,252,0.012,0.0,False,True
2R9Q,253,0.1388,0.001726503980330243,False,True
2R9Q,254,0.0,0.0,False,True
2R9Q,255,0.3825,0.0055241774090051396,False,False
2R9Q,256,0.1587,0.0033132357892998046,False,True
2R9Q,257,0.1639,0.003453007960660486,False,True
2R9Q,258,0.0,0.0,False,True
2R9Q,259,0.0773,0.0027255573415333003,False,True
2R9Q,260,0.0,0.0,False,True
2R9Q,261,0.0152,0.0,False,True
2R9Q,262,0.2506,0.00548764604603587,False,False
2R9Q,263,0.4434,0.005451114683066601,False,False
2R9Q,264,0.1411,0.0016566178946499023,False,True
2R9Q,265,0.0094,0.0016566178946499023,False,True
2R9Q,266,0.0094,0.0,False,True
2R9Q,267,0.2337,0.00548764604603587,False,True
2R9Q,268,0.0509,0.0,False,True
2R9Q,269,0.1334,0.005451114683066601,False,True
2R9Q,270,0.2127,0.001726503980330243,False,True
2R9Q,271,0.264,0.001726503980330243,True,False
2R9Q,272,0.5312,0.005451114683066601,False,False
2R9Q,273,0.6275,0.00548764604603587,True,False
2R9Q,274,0.1682,0.003453007960660486,False,True
2R9Q,275,0.2498,0.00548764604603587,False,True
2R9Q,276,0.5726,0.004382175236183203,True,False
2R9Q,277,0.2742,0.003383121874980146,True,False
2R9Q,278,0.0285,0.0,False,True
2R9Q,279,0.2865,0.0055241774090051396,True,False
2R9Q,280,0.0139,0.0,False,True
2R9Q,281,0.1038,0.005451114683066601,False,True
2R9Q,282,0.1467,0.0010355847241723263,False,True
2R9Q,283,0.1699,0.004452061321863543,False,True
2R9Q,284,0.1001,0.001726503980330243,False,True
2R9Q,285,0.1117,0.0,False,True
2R9Q,286,0.1057,0.0,False,True
2R9Q,287,0.2226,0.004418706599152473,False,True
2R9Q,288,0.027,0.001726503980330243,False,True
2R9Q,289,0.2025,0.0,False,True
2R9Q,290,0.2511,0.0,False,False
2R9Q,291,0.1001,0.0,False,True
2R9Q,292,0.4499,0.0055241774090051396,False,False
2R9Q,293,0.5803,0.00548764604603587,False,False
2R9Q,294,0.6281,0.00548764604603587,False,False
2R9Q,295,1.1412,0.004452061321863543,False,False
2R9Q,296,0.4279,0.0055241774090051396,False,False
2R9Q,297,0.199,0.004452061321863543,False,True
2R9Q,298,0.2604,0.0,False,False
2R9Q,299,0.2447,0.0016566178946499023,False,True
2R9Q,300,0.3442,0.003453007960660486,False,False
2R9Q,301,0.0094,0.0,False,True
2R9Q,302,0.3464,0.0044885926848328124,False,False
2R9Q,303,0.024,0.0,False,True
2R9Q,304,0.0439,0.00548764604603587,False,True
2R9Q,305,0.0,0.0,False,True
2R9Q,306,0.1231,0.0055241774090051396,False,True
2R9Q,307,0.0207,0.0,False,True
2R9Q,308,0.2126,0.004452061321863543,False,True
2R9Q,309,0.7643,0.005451114683066601,True,False
2R9Q,310,0.5197,0.003383121874980146,True,False
2R9Q,311,0.5137,0.0016566178946499023,True,False
2R9Q,312,0.161,0.001726503980330243,False,True
2R9Q,313,0.4429,0.003383121874980146,True,False
2R9Q,314,0.0,0.0,False,True
2R9Q,315,0.464,0.0055241774090051396,True,False
2R9Q,316,0.2625,0.0027255573415333003,False,False
2R9Q,317,0.281,0.0027954434272136415,False,False
2R9Q,318,0.2042,0.0016566178946499023,False,True
2R9Q,319,0.2368,0.004418706599152473,False,True
2R9Q,320,0.0185,0.0,False,True
2R9Q,321,0.0,0.0,False,True
2R9Q,322,0.2541,0.003383121874980146,False,False
2R9Q,323,0.0,0.0,False,True
2R9Q,324,0.185,0.0055241774090051396,False,True
2R9Q,325,0.0125,0.0,False,True
2R9Q,326,0.0397,0.0044885926848328124,False,True
2R9Q,327,0.0837,0.0055241774090051396,False,True
2R9Q,328,0.0239,0.001726503980330243,False,True
2R9Q,329,0.2175,0.0,False,True
2R9Q,330,0.2491,0.004418706599152473,False,True
2R9Q,331,0.4888,0.00548764604603587,False,False
2R9Q,332,0.0606,0.0,False,True
2R9Q,333,0.3078,0.004452061321863543,False,False
2R9Q,334,0.0348,0.0,False,True
2R9Q,335,0.5376,0.00548764604603587,False,False
2R9Q,336,0.3572,0.005451114683066601,False,False
2R9Q,337,0.4022,0.003383121874980146,False,False
2R9Q,338,0.5886,0.00548764604603587,False,False
2R9Q,339,0.3784,0.001726503980330243,False,False
2R9Q,340,0.2708,0.003383121874980146,False,False
2R9Q,341,1.1158,0.005451114683066601,False,False
2VJE,0,0.755,0.021707166073363253,True,False
2VJE,1,0.5678,0.021707166073363253,True,False
2VJE,2,0.577,0.028014239281844912,False,False
2VJE,3,0.3578,0.02650518495588918,True,False
2VJE,4,0.3857,0.014007119640922456,True,False
2VJE,5,0.7347,0.017025228292833927,True,False
2VJE,6,0.4197,0.028014239281844912,False,False
2VJE,7,0.4008,0.02182324717535985,False,False
2VJE,8,0.0064,0.0,False,True
2VJE,9,0.365,0.02650518495588918,False,False
2VJE,10,0.4811,0.02650518495588918,False,False
2VJE,11,0.2111,0.0,False,True
2VJE,12,0.5834,0.028014239281844912,False,False
2VJE,13,0.6079,0.028014239281844912,False,False
2VJE,14,0.2946,0.02650518495588918,False,False
2VJE,15,0.5309,0.02182324717535985,False,False
2VJE,16,0.1232,0.01865036372078626,False,True
2VJE,17,0.1278,0.021707166073363253,False,True
2VJE,18,0.0,0.0,False,True
2VJE,19,0.1626,0.00932518186039313,False,True
2VJE,20,0.0061,0.007700046432440798,False,True
2VJE,21,0.1349,0.0,False,True
2VJE,22,0.0664,0.0,False,True
2VJE,23,0.5238,0.017025228292833927,True,False
2VJE,24,0.8929,0.021707166073363253,True,False
2VJE,25,0.4641,0.021707166073363253,True,False
2VJE,26,0.3767,0.0,True,False
2VJE,27,0.2648,0.00932518186039313,True,False
2VJE,28,0.2229,0.0,False,True
2VJE,29,0.1596,0.007700046432440798,False,True
2VJE,30,0.007,0.017025228292833927,False,True
2VJE,31,0.0072,0.0,False,True
2VJE,32,0.231,0.0,False,True
2VJE,33,0.2719,0.024996130629933444,False,False
2VJE,34,0.0979,0.00932518186039313,False,True
2VJE,35,0.0,0.0,False,True
2VJE,36,0.472,0.02650518495588918,False,False
2VJE,37,0.5121,0.028014239281844912,False,False
2VJE,38,0.1983,0.017025228292833927,False,True
2VJE,39,0.3821,0.01865036372078626,False,False
2VJE,40,0.7565,0.024996130629933444,False,False
2VJE,41,0.6226,0.024996130629933444,False,False
2VJE,42,0.5606,0.014123200742919052,False,False
2VJE,43,0.3037,0.028014239281844912,False,False
2VJE,44,0.287,0.02182324717535985,False,False
2VJE,45,0.0077,0.00932518186039313,False,True
2VJE,46,0.3492,0.017025228292833927,False,False
2VJE,47,0.4779,0.021707166073363253,True,False
2VJE,48,0.2739,0.014007119640922456,False,False
2VJE,49,0.6001,0.02182324717535985,False,False
2VJE,50,0.4631,0.028014239281844912,False,False
2VJE,51,0.6289,0.02182324717535985,False,False
2VJE,52,0.0661,0.00932518186039313,False,True
2VJE,53,0.54,0.015400092864881596,False,False
2VJE,54,0.4566,0.023332301501315583,True,False
2VJE,55,0.1445,0.0,False,True
2VJE,56,0.3249,0.00932518186039313,True,False
2VJE,57,0.4019,0.028014239281844912,True,False
2VJE,58,0.2035,0.0,False,True
2VJE,59,0.6463,0.023332301501315583,True,False
2VJE,60,0.6479,0.009325181860393128,True,False
2VJE,61,1.2021,0.021707166073363253,True,False
2Y8S,0,0.9349,0.004597816357736919,False,False
2Y8S,1,0.0929,0.0,False,True
2Y8S,2,0.2134,0.00162817476597173,False,True
2Y8S,3,0.0252,0.00162817476597173,False,True
2Y8S,4,0.3938,0.0037202103457278195,False,False
2Y8S,5,0.8162,0.004597816357736919,False,False
2Y8S,6,0.3293,0.004706205944877485,False,False
2Y8S,7,0.5175,0.004706205944877485,False,False
2Y8S,8,0.3929,0.004597816357736919,False,False
2Y8S,9,0.0489,0.0,False,True
2Y8S,10,0.0,0.0,False,True
2Y8S,11,0.2879,0.004489426770596353,False,False
2Y8S,12,0.1218,0.003981277738410473,False,True
2Y8S,13,0.0196,0.0,False,True
2Y8S,14,0.1406,0.0023531029724387425,False,True
2Y8S,15,0.006,0.0023531029724387425,False,True
2Y8S,16,0.3563,0.0037202103457278195,False,False
2Y8S,17,0.4925,0.004706205944877485,False,False
2Y8S,18,0.1086,0.0023531029724387425,False,True
2Y8S,19,0.0054,0.00162817476597173,False,True
2Y8S,20,0.4217,0.0038728881512699064,False,False
2Y8S,21,0.0,0.0023531029724387425,False,True
2Y8S,22,0.0103,0.0,False,True
2Y8S,23,0.0,0.00162817476597173,False,True
2Y8S,24,0.1356,0.003981277738410473,False,True
2Y8S,25,0.0,0.00162817476597173,False,True
2Y8S,26,0.0354,0.002734214746578153,False,True
2Y8S,27,0.0901,0.00162817476597173,False,True
2Y8S,28,0.2229,0.00162817476597173,False,True
2Y8S,29,0.3115,0.004597816357736919,False,False
2Y8S,30,0.3019,0.004597816357736919,False,False
2Y8S,31,0.1474,0.004489426770596353,False,True
2Y8S,32,0.5018,0.004489426770596353,False,False
2Y8S,33,0.1319,0.0,False,True
2Y8S,34,0.3844,0.0022447133852981764,True,False
2Y8S,35,0.6519,0.0029952821392608066,False,False
2Y8S,36,0.3881,0.004706205944877485,True,False
2Y8S,37,0.5917,0.0038728881512699064,True,False
2Y8S,38,0.3839,0.0,True,False
2Y8S,39,0.1356,0.00162817476597173,False,True
2Y8S,40,0.0,0.0037202103457278195,False,True
2Y8S,41,0.0143,0.00162817476597173,False,True
2Y8S,42,0.0769,0.0023531029724387425,False,True
2Y8S,43,0.0,0.0,False,True
2Y8S,44,0.2196,0.00325634953194346,False,True
2Y8S,45,0.0214,0.0,False,True
2Y8S,46,0.0135,0.0,False,True
2Y8S,47,0.0368,0.00162817476597173,False,True
2Y8S,48,0.0297,0.0029952821392608066,False,True
2Y8S,49,0.0116,0.0,False,True
2Y8S,50,0.0046,0.0029952821392608066,False,True
2Y8S,51,0.0886,0.0022447133852981764,False,True
2Y8S,52,0.0272,0.0026141703651213965,False,True
2Y8S,53,0.2861,0.004597816357736919,False,False
2Y8S,54,0.0487,0.00162817476597173,False,True
2Y8S,55,0.2148,0.004597816357736919,False,True
2Y8S,56,0.0,0.0,False,True
2Y8S,57,0.0523,0.0020920355797560885,False,True
2Y8S,58,0.6708,0.004597816357736919,False,False
2Y8S,59,0.4023,0.004597816357736919,False,False
2Y8S,60,0.751,0.0037202103457278195,False,False
2Y8S,61,0.453,0.0,False,False
2Y8S,62,0.0774,0.0,False,True
2Y8S,63,0.6498,0.004597816357736919,False,False
2Y8S,64,0.2447,0.0020920355797560885,False,True
2Y8S,65,0.3588,0.0022447133852981764,False,False
2Y8S,66,0.0297,0.00162817476597173,False,True
2Y8S,67,0.1341,0.0013671073732890765,False,True
2Y8S,68,0.2844,0.0029952821392608066,False,False
2Y8S,69,0.2383,0.0037202103457278195,False,True
2Y8S,70,0.118,0.0029952821392608066,False,True
2Y8S,71,0.2689,0.0,True,False
2Y8S,72,0.3701,0.00162817476597173,True,False
2Y8S,73,0.534,0.0038728881512699064,True,False
2Y8S,74,0.6352,0.004597816357736919,True,False
2Y8S,75,0.3798,0.0037202103457278195,False,False
2Y8S,76,0.208,0.0029952821392608066,False,True
2Y8S,77,0.6854,0.004597816357736919,False,False
2Y8S,78,0.5776,0.004597816357736919,False,False
2Y8S,79,0.121,0.00162817476597173,False,True
2Y8S,80,0.2322,0.0,False,True
2Y8S,81,0.2598,0.004706205944877485,False,False
2Y8S,82,0.0076,0.00162817476597173,False,True
2Y8S,83,0.1562,0.0022447133852981764,False,True
2Y8S,84,0.0599,0.00162817476597173,False,True
2Y8S,85,0.0548,0.0,False,True
2Y8S,86,0.0412,0.0,False,True
2Y8S,87,0.0,0.0013671073732890765,False,True
2Y8S,88,0.0,0.00325634953194346,False,True
2Y8S,89,0.0541,0.0013671073732890763,False,True
2Y8S,90,0.2342,0.0029952821392608066,False,True
2Y8S,91,0.5032,0.00325634953194346,True,False
2Y8S,92,0.5336,0.0022447133852981764,True,False
2Y8S,93,0.3817,0.00162817476597173,True,False
2Y8S,94,0.8975,0.004597816357736919,True,False
2Y8S,95,0.7472,0.004597816357736919,False,False
2Y8S,96,0.4304,0.00162817476597173,False,False
2Y8S,97,0.4831,0.0038728881512699064,True,False
2Y8S,98,0.3376,0.0022447133852981764,True,False
2Y8S,99,0.2329,0.00162817476597173,False,True
2Y8S,100,0.0,0.0,False,True
2Y8S,101,0.2876,0.0,False,False
2Y8S,102,0.1308,0.0022447133852981764,False,True
2Y8S,103,0.2506,0.0029952821392608066,False,False
2Y8S,104,0.0049,0.0,False,True
2Y8S,105,0.4987,0.004489426770596353,False,False
2Y8S,106,0.3738,0.004489426770596353,False,False
2Y8S,107,0.0354,0.0,False,True
2Y8S,108,0.3647,0.004489426770596353,False,False
2Y8S,109,0.7801,0.004597816357736919,False,False
2Y8S,110,0.3574,0.0022447133852981764,True,False
2Y8S,111,0.6919,0.004597816357736919,False,False
2Y8S,112,0.581,0.004706205944877485,True,False
2Y8S,113,0.1266,0.00162817476597173,False,True
2Y8S,114,0.6827,0.0038728881512699064,False,False
2Y8S,115,0.0426,0.00162817476597173,False,True
2Y8S,116,0.1703,0.003981277738410473,False,True
2Y8S,117,0.007,0.00162817476597173,False,True
2Y8S,118,0.1299,0.002734214746578153,False,True
2Y8S,119,0.018,0.00162817476597173,False,True
2Y8S,120,0.0,0.00162817476597173,False,True
2Y8S,121,0.0958,0.00325634953194346,False,True
2Y8S,122,0.0,0.0,False,True
2Y8S,123,0.0,0.00162817476597173,False,True
2Y8S,124,0.0535,0.0037202103457278195,False,True
2Y8S,125,0.1599,0.0,False,True
2Y8S,126,0.0083,0.0,False,True
2Y8S,127,0.1682,0.0029952821392608066,False,True
2Y8S,128,0.5096,0.0029952821392608066,True,False
2Y8S,129,0.1387,0.0,False,True
2Y8S,130,0.3428,0.003981277738410473,True,False
2Y8S,131,0.1123,0.0023531029724387425,False,True
2Y8S,132,0.555,0.0013671073732890765,True,False
2Y8S,133,0.2013,0.0022447133852981764,False,True
2Y8S,134,0.7148,0.0037202103457278195,False,False
2Y8S,135,0.6012,0.004597816357736919,False,False
2Y8S,136,0.5394,0.004597816357736919,True,False
2Y8S,137,0.4935,0.004706205944877485,False,False
2Y8S,138,0.5517,0.0037202103457278195,True,False
2Y8S,139,0.1255,0.00162817476597173,False,True
2Y8S,140,0.6396,0.0037202103457278195,False,False
2Y8S,141,0.0892,0.0,False,True
2Y8S,142,0.1197,0.00325634953194346,False,True
2Y8S,143,0.2308,0.0017365643531122965,False,True
2Y8S,144,0.0076,0.0,False,True
2Y8S,145,0.0,0.00162817476597173,False,True
2Y8S,146,0.0,0.0,False,True
2Y8S,147,0.0081,0.0,False,True
2Y8S,148,0.0611,0.0022447133852981764,False,True
2Y8S,149,0.1607,0.0038728881512699064,False,True
2Y8S,150,0.6281,0.004706205944877485,False,False
2Y8S,151,0.5609,0.004597816357736919,False,False
2Y8S,152,0.3161,0.004706205944877485,False,False
2Y8S,153,0.2283,0.004597816357736919,False,True
2Y8S,154,0.0,0.0,False,True
2Y8S,155,0.0372,0.0,False,True
2Y8S,156,0.0123,0.00162817476597173,False,True
2Y8S,157,0.0,0.00162817476597173,False,True
2Y8S,158,0.2348,0.0037202103457278195,False,True
2Y8S,159,0.1103,0.002734214746578153,False,True
2Y8S,160,0.0757,0.004597816357736919,False,True
2Y8S,161,0.3066,0.00325634953194346,True,False
2Y8S,162,0.0049,0.00162817476597173,False,True
2Y8S,163,0.1201,0.0029952821392608066,False,True
2Y8S,164,0.1238,0.0029952821392608066,False,True
2Y8S,165,0.3908,0.004489426770596353,True,False
2Y8S,166,0.1538,0.0,False,True
2Y8S,167,0.4232,0.004489426770596353,False,False
2Y8S,168,0.5276,0.004706205944877485,True,False
2Y8S,169,0.4639,0.0029952821392608066,True,False
2Y8S,170,0.0128,0.00162817476597173,False,True
2Y8S,171,0.0207,0.0,False,True
2Y8S,172,0.4048,0.004706205944877485,False,False
2Y8S,173,0.3553,0.004597816357736919,False,False
2Y8S,174,0.1869,0.00162817476597173,False,True
2Y8S,175,0.5619,0.004597816357736919,False,False
2Y8S,176,0.325,0.0,False,False
2Y8S,177,0.529,0.0025057807779808304,False,False
2Y8S,178,0.6374,0.004597816357736919,False,False
2Y8S,179,0.1262,0.0022447133852981764,False,True
2Y8S,180,0.3351,0.0038728881512699064,True,False
2Y8S,181,0.2178,0.0038728881512699064,False,True
2Y8S,182,0.0041,0.0029952821392608066,False,True
2Y8S,183,0.0511,0.00162817476597173,False,True
2Y8S,184,0.0141,0.0,False,True
2Y8S,185,0.3364,0.004706205944877485,False,False
2Y8S,186,0.0,0.00162817476597173,False,True
2Y8S,187,0.2592,0.004597816357736919,False,False
2Y8S,188,0.0227,0.00325634953194346,False,True
2Y8S,189,0.18,0.0023531029724387425,False,True
2Y8S,190,0.406,0.004597816357736919,False,False
2Y8S,191,0.6322,0.004597816357736919,False,False
2Y8S,192,0.4819,0.004597816357736919,False,False
2Y8S,193,0.2387,0.0029952821392608066,False,True
2Y8S,194,0.2775,0.00162817476597173,False,False
2Y8S,195,0.1811,0.0037202103457278195,False,True
2Y8S,196,0.036,0.0,False,True
2Y8S,197,0.0,0.0,False,True
2Y8S,198,0.0092,0.00162817476597173,False,True
2Y8S,199,0.0116,0.0,False,True
2Y8S,200,0.0071,0.0,False,True
2Y8S,201,0.0085,0.0,False,True
2Y8S,202,0.0673,0.004706205944877485,False,True
2Y8S,203,0.0185,0.0,False,True
2Y8S,204,0.0206,0.0,False,True
2Y8S,205,0.4776,0.004489426770596353,False,False
2Y8S,206,0.546,0.004597816357736919,False,False
2Y8S,207,0.1367,0.0,False,True
2Y8S,208,0.3472,0.0022447133852981764,False,False
2Y8S,209,0.1395,0.0038728881512699064,False,True
2Y8S,210,0.0046,0.00162817476597173,False,True
2Y8S,211,0.2492,0.0029952821392608066,False,True
2Y8S,212,0.3451,0.0038728881512699064,False,False
2Y8S,213,0.3597,0.004597816357736919,False,False
2Y8S,214,0.0136,0.0,False,True
2Y8S,215,0.0287,0.00162817476597173,False,True
2Y8S,216,0.059,0.00162817476597173,False,True
2Y8S,217,0.1353,0.0029952821392608066,False,True
2Y8S,218,0.0603,0.0,False,True
2Y8S,219,0.1021,0.0,False,True
2Y8S,220,0.472,0.0029952821392608066,False,False
2Y8S,221,0.076,0.0,False,True
2Y8S,222,0.027,0.0,False,True
2Y8S,223,0.1418,0.0029952821392608066,False,True
2Y8S,224,0.005,0.0,False,True
2Y8S,225,0.0,0.00162817476597173,False,True
2Y8S,226,0.0833,0.0029952821392608066,False,True
2Y8S,227,0.2221,0.00162817476597173,False,True
2Y8S,228,0.3842,0.004489426770596353,False,False
2Y8S,229,0.4863,0.0037202103457278195,False,False
2Y8S,230,0.3124,0.0013671073732890765,False,False
2Y8S,231,0.0399,0.00162817476597173,False,True
2Y8S,232,0.0257,0.0,False,True
2Y8S,233,0.018,0.003981277738410473,False,True
2Y8S,234,0.0611,0.00162817476597173,False,True
2Y8S,235,0.0,0.00162817476597173,False,True
2Y8S,236,0.2531,0.0037202103457278195,False,False
2Y8S,237,0.417,0.004597816357736919,False,False
2Y8S,238,0.1187,0.0029952821392608066,False,True
2Y8S,239,0.7866,0.004597816357736919,False,False
2Y8S,240,0.4022,0.0036118207585872524,False,False
2Y8S,241,0.1184,0.00162817476597173,False,True
2Y8S,242,0.236,0.004706205944877485,False,True
2Y8S,243,0.419,0.00162817476597173,False,False
2Y8S,244,0.2926,0.0038728881512699064,False,False
2Y8S,245,0.4821,0.004597816357736919,False,False
2Y8S,246,0.0262,0.00162817476597173,False,True
2Y8S,247,0.7634,0.004597816357736919,False,False
2Y8S,248,0.282,0.0023531029724387425,False,False
2Y8S,249,0.3276,0.004597816357736919,False,False
2Y8S,250,0.1115,0.0038728881512699064,False,True
2Y8S,251,0.256,0.002734214746578153,False,False
2Y8S,252,0.0,0.00162817476597173,False,True
2Y8S,253,0.0169,0.0,False,True
2Y8S,254,0.0902,0.00162817476597173,False,True
2Y8S,255,0.2004,0.0029952821392608066,False,True
2Y8S,256,0.0,0.0,False,True
2Y8S,257,0.0,0.00162817476597173,False,True
2Y8S,258,0.2547,0.0037202103457278195,False,False
2Y8S,259,0.1568,0.0,False,True
2Y8S,260,0.8474,0.004597816357736919,False,False
2Y8S,261,0.2557,0.0029952821392608066,False,False
2Y8S,262,0.0832,0.00162817476597173,False,True
2Y8S,263,0.0,0.00162817476597173,False,True
2Y8S,264,0.245,0.0,False,True
2Y8S,265,0.0,0.0013671073732890765,False,True
2Y8S,266,0.2074,0.0013671073732890765,False,True
2Y8S,267,0.2168,0.00162817476597173,False,True
2Y8S,268,0.5501,0.004597816357736919,True,False
2Y8S,269,0.2204,0.0013671073732890765,False,True
2Y8S,270,0.255,0.0029952821392608066,False,False
2Y8S,271,0.5013,0.0038728881512699064,False,False
2Y8S,272,0.5745,0.004597816357736919,False,False
2Y8S,273,0.5416,0.004597816357736919,False,False
2Y8S,274,1.0084,0.004597816357736919,False,False
2Y8S,275,0.5986,0.0036118207585872524,True,False
2Y8S,276,0.4913,0.004597816357736919,False,False
2Y8S,277,0.6107,0.004597816357736919,False,False
2Y8S,278,0.4027,0.004597816357736919,False,False
2Y8S,279,0.1595,0.00162817476597173,False,True
2Y8S,280,0.4417,0.0038728881512699064,False,False
2Y8S,281,0.7536,0.004597816357736919,False,False
2Y8S,282,0.5026,0.0038728881512699064,True,False
2Y8S,283,0.5163,0.004597816357736919,True,False
2Y8S,284,0.3106,0.0037202103457278195,True,False
2Y8S,285,0.3655,0.004706205944877485,True,False
2Y8S,286,0.2354,0.0029952821392608066,False,True
2Y8S,287,0.4247,0.004706205944877485,False,False
2Y8S,288,0.1932,0.00162817476597173,False,True
2Y8S,289,0.2364,0.004597816357736919,False,True
2Y8S,290,0.0,0.0,False,True
2Y8S,291,0.5065,0.004597816357736919,False,False
2Y8S,292,0.0905,0.0,False,True
2Y8S,293,0.2168,0.004489426770596353,False,True
2Y8S,294,0.0,0.0023531029724387425,False,True
2Y8S,295,0.0087,0.00162817476597173,False,True
2Y8S,296,0.0,0.00162817476597173,False,True
2Y8S,297,0.0,0.00162817476597173,False,True
2Y8S,298,0.1421,0.0,False,True
2Y8S,299,0.078,0.00162817476597173,False,True
2Y8S,300,0.3816,0.0,False,False
2Y8S,301,0.1673,0.0037202103457278195,False,True
2Y8S,302,0.8171,0.004597816357736919,False,False
2Y8S,303,0.566,0.0022447133852981764,False,False
2Y8S,304,0.5542,0.00162817476597173,False,False
2Y8S,305,0.3317,0.0038728881512699064,False,False
2Y8S,306,0.0443,0.0013671073732890765,False,True
2Y8S,307,0.1485,0.00325634953194346,False,True
2Y8S,308,0.0,0.00162817476597173,False,True
2Y8S,309,0.0,0.00162817476597173,False,True
2Y8S,310,0.018,0.00162817476597173,False,True
2Y8S,311,0.0,0.0,False,True
2Y8S,312,0.3318,0.0037202103457278195,False,False
2Y8S,313,0.3243,0.004706205944877485,False,False
2Y8S,314,0.261,0.0029952821392608066,False,False
2Y8S,315,0.0202,0.0,False,True
2Y8S,316,0.2492,0.0022447133852981764,False,True
2Y8S,317,0.0,0.0,False,True
2Y8S,318,0.0,0.00162817476597173,False,True
2Y8S,319,0.1319,0.00162817476597173,False,True
2Y8S,320,0.1288,0.0,False,True
2Y8S,321,0.1668,0.0022447133852981764,False,True
2Y8S,322,0.6348,0.0023531029724387425,False,False
2Y8S,323,0.392,0.0029952821392608066,False,False
2Y8S,324,0.0083,0.00162817476597173,False,True
2Y8S,325,0.0278,0.0,False,True
2Y8S,326,0.0138,0.0,False,True
2Y8S,327,0.0046,0.0,False,True
2Y8S,328,0.0331,0.0,False,True
2Y8S,329,0.0,0.0,False,True
2Y8S,330,0.0187,0.0,False,True
2Y8S,331,0.0,0.0,False,True
2Y8S,332,0.0381,0.0,False,True
2Y8S,333,0.1712,0.004706205944877485,False,True
2Y8S,334,0.4386,0.00325634953194346,False,False
2Y8S,335,0.284,0.0,False,False
2Y8S,336,0.61,0.002734214746578153,False,False
2Y8S,337,0.3778,0.0013671073732890765,False,False
2Y8S,338,0.1899,0.0029952821392608066,False,True
2Y8S,339,0.7127,0.0029952821392608066,False,False
2Y8S,340,0.1756,0.0037202103457278195,False,True
2Y8S,341,0.0401,0.0037644985641293407,False,True
2Y8S,342,0.3807,0.0038728881512699064,False,False
2Y8S,343,0.3669,0.0029952821392608066,False,False
2Y8S,344,0.5172,0.004706205944877485,False,False
2Y8S,345,0.8427,0.004489426770596353,False,False
2Y8S,346,0.5361,0.004597816357736919,False,False
2Y8S,347,0.5074,0.004489426770596353,False,False
2Y8S,348,0.5503,0.004489426770596353,False,False
2Y8S,349,0.2339,0.004597816357736919,False,True
2Y8S,350,0.018,0.0029952821392608066,False,True
2Y8S,351,0.4688,0.004597816357736919,False,False
2Y8S,352,0.118,0.0,False,True
2Y8S,353,0.4551,0.002950993920859285,False,False
2Y8S,354,0.5101,0.004597816357736919,False,False
2Y8S,355,0.6487,0.004597816357736919,False,False
2Y8S,356,0.6566,0.004489426770596353,False,False
2Y8S,357,0.2667,0.0029952821392608066,False,False
2Y8S,358,0.5823,0.004706205944877485,False,False
2Y8S,359,0.4592,0.004597816357736919,False,False
2Y8S,360,0.4185,0.004597816357736919,False,False
2Y8S,361,0.4043,0.0029952821392608066,False,False
2Y8S,362,0.2441,0.0,False,True
2Y8S,363,0.6339,0.004597816357736919,False,False
2Y8S,364,0.3869,0.0,False,False
2Y8S,365,0.05,0.0022447133852981764,False,True
2Y8S,366,0.7756,0.004597816357736919,False,False
2Y8S,367,0.769,0.004489426770596353,False,False
2Y8S,368,0.261,0.0029952821392608066,False,False
2Y8S,369,0.4689,0.0029952821392608066,False,False
2Y8S,370,0.3313,0.0038728881512699064,False,False
2Y8S,371,0.1485,0.00325634953194346,False,True
2Y8S,372,0.0215,0.0023531029724387425,False,True
2Y8S,373,0.2351,0.004597816357736919,False,True
2Y8S,374,0.0476,0.00162817476597173,False,True
2Y8S,375,0.064,0.0037202103457278195,False,True
2Y8S,376,0.1306,0.0,False,True
2Y8S,377,0.5166,0.004597816357736919,False,False
2Y8S,378,0.7856,0.00162817476597173,False,False
2Y8S,379,0.3146,0.0,False,False
2Y8S,380,0.1429,0.003981277738410473,False,True
2Y8S,381,0.0981,0.0029952821392608066,False,True
2Y8S,382,0.2449,0.0029952821392608066,False,True
2Y8S,383,0.0156,0.0,False,True
2Y8S,384,0.2908,0.0029952821392608066,False,False
2Y8S,385,0.2287,0.002270353932793794,False,True
2Y8S,386,0.2082,0.0029952821392608066,False,True
2Y8S,387,0.4786,0.004597816357736919,False,False
2Y8S,388,0.2408,0.0,False,True
2Y8S,389,0.5939,0.004597816357736919,False,False
2Y8S,390,1.1117,0.004489426770596353,False,False
2Y8T,0,0.094,0.0,False,True
2Y8T,1,0.4646,0.004646945210784184,False,False
2Y8T,2,0.076,0.0015982893853861754,False,True
2Y8T,3,0.0145,0.0,False,True
2Y8T,4,0.5257,0.004672200347799316,False,False
2Y8T,5,0.582,0.00382314669386204,False,False
2Y8T,6,0.2551,0.002323472605392092,False,False
2Y8T,7,0.5374,0.004672200347799316,False,False
2Y8T,8,0.4569,0.004672200347799316,False,False
2Y8T,9,0.0216,0.0031965787707723507,False,True
2Y8T,10,0.3923,0.004672200347799316,False,False
2Y8T,11,0.3321,0.004672200347799316,False,False
2Y8T,12,0.0503,0.0015982893853861754,False,True
2Y8T,13,0.0419,0.0,False,True
2Y8T,14,0.3485,0.0029740930399247637,False,False
2Y8T,15,0.1546,0.004697455484814447,False,True
2Y8T,16,0.0201,0.0015982893853861754,False,True
2Y8T,17,0.2104,0.002323472605392092,False,True
2Y8T,18,0.0,0.0015982893853861754,False,True
2Y8T,19,0.2665,0.00382314669386204,False,False
2Y8T,20,0.4844,0.004697455484814447,False,False
2Y8T,21,0.0986,0.0030727083368409917,False,True
2Y8T,22,0.0054,0.0015982893853861754,False,True
2Y8T,23,0.4413,0.003921761990778268,False,False
2Y8T,24,0.0078,0.0023487277424072235,False,True
2Y8T,25,0.0103,0.0015982893853861754,False,True
2Y8T,26,0.0054,0.0015982893853861754,False,True
2Y8T,27,0.1275,0.0031965787707723507,False,True
2Y8T,28,0.0,0.0,False,True
2Y8T,29,0.0292,0.002948837902909632,False,True
2Y8T,30,0.1021,0.0015982893853861754,False,True
2Y8T,31,0.1894,0.0015982893853861754,False,True
2Y8T,32,0.2726,0.00382314669386204,False,False
2Y8T,33,0.3316,0.004646945210784184,True,False
2Y8T,34,0.1562,0.003921761990778268,False,True
2Y8T,35,0.5624,0.004646945210784184,False,False
2Y8T,36,0.145,0.0,False,True
2Y8T,37,0.3564,0.002323472605392092,True,False
2Y8T,38,0.6338,0.0,False,False
2Y8T,39,0.3772,0.004697455484814447,True,False
2Y8T,40,0.5652,0.004672200347799316,True,False
2Y8T,41,0.3773,0.001474418951454816,True,False
2Y8T,42,0.1489,0.0031965787707723507,False,True
2Y8T,43,0.0,0.0030727083368409917,False,True
2Y8T,44,0.0143,0.0015982893853861754,False,True
2Y8T,45,0.08,0.0015982893853861754,False,True
2Y8T,46,0.0,0.0015982893853861754,False,True
2Y8T,47,0.3084,0.004697455484814447,False,False
2Y8T,48,0.0141,0.0015982893853861754,False,True
2Y8T,49,0.0135,0.0,False,True
2Y8T,50,0.0307,0.0015982893853861754,False,True
2Y8T,51,0.0381,0.0030727083368409917,False,True
2Y8T,52,0.0219,0.0,False,True
2Y8T,53,0.0046,0.003921761990778268,False,True
2Y8T,54,0.0973,0.002322269979819943,False,True
2Y8T,55,0.0218,0.002323472605392092,False,True
2Y8T,56,0.3052,0.004646945210784184,False,False
2Y8T,57,0.0374,0.0015982893853861754,False,True
2Y8T,58,0.1933,0.003921761990778268,False,True
2Y8T,59,0.0,0.001474418951454816,False,True
2Y8T,60,0.0532,0.0030727083368409917,False,True
2Y8T,61,0.634,0.004646945210784184,False,False
2Y8T,62,0.405,0.004697455484814447,False,False
2Y8T,63,0.6598,0.00382314669386204,False,False
2Y8T,64,0.3442,0.0,False,False
2Y8T,65,0.053,0.001474418951454816,False,True
2Y8T,66,0.5624,0.004672200347799316,False,False
2Y8T,67,0.2508,0.0030727083368409917,False,False
2Y8T,68,0.3249,0.002323472605392092,False,False
2Y8T,69,0.0347,0.0015982893853861754,False,True
2Y8T,70,0.1381,0.0030727083368409917,False,True
2Y8T,71,0.3039,0.0029740930399247637,False,False
2Y8T,72,0.2309,0.0014996740884699476,False,True
2Y8T,73,0.0763,0.001474418951454816,False,True
2Y8T,74,0.2529,0.0,True,False
2Y8T,75,0.3412,0.0,True,False
2Y8T,76,0.5351,0.00382314669386204,True,False
2Y8T,77,0.5625,0.00382314669386204,True,False
2Y8T,78,0.387,0.002948837902909632,True,False
2Y8T,79,0.1841,0.001474418951454816,False,True
2Y8T,80,0.6195,0.004672200347799316,False,False
2Y8T,81,0.5996,0.004672200347799316,False,False
2Y8T,82,0.1428,0.001474418951454816,False,True
2Y8T,83,0.2438,0.0,False,True
2Y8T,84,0.2507,0.002323472605392092,False,False
2Y8T,85,0.0,0.0015982893853861754,False,True
2Y8T,86,0.1382,0.0030727083368409917,False,True
2Y8T,87,0.0532,0.0,False,True
2Y8T,88,0.1801,0.0015982893853861754,False,True
2Y8T,89,0.0206,0.0,False,True
2Y8T,90,0.0,0.0,False,True
2Y8T,91,0.0,0.0023487277424072235,False,True
2Y8T,92,0.018,0.0015982893853861754,False,True
2Y8T,93,0.2441,0.001474418951454816,False,True
2Y8T,94,0.4573,0.0,True,False
2Y8T,95,0.5536,0.0030727083368409917,True,False
2Y8T,96,0.3471,0.0023487277424072235,True,False
2Y8T,97,0.8975,0.004672200347799316,True,False
2Y8T,98,0.7152,0.004672200347799316,False,False
2Y8T,99,0.4317,0.0,False,False
2Y8T,100,0.4164,0.004697455484814447,True,False
2Y8T,101,0.3545,0.002323472605392092,True,False
2Y8T,102,0.214,0.0015982893853861754,False,True
2Y8T,103,0.0,0.0,False,True
2Y8T,104,0.2631,0.0,False,False
2Y8T,105,0.1057,0.004672200347799316,False,True
2Y8T,106,0.2051,0.00382314669386204,False,True
2Y8T,107,0.0,0.0,False,True
2Y8T,108,0.3108,0.003797891556846908,False,False
2Y8T,109,0.3918,0.004646945210784184,False,False
2Y8T,110,0.0173,0.0015982893853861754,False,True
2Y8T,111,0.3941,0.004697455484814447,False,False
2Y8T,112,0.6837,0.004672200347799316,False,False
2Y8T,113,0.357,0.0014996740884699476,True,False
2Y8T,114,0.6447,0.0030727083368409917,False,False
2Y8T,115,0.5612,0.004697455484814447,True,False
2Y8T,116,0.1197,0.0015982893853861754,False,True
2Y8T,117,0.6804,0.003947017127793399,False,False
2Y8T,118,0.0332,0.0,False,True
2Y8T,119,0.0813,0.003921761990778268,False,True
2Y8T,120,0.007,0.0015982893853861754,False,True
2Y8T,121,0.1237,0.002948837902909632,False,True
2Y8T,122,0.0113,0.0,False,True
2Y8T,123,0.0,0.0,False,True
2Y8T,124,0.0958,0.0031965787707723507,False,True
2Y8T,125,0.0,0.0,False,True
2Y8T,126,0.0,0.0,False,True
2Y8T,127,0.0204,0.002323472605392092,False,True
2Y8T,128,0.1454,0.0015982893853861754,False,True
2Y8T,129,0.0083,0.0,False,True
2Y8T,130,0.1599,0.0,False,True
2Y8T,131,0.4982,0.0030727083368409917,True,False
2Y8T,132,0.1357,0.0015982893853861754,False,True
2Y8T,133,0.3057,0.004697455484814447,True,False
2Y8T,134,0.1217,0.0,False,True
2Y8T,135,0.5068,0.0015982893853861754,True,False
2Y8T,136,0.1513,0.002323472605392092,False,True
2Y8T,137,0.617,0.00382314669386204,False,False
2Y8T,138,0.5026,0.004672200347799316,False,False
2Y8T,139,0.5303,0.00382314669386204,True,False
2Y8T,140,0.518,0.004672200347799316,False,False
2Y8T,141,0.5508,0.004672200347799316,True,False
2Y8T,142,0.1333,0.0015982893853861754,False,True
2Y8T,143,0.6182,0.004646945210784184,False,False
2Y8T,144,0.0979,0.0015982893853861754,False,True
2Y8T,145,0.1396,0.0031965787707723507,False,True
2Y8T,146,0.154,0.0015982893853861754,False,True
2Y8T,147,0.0,0.0015982893853861754,False,True
2Y8T,148,0.0,0.0,False,True
2Y8T,149,0.0,0.0015982893853861754,False,True
2Y8T,150,0.0041,0.0,False,True
2Y8T,151,0.0444,0.002948837902909632,False,True
2Y8T,152,0.1521,0.0030727083368409917,False,True
2Y8T,153,0.6058,0.004697455484814447,False,False
2Y8T,154,0.582,0.004672200347799316,False,False
2Y8T,155,0.2648,0.004697455484814447,False,False
2Y8T,156,0.2043,0.004672200347799316,False,True
2Y8T,157,0.0,0.0,False,True
2Y8T,158,0.0475,0.0,False,True
2Y8T,159,0.0123,0.0015982893853861754,False,True
2Y8T,160,0.006,0.0015982893853861754,False,True
2Y8T,161,0.4046,0.003921761990778268,True,False
2Y8T,162,0.0756,0.0031460684967420877,False,True
2Y8T,163,0.0672,0.0030727083368409917,False,True
2Y8T,164,0.3186,0.0029993481769398952,True,False
2Y8T,165,0.0097,0.0030727083368409917,False,True
2Y8T,166,0.1147,0.003896506853763136,False,True
2Y8T,167,0.14,0.001474418951454816,False,True
2Y8T,168,0.3659,0.004672200347799316,False,False
2Y8T,169,0.2583,0.0,False,False
2Y8T,170,0.5584,0.004672200347799316,False,False
2Y8T,171,0.5401,0.003921761990778268,True,False
2Y8T,172,0.4323,0.0030727083368409917,True,False
2Y8T,173,0.0128,0.0,False,True
2Y8T,174,0.0207,0.0,False,True
2Y8T,175,0.4188,0.004672200347799316,False,False
2Y8T,176,0.3301,0.004672200347799316,False,False
2Y8T,177,0.1985,0.001474418951454816,False,True
2Y8T,178,0.5668,0.004672200347799316,False,False
2Y8T,179,0.2886,0.0,False,False
2Y8T,180,0.5222,0.00382314669386204,False,False
2Y8T,181,0.693,0.004646945210784184,False,False
2Y8T,182,0.1442,0.003947017127793399,False,True
2Y8T,183,0.3301,0.00382314669386204,True,False
2Y8T,184,0.2182,0.0030727083368409917,False,True
2Y8T,185,0.0163,0.003921761990778268,False,True
2Y8T,186,0.0819,0.001474418951454816,False,True
2Y8T,187,0.0141,0.0,False,True
2Y8T,188,0.3337,0.004697455484814447,False,False
2Y8T,189,0.0,0.0,False,True
2Y8T,190,0.1703,0.003921761990778268,False,True
2Y8T,191,0.0227,0.0031965787707723507,False,True
2Y8T,192,0.173,0.0029740930399247637,False,True
2Y8T,193,0.3833,0.004672200347799316,False,False
2Y8T,194,0.5854,0.004646945210784184,False,False
2Y8T,195,0.4993,0.004697455484814447,False,False
2Y8T,196,0.2558,0.00382314669386204,False,False
2Y8T,197,0.2921,0.0030727083368409917,False,False
2Y8T,198,0.1864,0.003797891556846908,False,True
2Y8T,199,0.0421,0.001474418951454816,False,True
2Y8T,200,0.0,0.0,False,True
2Y8T,201,0.0092,0.0015982893853861754,False,True
2Y8T,202,0.0116,0.0015982893853861754,False,True
2Y8T,203,0.0071,0.0015982893853861754,False,True
2Y8T,204,0.0,0.0,False,True
2Y8T,205,0.0535,0.004672200347799316,False,True
2Y8T,206,0.0254,0.0,False,True
2Y8T,207,0.0206,0.0,False,True
2Y8T,208,0.4283,0.004646945210784184,False,False
2Y8T,209,0.5379,0.004646945210784184,False,False
2Y8T,210,0.1443,0.0015982893853861754,False,True
2Y8T,211,0.3626,0.002323472605392092,False,False
2Y8T,212,0.2688,0.004697455484814447,False,False
2Y8T,213,0.0096,0.0,False,True
2Y8T,214,0.2043,0.0030727083368409917,False,True
2Y8T,215,0.3511,0.00382314669386204,False,False
2Y8T,216,0.41,0.004646945210784184,False,False
2Y8T,217,0.0154,0.0015982893853861754,False,True
2Y8T,218,0.0219,0.0015982893853861754,False,True
2Y8T,219,0.0348,0.0015982893853861754,False,True
2Y8T,220,0.1443,0.0030727083368409917,False,True
2Y8T,221,0.0519,0.0,False,True
2Y8T,222,0.036,0.0,False,True
2Y8T,223,0.3754,0.0030727083368409917,False,False
2Y8T,224,0.1882,0.0,False,True
2Y8T,225,0.0265,0.0,False,True
2Y8T,226,0.1298,0.0031965787707723507,False,True
2Y8T,227,0.005,0.0,False,True
2Y8T,228,0.0,0.0,False,True
2Y8T,229,0.0833,0.0030727083368409917,False,True
2Y8T,230,0.2103,0.0015982893853861754,False,True
2Y8T,231,0.4339,0.004697455484814447,False,False
2Y8T,232,0.4487,0.003797891556846908,False,False
2Y8T,233,0.3462,0.0030727083368409917,False,False
2Y8T,234,0.0563,0.0031713236337572188,False,True
2Y8T,235,0.0192,0.0,False,True
2Y8T,236,0.0661,0.003921761990778268,False,True
2Y8T,237,0.0612,0.0015982893853861754,False,True
2Y8T,238,0.0,0.0,False,True
2Y8T,239,0.2804,0.003797891556846908,False,False
2Y8T,240,0.4404,0.004646945210784184,False,False
2Y8T,241,0.1521,0.0015982893853861754,False,True
2Y8T,242,0.7699,0.004672200347799316,False,False
2Y8T,243,0.6299,0.00382314669386204,False,False
2Y8T,244,0.1308,0.0,False,True
2Y8T,245,0.2776,0.004672200347799316,False,False
2Y8T,246,0.3899,0.0015982893853861754,False,False
2Y8T,247,0.3107,0.003921761990778268,False,False
2Y8T,248,0.5811,0.004672200347799316,False,False
2Y8T,249,0.0886,0.0,False,True
2Y8T,250,0.8299,0.004646945210784184,False,False
2Y8T,251,0.2873,0.0015982893853861754,False,False
2Y8T,252,0.3707,0.004697455484814447,False,False
2Y8T,253,0.1123,0.004697455484814447,False,True
2Y8T,254,0.2611,0.002948837902909632,False,False
2Y8T,255,0.0,0.0,False,True
2Y8T,256,0.0,0.0,False,True
2Y8T,257,0.0833,0.0,False,True
2Y8T,258,0.2014,0.003921761990778268,False,True
2Y8T,259,0.0,0.0,False,True
2Y8T,260,0.0,0.0,False,True
2Y8T,261,0.2704,0.00382314669386204,False,False
2Y8T,262,0.1335,0.0015982893853861754,False,True
2Y8T,263,0.8294,0.003921761990778268,False,False
2Y8T,264,0.245,0.0030727083368409917,False,True
2Y8T,265,0.0832,0.0015982893853861754,False,True
2Y8T,266,0.0094,0.0,False,True
2Y8T,267,0.2095,0.0015982893853861754,False,True
2Y8T,268,0.0,0.002948837902909632,False,True
2Y8T,269,0.1932,0.0030727083368409917,False,True
2Y8T,270,0.254,0.0030727083368409917,True,False
2Y8T,271,0.5301,0.004672200347799316,True,False
2Y8T,272,0.2213,0.0,False,True
2Y8T,273,0.2751,0.0030727083368409917,False,False
2Y8T,274,0.5553,0.00382314669386204,False,False
2Y8T,275,0.5254,0.003921761990778268,False,False
2Y8T,276,0.3868,0.0030727083368409917,False,False
2Y8T,277,0.8042,0.004672200347799316,False,False
2Y8T,278,0.7513,0.004672200347799316,False,False
2Y8T,279,0.6366,0.003797891556846908,True,False
2Y8T,280,0.4506,0.004646945210784184,False,False
2Y8T,281,0.6342,0.004646945210784184,False,False
2Y8T,282,0.3796,0.004672200347799316,False,False
2Y8T,283,0.1359,0.0015982893853861754,False,True
2Y8T,284,0.4316,0.004672200347799316,False,False
2Y8T,285,0.6287,0.003921761990778268,False,False
2Y8T,286,0.5404,0.004672200347799316,True,False
2Y8T,287,0.5015,0.004672200347799316,True,False
2Y8T,288,0.2586,0.004646945210784184,True,False
2Y8T,289,0.4154,0.003947017127793399,True,False
2Y8T,290,0.2506,0.0,False,False
2Y8T,291,0.4454,0.004672200347799316,False,False
2Y8T,292,0.1479,0.0015982893853861754,False,True
2Y8T,293,0.2673,0.004672200347799316,False,False
2Y8T,294,0.0103,0.0,False,True
2Y8T,295,0.5682,0.003947017127793399,False,False
2Y8T,296,0.0802,0.0,False,True
2Y8T,297,0.1813,0.0038484018308771713,False,True
2Y8T,298,0.0,0.0023487277424072235,False,True
2Y8T,299,0.0087,0.0,False,True
2Y8T,300,0.0,0.0,False,True
2Y8T,301,0.0,0.0,False,True
2Y8T,302,0.1687,0.0,False,True
2Y8T,303,0.0653,0.0,False,True
2Y8T,304,0.3609,0.001474418951454816,False,False
2Y8T,305,0.1508,0.002323472605392092,False,True
2Y8T,306,0.8427,0.004672200347799316,False,False
2Y8T,307,0.566,0.004646945210784184,False,False
2Y8T,308,0.5479,0.0015982893853861754,False,False
2Y8T,309,0.3071,0.004672200347799316,False,False
2Y8T,310,0.0736,0.001474418951454816,False,True
2Y8T,311,0.1919,0.0031965787707723507,False,True
2Y8T,312,0.0,0.0,False,True
2Y8T,313,0.0,0.0,False,True
2Y8T,314,0.006,0.0015982893853861754,False,True
2Y8T,315,0.0207,0.0,False,True
2Y8T,316,0.3914,0.00382314669386204,False,False
2Y8T,317,0.3877,0.004646945210784184,False,False
2Y8T,318,0.2528,0.0023487277424072235,False,False
2Y8T,319,0.027,0.0,False,True
2Y8T,320,0.2986,0.002323472605392092,False,False
2Y8T,321,0.0,0.0,False,True
2Y8T,322,0.0,0.0,False,True
2Y8T,323,0.111,0.0015982893853861754,False,True
2Y8T,324,0.217,0.0,False,True
2Y8T,325,0.1784,0.002948837902909632,False,True
2Y8T,326,0.7513,0.0015982893853861754,False,False
2Y8T,327,0.393,0.00382314669386204,False,False
2Y8T,328,0.0166,0.0,False,True
2Y8T,329,0.0486,0.0,False,True
2Y8T,330,0.0207,0.0,False,True
2Y8T,331,0.0092,0.0,False,True
2Y8T,332,0.0457,0.0015982893853861754,False,True
2Y8T,333,0.0,0.0015982893853861754,False,True
2Y8T,334,0.0,0.0015982893853861754,False,True
2Y8T,335,0.0116,0.0,False,True
2Y8T,336,0.0615,0.0015982893853861754,False,True
2Y8T,337,0.1592,0.003921761990778268,False,True
2Y8T,338,0.3992,0.003947017127793399,False,False
2Y8T,339,0.162,0.0,False,True
2Y8T,340,0.4929,0.002948837902909632,False,False
2Y8T,341,0.3232,0.001474418951454816,False,False
2Y8T,342,0.1899,0.0030727083368409917,False,True
2Y8T,343,0.6549,0.003896506853763136,False,False
2Y8T,344,0.15,0.0030727083368409917,False,True
2Y8T,345,0.0592,0.0030727083368409917,False,True
2Y8T,346,0.3915,0.003921761990778268,False,False
2Y8T,347,0.3678,0.0030727083368409917,False,False
2Y8T,348,0.6183,0.004646945210784184,False,False
2Y8T,349,0.7448,0.004646945210784184,False,False
2Y8T,350,0.649,0.004646945210784184,False,False
2Y8T,351,0.2227,0.004672200347799316,False,True
2Y8T,352,0.4545,0.004646945210784184,False,False
2Y8T,353,0.1176,0.0030727083368409917,False,True
2Y8T,354,0.0,0.0,False,True
2Y8T,355,0.5728,0.004672200347799316,False,False
2Y8T,356,0.0797,0.0,False,True
2Y8T,357,0.5465,0.002948837902909632,False,False
2Y8T,358,0.4386,0.0015982893853861754,False,False
2Y8T,359,0.7977,0.004672200347799316,False,False
2Y8T,360,0.7299,0.004697455484814447,False,False
2Y8T,361,0.2678,0.0,False,False
2Y8T,362,0.6271,0.00382314669386204,False,False
2Y8T,363,0.4183,0.004672200347799316,False,False
2Y8T,364,0.417,0.004672200347799316,False,False
2Y8T,365,0.3791,0.002323472605392092,False,False
2Y8T,366,0.2439,0.0015982893853861754,False,True
2Y8T,367,0.5804,0.004672200347799316,False,False
2Y8T,368,0.4013,0.0,False,False
2Y8T,369,0.0375,0.00382314669386204,False,True
2Y8T,370,0.4852,0.004672200347799316,False,False
2Y8T,371,0.6203,0.004646945210784184,False,False
2Y8T,372,0.3159,0.004672200347799316,False,False
2Y8T,373,0.3812,0.003921761990778268,False,False
2Y8T,374,0.2889,0.002323472605392092,False,False
2Y8T,375,0.1897,0.0031965787707723507,False,True
2Y8T,376,0.0107,0.00382314669386204,False,True
2Y8T,377,0.2057,0.004697455484814447,False,True
2Y8T,378,0.0265,0.0,False,True
2Y8T,379,0.0138,0.001474418951454816,False,True
2Y8T,380,0.1091,0.0,False,True
2Y8T,381,0.4649,0.00382314669386204,False,False
2Y8T,382,0.7974,0.0023487277424072235,False,False
2Y8T,383,0.3153,0.0007504383570210484,False,False
2Y8T,384,0.292,0.004697455484814447,False,False
2Y8T,385,0.0231,0.0015982893853861754,False,True
2Y8T,386,0.2293,0.004672200347799316,False,True
2Y8T,387,0.0,0.0,False,True
2Y8T,388,0.1856,0.004646945210784184,False,True
2Y8T,389,0.2297,0.003947017127793399,False,True
2Y8T,390,0.2013,0.001474418951454816,False,True
2Y8T,391,0.5688,0.004672200347799316,False,False
2Y8T,392,0.0962,0.0,False,True
2Y8T,393,0.666,0.004672200347799316,False,False
2Y8T,394,0.9319,0.004672200347799316,False,False
2ZXE,0,0.872,0.0057306693206192715,False,False
2ZXE,1,0.4577,0.0057306693206192715,True,False
2ZXE,2,0.5129,0.0057306693206192715,False,False
2ZXE,3,0.6865,0.0057306693206192715,False,False
2ZXE,4,0.3098,0.0057306693206192715,True,False
2ZXE,5,0.4675,0.0057306693206192715,False,False
2ZXE,6,0.5475,0.0057306693206192715,False,False
2ZXE,7,0.6144,0.004789330535664884,True,False
2ZXE,8,0.4216,0.0037276297304968615,True,False
2ZXE,9,0.5373,0.004789330535664884,False,False
2ZXE,10,0.4146,0.004789330535664884,False,False
2ZXE,11,0.4221,0.0037276297304968615,True,False
2ZXE,12,0.3644,0.0037276297304968615,True,False
2ZXE,13,0.5401,0.004789330535664884,False,False
2ZXE,14,0.5142,0.0037276297304968615,False,False
2ZXE,15,0.3467,0.001771297790009593,True,False
2ZXE,16,0.4874,0.0037276297304968615,True,False
2ZXE,17,0.4244,0.004789330535664884,False,False
2ZXE,18,0.4282,0.0037276297304968615,False,False
2ZXE,19,0.4105,0.001771297790009593,True,False
2ZXE,20,0.3642,0.0037276297304968615,True,False
2ZXE,21,0.4424,0.0037276297304968615,False,False
2ZXE,22,0.5435,0.0037276297304968615,True,False
2ZXE,23,0.5535,0.001771297790009593,True,False
2ZXE,24,0.4475,0.0037276297304968615,False,False
2ZXE,25,0.2618,0.0037276297304968615,False,False
2ZXE,26,0.4491,0.0037276297304968615,True,False
2ZXE,27,0.3249,0.0037276297304968615,True,False
2ZXE,28,0.502,0.004789330535664884,False,False
2ZXE,29,0.5059,0.004854002665928925,True,False
2ZXE,30,0.4326,0.0037276297304968615,True,False
2ZXE,31,0.5039,0.00366295760023282,True,False
2ZXE,32,0.7228,0.0037276297304968615,False,False
2ZXE,33,0.6026,0.0057306693206192715,True,False
2ZXE,34,0.3617,0.001771297790009593,True,False
2ZXE,35,0.4083,0.0037276297304968615,True,False
2ZXE,36,0.5978,0.005795341450883314,True,False
2ZXE,37,0.1884,0.0,False,True
2ZXE,38,0.343,0.003847991750710495,True,False
2ZXE,39,0.3544,0.0,True,False
2ZXE,40,0.6546,0.0037833196204464536,True,False
2ZXE,41,0.6099,0.0039126638809745375,True,False
2ZXE,42,0.2441,0.0037276297304968615,False,True
2ZXE,43,0.4822,0.0046042963851872076,True,False
2ZXE,44,0.815,0.0037276297304968615,True,False
2ZXE,45,0.4696,0.0037276297304968615,True,False
2ZXE,46,0.2964,0.0019563319404872687,False,False
2ZXE,47,0.2134,0.001771297790009593,False,True
2ZXE,48,0.0,0.0019563319404872687,False,True
2ZXE,49,0.1128,0.0019563319404872687,False,True
2ZXE,50,0.0,0.0019563319404872687,False,True
2ZXE,51,0.206,0.0037276297304968615,False,True
2ZXE,52,0.1572,0.0037276297304968615,False,True
2ZXE,53,0.1133,0.0019563319404872687,False,True
2ZXE,54,0.0515,0.001771297790009593,False,True
2ZXE,55,0.6527,0.005795341450883314,True,False
2ZXE,56,0.1823,0.004668968515451249,False,True
2ZXE,57,0.5862,0.005665997190355229,True,False
2ZXE,58,0.6301,0.0057306693206192715,True,False
2ZXE,59,0.2366,0.0057306693206192715,False,True
2ZXE,60,0.218,0.0046042963851872076,False,True
2ZXE,61,0.0368,0.0037276297304968615,False,True
2ZXE,62,0.3251,0.005795341450883314,False,False
2ZXE,63,0.0704,0.0019563319404872687,False,True
2ZXE,64,0.0822,0.0057306693206192715,False,True
2ZXE,65,0.211,0.0037276297304968615,False,True
2ZXE,66,0.4861,0.0057306693206192715,False,False
2ZXE,67,0.3855,0.0046042963851872076,False,False
2ZXE,68,0.5232,0.005795341450883314,False,False
2ZXE,69,0.7505,0.005795341450883314,False,False
2ZXE,70,0.2204,0.002897670725441657,False,True
2ZXE,71,0.1947,0.0037276297304968615,False,True
2ZXE,72,0.4381,0.005665997190355229,False,False
2ZXE,73,0.481,0.005795341450883314,False,False
2ZXE,74,0.1308,0.001771297790009593,False,True
2ZXE,75,0.1588,0.003542595580019186,False,True
2ZXE,76,0.6008,0.005795341450883314,False,False
2ZXE,77,0.136,0.0037276297304968615,False,True
2ZXE,78,0.0431,0.004789330535664884,False,True
2ZXE,79,0.3796,0.005795341450883314,False,False
2ZXE,80,0.5256,0.005665997190355229,False,False
2ZXE,81,0.1202,0.0019563319404872687,False,True
2ZXE,82,0.0054,0.0019563319404872687,False,True
2ZXE,83,0.4394,0.005665997190355229,False,False
2ZXE,84,0.536,0.005795341450883314,False,False
2ZXE,85,0.0214,0.0,False,True
2ZXE,86,0.1755,0.0057306693206192715,False,True
2ZXE,87,0.3837,0.005665997190355229,False,False
2ZXE,88,0.649,0.005665997190355229,False,False
2ZXE,89,0.4409,0.004854002665928925,False,False
2ZXE,90,0.0732,0.0,False,True
2ZXE,91,0.4921,0.005795341450883314,False,False
2ZXE,92,0.3965,0.0019563319404872687,False,False
2ZXE,93,0.6574,0.0057306693206192715,False,False
2ZXE,94,0.5285,0.0057306693206192715,False,False
2ZXE,95,0.1882,0.0,False,True
2ZXE,96,0.0335,0.0019563319404872687,False,True
2ZXE,97,0.3353,0.004789330535664884,False,False
2ZXE,98,0.7164,0.005665997190355229,False,False
2ZXE,99,0.2193,0.0019563319404872687,False,True
2ZXE,100,0.3947,0.004668968515451249,False,False
2ZXE,101,0.5566,0.005795341450883314,False,False
2ZXE,102,0.3393,0.0057306693206192715,False,False
2ZXE,103,0.0489,0.0,False,True
2ZXE,104,0.1685,0.0019563319404872687,False,True
2ZXE,105,0.3942,0.0057306693206192715,False,False
2ZXE,106,0.2064,0.001771297790009593,False,True
2ZXE,107,0.3372,0.004789330535664884,False,False
2ZXE,108,0.5762,0.0046042963851872076,False,False
2ZXE,109,0.1247,0.005795341450883314,False,True
2ZXE,110,0.465,0.0,False,False
2ZXE,111,0.526,0.005665997190355229,False,False
2ZXE,112,0.2449,0.0019563319404872687,False,True
2ZXE,113,0.2971,0.004668968515451249,False,False
2ZXE,114,0.4357,0.005665997190355229,False,False
2ZXE,115,0.6826,0.005665997190355229,False,False
2ZXE,116,0.3919,0.0057306693206192715,False,False
2ZXE,117,0.4629,0.0037276297304968615,False,False
2ZXE,118,0.268,0.0037276297304968615,False,False
2ZXE,119,0.029,0.0039126638809745375,False,True
2ZXE,120,0.2366,0.0039126638809745375,False,True
2ZXE,121,0.0281,0.0019563319404872687,False,True
2ZXE,122,0.0565,0.0,False,True
2ZXE,123,0.198,0.0039126638809745375,False,True
2ZXE,124,0.0101,0.0,False,True
2ZXE,125,0.2872,0.004668968515451249,False,False
2ZXE,126,0.2608,0.0039126638809745375,False,False
2ZXE,127,0.648,0.0057306693206192715,False,False
2ZXE,128,0.2611,0.0046042963851872076,False,False
2ZXE,129,0.0267,0.0,False,True
2ZXE,130,0.5124,0.005795341450883314,False,False
2ZXE,131,0.6566,0.005665997190355229,False,False
2ZXE,132,0.1295,0.0019563319404872687,False,True
2ZXE,133,1.08,0.005665997190355229,False,False
2ZXE,134,0.1356,0.0037276297304968615,False,True
2ZXE,135,0.2249,0.0057306693206192715,False,True
2ZXE,136,0.4069,0.005795341450883314,False,False
2ZXE,137,0.1778,0.0057306693206192715,False,True
2ZXE,138,0.2199,0.0057306693206192715,False,True
2ZXE,139,0.0987,0.001771297790009593,False,True
2ZXE,140,0.0274,0.0019563319404872687,False,True
2ZXE,141,0.041,0.0,False,True
2ZXE,142,0.0,0.0019563319404872687,False,True
2ZXE,143,0.0,0.0,False,True
2ZXE,144,0.2114,0.0039126638809745375,False,True
2ZXE,145,0.028,0.0,False,True
2ZXE,146,0.3424,0.0019563319404872687,True,False
2ZXE,147,0.4444,0.0039126638809745375,True,False
2ZXE,148,0.0772,0.0,False,True
2ZXE,149,0.1717,0.0,False,True
2ZXE,150,0.4008,0.0009413387849543882,False,False
2ZXE,151,0.1359,0.0,False,True
2ZXE,152,0.2301,0.0,False,True
2ZXE,153,0.0076,0.0,False,True
2ZXE,154,0.3555,0.004789330535664884,False,False
2ZXE,155,0.0456,0.0019563319404872687,False,True
2ZXE,156,0.3552,0.004668968515451249,False,False
2ZXE,157,0.4233,0.0057306693206192715,False,False
2ZXE,158,0.3591,0.004668968515451249,False,False
2ZXE,159,0.6937,0.005665997190355229,False,False
2ZXE,160,0.5683,0.004668968515451249,False,False
2ZXE,161,0.6963,0.0057306693206192715,False,False
2ZXE,162,0.1395,0.0057306693206192715,False,True
2ZXE,163,0.5095,0.004668968515451249,False,False
2ZXE,164,0.1719,0.0037276297304968615,False,True
2ZXE,165,0.4048,0.0057306693206192715,False,False
2ZXE,166,0.5306,0.0057306693206192715,False,False
2ZXE,167,0.5336,0.005665997190355229,False,False
2ZXE,168,0.5725,0.0057306693206192715,False,False
2ZXE,169,0.2804,0.004668968515451249,False,False
2ZXE,170,0.2968,0.0036719398405472697,False,False
2ZXE,171,0.1602,0.0057306693206192715,False,True
2ZXE,172,0.421,0.0057306693206192715,False,False
2ZXE,173,0.2696,0.004789330535664884,False,False
2ZXE,174,0.0994,0.004668968515451249,False,True
2ZXE,175,0.0,0.0,False,True
2ZXE,176,0.1671,0.0057306693206192715,False,True
2ZXE,177,0.022,0.0037276297304968615,False,True
2ZXE,178,0.3309,0.005795341450883314,False,False
2ZXE,179,0.0257,0.0037276297304968615,False,True
2ZXE,180,0.2996,0.0057306693206192715,False,False
2ZXE,181,0.5146,0.004668968515451249,False,False
2ZXE,182,0.7518,0.0057306693206192715,False,False
2ZXE,183,0.3364,0.0057306693206192715,False,False
2ZXE,184,0.747,0.0057306693206192715,False,False
2ZXE,185,0.4393,0.0057306693206192715,False,False
2ZXE,186,0.4944,0.0037276297304968615,False,False
2ZXE,187,0.2493,0.0057306693206192715,False,True
2ZXE,188,0.4668,0.001771297790009593,False,False
2ZXE,189,0.265,0.0057306693206192715,False,False
2ZXE,190,0.1993,0.0037276297304968615,False,True
2ZXE,191,0.1258,0.0019563319404872687,False,True
2ZXE,192,0.0208,0.0019563319404872687,False,True
2ZXE,193,0.0234,0.0037276297304968615,False,True
2ZXE,194,0.2821,0.0,False,False
2ZXE,195,0.5555,0.0019563319404872687,False,False
2ZXE,196,0.21,0.005665997190355229,False,True
2ZXE,197,0.2717,0.0037276297304968615,False,False
2ZXE,198,0.0322,0.0019563319404872687,False,True
2ZXE,199,0.0145,0.0,False,True
2ZXE,200,0.0228,0.0019563319404872687,False,True
2ZXE,201,0.006,0.0037276297304968615,False,True
2ZXE,202,0.0405,0.0019563319404872687,False,True
2ZXE,203,0.0255,0.0,False,True
2ZXE,204,0.077,0.0019563319404872687,False,True
2ZXE,205,0.0304,0.0019563319404872687,False,True
2ZXE,206,0.075,0.0,False,True
2ZXE,207,0.0352,0.0037276297304968615,False,True
2ZXE,208,0.0464,0.0,False,True
2ZXE,209,0.6594,0.005795341450883314,True,False
2ZXE,210,0.4332,0.0057306693206192715,True,False
2ZXE,211,0.006,0.0019563319404872687,False,True
2ZXE,212,0.0143,0.002897670725441657,False,True
2ZXE,213,0.4657,0.0019563319404872687,False,False
2ZXE,214,0.5534,0.0057306693206192715,False,False
2ZXE,215,0.079,0.0019563319404872687,False,True
2ZXE,216,0.0721,0.001771297790009593,False,True
2ZXE,217,0.1134,0.004789330535664884,False,True
2ZXE,218,0.0143,0.0019563319404872687,False,True
2ZXE,219,0.0,0.0019563319404872687,False,True
2ZXE,220,0.0,0.0,False,True
2ZXE,221,0.0,0.0037276297304968615,False,True
2ZXE,222,0.0,0.0,False,True
2ZXE,223,0.1388,0.005795341450883314,False,True
2ZXE,224,0.0553,0.0019563319404872687,False,True
2ZXE,225,0.2758,0.0057306693206192715,False,False
2ZXE,226,0.0463,0.004668968515451249,False,True
2ZXE,227,0.811,0.0057306693206192715,False,False
2ZXE,228,0.1122,0.0057306693206192715,False,True
2ZXE,229,0.4062,0.0057306693206192715,False,False
2ZXE,230,0.3182,0.004668968515451249,False,False
2ZXE,231,0.2905,0.0057306693206192715,False,False
2ZXE,232,0.5114,0.0057306693206192715,False,False
2ZXE,233,0.0781,0.0037276297304968615,False,True
2ZXE,234,0.5211,0.0057306693206192715,False,False
2ZXE,235,0.1097,0.0019563319404872687,False,True
2ZXE,236,0.2121,0.004789330535664884,False,True
2ZXE,237,0.0077,0.0019563319404872687,False,True
2ZXE,238,0.2694,0.0057306693206192715,False,False
2ZXE,239,0.0,0.0,False,True
2ZXE,240,0.0847,0.0037276297304968615,False,True
2ZXE,241,0.1032,0.0,False,True
2ZXE,242,0.5059,0.005795341450883314,False,False
2ZXE,243,0.222,0.0019563319404872687,False,True
2ZXE,244,0.0714,0.0,False,True
2ZXE,245,0.3923,0.0057306693206192715,False,False
2ZXE,246,0.2238,0.0037276297304968615,False,True
2ZXE,247,0.1902,0.004668968515451249,False,True
2ZXE,248,0.6475,0.005665997190355229,False,False
2ZXE,249,0.7391,0.005665997190355229,True,False
2ZXE,250,0.3736,0.0046042963851872076,True,False
2ZXE,251,0.3099,0.005795341450883314,False,False
2ZXE,252,0.3371,0.004668968515451249,True,False
2ZXE,253,0.226,0.0057306693206192715,False,True
2ZXE,254,0.0,0.0,False,True
2ZXE,255,0.1038,0.004854002665928925,False,True
2ZXE,256,0.0,0.0019563319404872687,False,True
2ZXE,257,0.095,0.005665997190355229,False,True
2ZXE,258,0.0416,0.0,False,True
2ZXE,259,0.2949,0.0057306693206192715,False,False
2ZXE,260,0.0545,0.0019563319404872687,False,True
2ZXE,261,0.1736,0.0057306693206192715,False,True
2ZXE,262,0.0605,0.004668968515451249,False,True
2ZXE,263,0.494,0.0057306693206192715,False,False
2ZXE,264,0.3933,0.0057306693206192715,False,False
3A3Y,0,0.8812,0.005513209264755848,False,False
3A3Y,1,0.4429,0.005513209264755848,True,False
3A3Y,2,0.5126,0.005513209264755848,False,False
3A3Y,3,0.8323,0.005513209264755848,False,False
3A3Y,4,0.1817,0.005513209264755848,False,True
3A3Y,5,0.4492,0.005513209264755848,False,False
3A3Y,6,0.5813,0.005513209264755848,False,False
3A3Y,7,0.6566,0.005513209264755848,True,False
3A3Y,8,0.4352,0.0033976754771169763,True,False
3A3Y,9,0.5876,0.005513209264755848,False,False
3A3Y,10,0.3398,0.005513209264755848,False,False
3A3Y,11,0.4372,0.0033976754771169763,True,False
3A3Y,12,0.3741,0.0033976754771169763,True,False
3A3Y,13,0.4773,0.005513209264755848,False,False
3A3Y,14,0.5829,0.005513209264755848,False,False
3A3Y,15,0.317,0.0033976754771169763,True,False
3A3Y,16,0.5048,0.0033976754771169763,True,False
3A3Y,17,0.2695,0.004460250402271955,False,False
3A3Y,18,0.3945,0.005513209264755848,False,False
3A3Y,19,0.4239,0.001678002936104469,True,False
3A3Y,20,0.3633,0.003793536723743341,False,False
3A3Y,21,0.4398,0.005513209264755848,False,False
3A3Y,22,0.4965,0.0033976754771169763,True,False
3A3Y,23,0.5434,0.0017196725410125074,True,False
3A3Y,24,0.4904,0.005513209264755848,False,False
3A3Y,25,0.303,0.005513209264755848,False,False
3A3Y,26,0.4717,0.005513209264755848,True,False
3A3Y,27,0.3004,0.0033976754771169763,True,False
3A3Y,28,0.5288,0.005513209264755848,False,False
3A3Y,29,0.5321,0.005513209264755848,True,False
3A3Y,30,0.4566,0.004460250402271955,True,False
3A3Y,31,0.4305,0.004408964734692831,True,False
3A3Y,32,0.7262,0.005513209264755848,False,False
3A3Y,33,0.6556,0.005513209264755848,False,False
3A3Y,34,0.359,0.0017196725410125074,True,False
3A3Y,35,0.3808,0.0017196725410125074,True,False
3A3Y,36,0.5632,0.005564494932334972,True,False
3A3Y,37,0.199,0.0017196725410125074,False,True
3A3Y,38,0.3141,0.005461923597176724,True,False
3A3Y,39,0.4195,0.0017196725410125074,True,False
3A3Y,40,0.6503,0.005513209264755848,True,False
3A3Y,41,0.5977,0.0033367737468667663,True,False
3A3Y,42,0.2732,0.002740577861259448,True,False
3A3Y,43,0.471,0.0017292886036835932,True,False
3A3Y,44,0.8216,0.0033976754771169763,True,False
3A3Y,45,0.442,0.0033976754771169763,True,False
3A3Y,46,0.3818,0.004460250402271955,True,False
3A3Y,47,0.1687,0.0017196725410125074,False,True
3A3Y,48,0.0076,0.0,False,True
3A3Y,49,0.1455,0.0,False,True
3A3Y,50,0.0053,0.0,False,True
3A3Y,51,0.1973,0.0033976754771169763,False,True
3A3Y,52,0.153,0.0033976754771169763,False,True
3A3Y,53,0.0945,0.0017196725410125074,False,True
3A3Y,54,0.0371,0.0017196725410125074,False,True
3A3Y,55,0.6297,0.005564494932334972,True,False
3A3Y,56,0.1636,0.0033976754771169763,False,True
3A3Y,57,0.5297,0.005564494932334972,True,False
3A3Y,58,0.6484,0.005513209264755848,True,False
3A3Y,59,0.2528,0.005513209264755848,True,False
3A3Y,60,0.2559,0.005461923597176724,False,False
3A3Y,61,0.0368,0.0033976754771169763,False,True
3A3Y,62,0.3666,0.005513209264755848,False,False
3A3Y,63,0.0553,0.0,False,True
3A3Y,64,0.1128,0.004460250402271955,False,True
3A3Y,65,0.2341,0.004460250402271955,False,True
3A3Y,66,0.5423,0.005513209264755848,False,False
3A3Y,67,0.3946,0.004408964734692831,False,False
3A3Y,68,0.6304,0.005513209264755848,False,False
3A3Y,69,0.6651,0.005513209264755848,False,False
3A3Y,70,0.2507,0.0033976754771169763,False,False
3A3Y,71,0.1636,0.0033976754771169763,False,True
3A3Y,72,0.4994,0.005513209264755848,False,False
3A3Y,73,0.4286,0.005461923597176724,False,False
3A3Y,74,0.1107,0.0017196725410125074,False,True
3A3Y,75,0.1805,0.005513209264755848,False,True
3A3Y,76,0.5174,0.005513209264755848,False,False
3A3Y,77,0.1281,0.0033976754771169763,False,True
3A3Y,78,0.0273,0.004450634339600869,False,True
3A3Y,79,0.2912,0.005513209264755848,False,False
3A3Y,80,0.508,0.005513209264755848,False,False
3A3Y,81,0.1081,0.0033976754771169763,False,True
3A3Y,82,0.0,0.0033976754771169763,False,True
3A3Y,83,0.4769,0.005461923597176724,False,False
3A3Y,84,0.5393,0.005513209264755848,False,False
3A3Y,85,0.0041,0.0033976754771169763,False,True
3A3Y,86,0.2367,0.004460250402271955,False,True
3A3Y,87,0.3427,0.005461923597176724,False,False
3A3Y,88,0.5612,0.005461923597176724,False,False
3A3Y,89,0.4747,0.005564494932334972,False,False
3A3Y,90,0.049,0.0033976754771169763,False,True
3A3Y,91,0.4222,0.005564494932334972,False,False
3A3Y,92,0.4292,0.004460250402271955,False,False
3A3Y,93,0.6849,0.005513209264755848,False,False
3A3Y,94,0.4836,0.005461923597176724,False,False
3A3Y,95,0.3257,0.0017196725410125074,False,False
3A3Y,96,0.0738,0.0,False,True
3A3Y,97,0.2878,0.004408964734692831,False,False
3A3Y,98,0.6789,0.005461923597176724,False,False
3A3Y,99,0.236,0.0033976754771169763,False,True
3A3Y,100,0.3656,0.004450634339600869,False,False
3A3Y,101,0.5687,0.005564494932334972,False,False
3A3Y,102,0.3541,0.005461923597176724,False,False
3A3Y,103,0.0135,0.0,False,True
3A3Y,104,0.2153,0.0033976754771169763,False,True
3A3Y,105,0.394,0.005513209264755848,False,False
3A3Y,106,0.2315,0.001678002936104469,False,True
3A3Y,107,0.2759,0.005564494932334972,False,False
3A3Y,108,0.6439,0.005513209264755848,False,False
3A3Y,109,0.1228,0.0034393450820250147,False,True
3A3Y,110,0.5259,0.0,False,False
3A3Y,111,0.4791,0.005513209264755848,False,False
3A3Y,112,0.2617,0.0,False,False
3A3Y,113,0.3408,0.004408964734692831,False,False
3A3Y,114,0.3779,0.005461923597176724,False,False
3A3Y,115,0.6861,0.005513209264755848,False,False
3A3Y,116,0.3662,0.005513209264755848,False,False
3A3Y,117,0.4165,0.0033976754771169763,False,False
3A3Y,118,0.2312,0.0033976754771169763,False,True
3A3Y,119,0.0367,0.0034393450820250147,False,True
3A3Y,120,0.2788,0.004450634339600869,False,False
3A3Y,121,0.0468,0.0,False,True
3A3Y,122,0.0226,0.0033976754771169763,False,True
3A3Y,123,0.1813,0.005564494932334972,False,True
3A3Y,124,0.0101,0.0033976754771169763,False,True
3A3Y,125,0.2655,0.004460250402271955,False,False
3A3Y,126,0.2126,0.004501920007179993,False,True
3A3Y,127,0.608,0.005461923597176724,False,False
3A3Y,128,0.268,0.004408964734692831,False,False
3A3Y,129,0.0267,0.001678002936104469,False,True
3A3Y,130,0.548,0.005564494932334972,False,False
3A3Y,131,0.6139,0.005461923597176724,False,False
3A3Y,132,0.1181,0.0017196725410125074,False,True
3A3Y,133,0.9602,0.005513209264755848,False,False
3A3Y,134,0.1443,0.0033976754771169763,False,True
3A3Y,135,0.1696,0.005513209264755848,False,True
3A3Y,136,0.3913,0.005513209264755848,False,False
3A3Y,137,0.0993,0.005513209264755848,False,True
3A3Y,138,0.1495,0.005513209264755848,False,True
3A3Y,139,0.1055,0.0033976754771169763,False,True
3A3Y,140,0.045,0.001678002936104469,False,True
3A3Y,141,0.0625,0.0017196725410125074,False,True
3A3Y,142,0.0123,0.0017196725410125074,False,True
3A3Y,143,0.0,0.0010625749251549788,False,True
3A3Y,144,0.1609,0.004501920007179993,False,True
3A3Y,145,0.0334,0.0017196725410125074,False,True
3A3Y,146,0.3337,0.0017196725410125074,True,False
3A3Y,147,0.4526,0.0034393450820250147,True,False
3A3Y,148,0.084,0.001678002936104469,False,True
3A3Y,149,0.1609,0.0,False,True
3A3Y,150,0.4304,0.004460250402271955,False,False
3A3Y,151,0.09,0.0,False,True
3A3Y,152,0.2414,0.001678002936104469,False,True
3A3Y,153,0.0,0.0,False,True
3A3Y,154,0.3299,0.004511536069851079,False,False
3A3Y,155,0.0456,0.0017196725410125074,False,True
3A3Y,156,0.3852,0.005564494932334972,False,False
3A3Y,157,0.5474,0.005564494932334972,False,False
3A3Y,158,0.3798,0.004450634339600869,False,False
3A3Y,159,0.6796,0.005513209264755848,False,False
3A3Y,160,0.5707,0.005513209264755848,False,False
3A3Y,161,0.6881,0.005513209264755848,False,False
3A3Y,162,0.1195,0.005513209264755848,False,True
3A3Y,163,0.5499,0.004460250402271955,False,False
3A3Y,164,0.2038,0.005513209264755848,False,True
3A3Y,165,0.4701,0.005461923597176724,False,False
3A3Y,166,0.4698,0.005513209264755848,False,False
3A3Y,167,0.5554,0.005564494932334972,False,False
3A3Y,168,0.6921,0.005513209264755848,False,False
3A3Y,169,0.2789,0.002730961798588362,False,False
3A3Y,170,0.2359,0.004501920007179993,False,True
3A3Y,171,0.1616,0.004408964734692831,False,True
3A3Y,172,0.5028,0.0017196725410125074,False,False
3A3Y,173,0.2523,0.004450634339600869,False,False
3A3Y,174,0.1071,0.0,False,True
3A3Y,175,0.006,0.0,False,True
3A3Y,176,0.1823,0.004460250402271955,False,True
3A3Y,177,0.0393,0.0,False,True
3A3Y,178,0.3096,0.005513209264755848,False,False
3A3Y,179,0.0706,0.0010625749251549788,False,True
3A3Y,180,0.1966,0.005513209264755848,False,True
3A3Y,181,0.4832,0.004460250402271955,False,False
3A3Y,182,0.7108,0.005513209264755848,False,False
3A3Y,183,0.4457,0.005513209264755848,False,False
3A3Y,184,0.7408,0.005513209264755848,False,False
3A3Y,185,0.372,0.005513209264755848,False,False
3A3Y,186,0.5126,0.004460250402271955,False,False
3A3Y,187,0.2187,0.005513209264755848,False,True
3A3Y,188,0.428,0.0033976754771169763,False,False
3A3Y,189,0.3768,0.005513209264755848,False,False
3A3Y,190,0.1925,0.0010625749251549788,False,True
3A3Y,191,0.1459,0.004460250402271955,False,True
3A3Y,192,0.0208,0.0,False,True
3A3Y,193,0.052,0.004501920007179993,False,True
3A3Y,194,0.3801,0.0,False,False
3A3Y,195,0.4733,0.0017196725410125074,False,False
3A3Y,196,0.2554,0.004450634339600869,False,False
3A3Y,197,0.2348,0.004460250402271955,False,True
3A3Y,198,0.0309,0.0,False,True
3A3Y,199,0.005,0.0,False,True
3A3Y,200,0.0152,0.0017196725410125074,False,True
3A3Y,201,0.018,0.002730961798588362,False,True
3A3Y,202,0.0417,0.0017196725410125074,False,True
3A3Y,203,0.0209,0.0017196725410125074,False,True
3A3Y,204,0.0495,0.0,False,True
3A3Y,205,0.0439,0.0017196725410125074,False,True
3A3Y,206,0.0622,0.001678002936104469,False,True
3A3Y,207,0.0479,0.001678002936104469,False,True
3A3Y,208,0.0348,0.0017196725410125074,False,True
3A3Y,209,0.6509,0.005513209264755848,True,False
3A3Y,210,0.4474,0.0033976754771169763,True,False
3A3Y,211,0.006,0.001678002936104469,False,True
3A3Y,212,0.0245,0.0033976754771169763,False,True
3A3Y,213,0.5149,0.0033976754771169763,False,False
3A3Y,214,0.6257,0.005513209264755848,False,False
3A3Y,215,0.1045,0.0017196725410125074,False,True
3A3Y,216,0.0961,0.0033976754771169763,False,True
3A3Y,217,0.1133,0.0033976754771169763,False,True
3A3Y,218,0.0076,0.0017196725410125074,False,True
3A3Y,219,0.0113,0.0033976754771169763,False,True
3A3Y,220,0.0,0.0,False,True
3A3Y,221,0.0,0.0033976754771169763,False,True
3A3Y,222,0.0,0.002740577861259448,False,True
3A3Y,223,0.1363,0.005513209264755848,False,True
3A3Y,224,0.0654,0.002782247466167486,False,True
3A3Y,225,0.3553,0.005513209264755848,False,False
3A3Y,226,0.0385,0.004460250402271955,False,True
3A3Y,227,0.7855,0.005513209264755848,False,False
3A3Y,228,0.0841,0.005513209264755848,False,True
3A3Y,229,0.4523,0.005513209264755848,False,False
3A3Y,230,0.2721,0.005513209264755848,False,False
3A3Y,231,0.3251,0.005513209264755848,False,False
3A3Y,232,0.4391,0.005513209264755848,False,False
3A3Y,233,0.1081,0.004450634339600869,False,True
3A3Y,234,0.5176,0.004450634339600869,False,False
3A3Y,235,0.1103,0.002782247466167486,False,True
3A3Y,236,0.1994,0.005513209264755848,False,True
3A3Y,237,0.0462,0.0010625749251549788,False,True
3A3Y,238,0.1812,0.004450634339600869,False,True
3A3Y,239,0.0,0.0,False,True
3A3Y,240,0.0592,0.0033976754771169763,False,True
3A3Y,241,0.0515,0.0,False,True
3A3Y,242,0.4687,0.005461923597176724,False,False
3A3Y,243,0.2319,0.0017196725410125074,False,True
3A3Y,244,0.0605,0.0,False,True
3A3Y,245,0.4574,0.005564494932334972,False,False
3A3Y,246,0.262,0.001678002936104469,False,False
3A3Y,247,0.1677,0.002782247466167486,False,True
3A3Y,248,0.714,0.005513209264755848,False,False
3A3Y,249,0.7441,0.004460250402271954,True,False
3A3Y,250,0.3973,0.001678002936104469,True,False
3A3Y,251,0.3738,0.005513209264755848,False,False
3A3Y,252,0.4221,0.0033976754771169763,True,False
3A3Y,253,0.234,0.004450634339600869,False,True
3A3Y,254,0.0116,0.0,False,True
3A3Y,255,0.1118,0.005564494932334972,False,True
3A3Y,256,0.0,0.0033976754771169763,False,True
3A3Y,257,0.1316,0.005513209264755848,False,True
3A3Y,258,0.0416,0.0017196725410125074,False,True
3A3Y,259,0.2974,0.005513209264755848,False,False
3A3Y,260,0.0552,0.0017196725410125074,False,True
3A3Y,261,0.1922,0.005513209264755848,False,True
3A3Y,262,0.034,0.005513209264755848,False,True
3A3Y,263,0.4402,0.005513209264755848,False,False
3A3Y,264,0.433,0.004460250402271955,False,False
3AAA,0,0.7195,0.005831398276633841,True,False
3AAA,1,0.4572,0.005763205013428827,False,False
3AAA,2,0.6783,0.005831398276633841,False,False
3AAA,3,0.3949,0.005763205013428827,True,False
3AAA,4,0.4495,0.005899591539838854,True,False
3AAA,5,0.1319,0.0,False,True
3AAA,6,0.5641,0.005831398276633841,False,False
3AAA,7,0.4168,0.0017240655774395704,True,False
3AAA,8,0.0374,0.0,False,True
3AAA,9,0.1394,0.0046056680841539835,False,True
3AAA,10,0.517,0.005899591539838854,True,False
3AAA,11,0.4344,0.0,True,False
3AAA,12,0.0,0.0,False,True
3AAA,13,0.3001,0.005899591539838854,False,False
3AAA,14,0.5898,0.0046266506266786035,True,False
3AAA,15,0.026,0.0017240655774395704,False,True
3AAA,16,0.0987,0.0046266506266786035,False,True
3AAA,17,0.0,0.0029288132273948076,False,True
3AAA,18,0.3281,0.0017240655774395704,False,False
3AAA,19,0.1328,0.005831398276633841,False,True
3AAA,20,0.0695,0.0034009204341987464,False,True
3AAA,21,0.5065,0.005763205013428827,False,False
3AAA,22,0.4425,0.005831398276633841,True,False
3AAA,23,0.1805,0.0,False,True
3AAA,24,0.2063,0.005831398276633841,False,True
3AAA,25,0.35,0.005831398276633841,False,False
3AAA,26,0.4832,0.0034009204341987464,True,False
3AAA,27,0.0625,0.0017240655774395704,False,True
3AAA,28,0.3058,0.00453747482094897,False,False
3AAA,29,0.628,0.005831398276633841,True,False
3AAA,30,0.6967,0.0,True,False
3AAA,31,0.2089,0.0,False,True
3AAA,32,0.6226,0.005763205013428827,True,False
3AAA,33,0.2978,0.00455845736347359,False,False
3AAA,34,0.4775,0.005831398276633841,False,False
3AAA,35,0.5322,0.005831398276633841,False,False
3AAA,36,0.2217,0.0,False,True
3AAA,37,0.0707,0.0034009204341987464,False,True
3AAA,38,0.5133,0.005763205013428827,False,False
3AAA,39,0.5762,0.005899591539838854,False,False
3AAA,40,0.3701,0.005763205013428827,False,False
3AAA,41,0.0332,0.0016768548567591764,False,True
3AAA,42,0.4118,0.005831398276633841,False,False
3AAA,43,0.6251,0.005831398276633841,False,False
3AAA,44,0.0731,0.0017240655774395704,False,True
3AAA,45,0.0598,0.002902585049239033,False,True
3AAA,46,0.1404,0.005899591539838854,False,True
3AAA,47,0.4204,0.005763205013428827,False,False
3AAA,48,0.0454,0.004154543419874665,False,True
3AAA,49,0.0,0.0029288132273948076,False,True
3AAA,50,0.1042,0.005763205013428827,False,True
3AAA,51,0.3723,0.005763205013428827,False,False
3AAA,52,0.0388,0.005831398276633841,False,True
3AAA,53,0.0553,0.0034009204341987464,False,True
3AAA,54,0.0975,0.0034009204341987464,False,True
3AAA,55,0.1458,0.0017240655774395704,False,True
3AAA,56,0.0347,0.0017240655774395704,False,True
3AAA,57,0.4141,0.005831398276633841,False,False
3AAA,58,0.0362,0.0,False,True
3AAA,59,0.7396,0.0046266506266786035,False,False
3AAA,60,0.76,0.0,False,False
3AAA,61,0.2421,0.005831398276633841,False,True
3AAA,62,0.7633,0.005831398276633841,False,False
3AAA,63,0.2229,0.0017240655774395702,False,True
3AAA,64,0.2373,0.005899591539838854,False,True
3AAA,65,0.0139,0.0,False,True
3AAA,66,0.0053,0.0017240655774395704,False,True
3AAA,67,0.0,0.0,False,True
3AAA,68,0.0064,0.0,False,True
3AAA,69,0.5296,0.005899591539838854,False,False
3AAA,70,0.0803,0.0033537097135183528,False,True
3AAA,71,0.0116,0.0017240655774395704,False,True
3AAA,72,0.3595,0.0033537097135183528,False,False
3AAA,73,0.4236,0.0,False,False
3AAA,74,0.2984,0.0034009204341987464,False,False
3AAA,75,0.8126,0.005831398276633841,False,False
3AAA,76,0.3617,0.0016768548567591764,False,False
3AAA,77,0.1721,0.004694843889883617,False,True
3AAA,78,0.0302,0.0,False,True
3AAA,79,0.1262,0.0,False,True
3AAA,80,0.0333,0.00174504811996419,False,True
3AAA,81,0.1147,0.002949795769919427,False,True
3AAA,82,0.1801,0.005899591539838854,False,True
3AAA,83,0.267,0.0029288132273948076,False,False
3AAA,84,0.34,0.005831398276633841,False,False
3AAA,85,0.0368,0.0012257301924798569,False,True
3AAA,86,0.0138,0.005831398276633841,False,True
3AAA,87,0.0,0.0,False,True
3AAA,88,0.2812,0.005899591539838854,False,False
3AAA,89,0.0407,0.0,False,True
3AAA,90,0.225,0.0028816025067144135,False,True
3AAA,91,0.1663,0.0034009204341987464,False,True
3AAA,92,0.5763,0.005899591539838854,False,False
3AAA,93,0.6318,0.0046056680841539835,False,False
3AAA,94,0.2564,0.005899591539838854,False,False
3AAA,95,0.4507,0.005831398276633841,False,False
3AAA,96,0.208,0.0,False,True
3AAA,97,0.2492,0.0012257301924798569,False,True
3AAA,98,0.3869,0.005763205013428827,False,False
3AAA,99,0.3787,0.0017240655774395704,False,False
3AAA,100,0.382,0.005831398276633841,False,False
3AAA,101,0.7179,0.005831398276633841,False,False
3AAA,102,0.2799,0.0046266506266786035,False,False
3AAA,103,0.4941,0.005763205013428827,False,False
3AAA,104,0.4251,0.005831398276633841,False,False
3AAA,105,0.7256,0.005831398276633841,False,False
3AAA,106,0.3669,0.0046266506266786035,False,False
3AAA,107,0.65,0.005763205013428827,False,False
3AAA,108,0.0589,0.0034009204341987464,False,True
3AAA,109,0.2289,0.005899591539838854,False,True
3AAA,110,0.4794,0.005763205013428827,False,False
3AAA,111,0.1488,0.0034009204341987464,False,True
3AAA,112,0.0596,0.005899591539838854,False,True
3AAA,113,0.2799,0.005763205013428827,False,False
3AAA,114,0.1623,0.002949795769919427,False,True
3AAA,115,0.0593,0.0034009204341987464,False,True
3AAA,116,0.0333,0.0046266506266786035,False,True
3AAA,117,0.4919,0.005763205013428827,False,False
3AAA,118,0.2102,0.005763205013428827,False,True
3AAA,119,0.012,0.0,False,True
3AAA,120,0.3586,0.005763205013428827,False,False
3AAA,121,0.4465,0.005899591539838854,False,False
3AAA,122,0.0704,0.0,False,True
3AAA,123,0.0208,0.0017240655774395704,False,True
3AAA,124,0.7338,0.005899591539838854,True,False
3AAA,125,0.6198,0.005763205013428827,True,False
3AAA,126,0.426,0.0034009204341987464,True,False
3AAA,127,0.0884,0.0,False,True
3AAA,128,0.878,0.0017240655774395704,True,False
3AAA,129,0.2911,0.0034009204341987464,False,False
3AAA,130,0.1957,0.0,False,True
3AAA,131,0.166,0.0017240655774395704,False,True
3AAA,132,0.0569,0.0017240655774395704,False,True
3AAA,133,0.0343,0.002949795769919427,False,True
3AAA,134,0.0069,0.0,False,True
3AAA,135,0.0092,0.0034009204341987464,False,True
3AAA,136,0.3007,0.0,False,False
3AAA,137,0.2986,0.005899591539838854,False,False
3AAA,138,0.5095,0.005831398276633841,False,False
3AAA,139,0.3473,0.0046056680841539835,False,False
3AAA,140,0.7818,0.005763205013428827,False,False
3AAA,141,0.6384,0.002949795769919427,False,False
3AAA,142,0.3755,0.005831398276633841,False,False
3AAA,143,0.286,0.005831398276633841,False,False
3AAA,144,0.0343,0.0016768548567591764,False,True
3AAA,145,0.0061,0.0017240655774395704,False,True
3AAA,146,0.0,0.0034009204341987464,False,True
3AAA,147,0.0562,0.0,False,True
3AAA,148,0.0,0.0046266506266786035,False,True
3AAA,149,0.0061,0.0,False,True
3AAA,150,0.0,0.002881602506714413,False,True
3AAA,151,0.1106,0.0,False,True
3AAA,152,0.1388,0.005763205013428827,False,True
3AAA,153,0.2979,0.005763205013428827,True,False
3AAA,154,0.3411,0.0046266506266786035,False,False
3AAA,155,0.2298,0.005831398276633841,False,True
3AAA,156,0.5105,0.002430477842435094,False,False
3AAA,157,0.7465,0.005763205013428827,False,False
3AAA,158,0.3417,0.005899591539838854,False,False
3AAA,159,0.3975,0.005899591539838854,False,False
3AAA,160,0.2918,0.002949795769919427,True,False
3AAA,161,0.0229,0.002902585049239033,False,True
3AAA,162,0.0929,0.0,False,True
3AAA,163,0.065,0.0034691136974037595,False,True
3AAA,164,0.1178,0.0,False,True
3AAA,165,0.0814,0.005899591539838854,False,True
3AAA,166,0.0078,0.0034009204341987464,False,True
3AAA,167,0.1316,0.005899591539838854,False,True
3AAA,168,0.0127,0.0,False,True
3AAA,169,0.301,0.005763205013428827,False,False
3AAA,170,0.0151,0.0017240655774395704,False,True
3AAA,171,0.1862,0.0046266506266786035,False,True
3AAA,172,0.0742,0.0016768548567591764,False,True
3AAA,173,0.3376,0.005831398276633841,False,False
3AAA,174,0.6114,0.005831398276633841,False,False
3AAA,175,0.5613,0.002949795769919427,False,False
3AAA,176,0.287,0.005899591539838854,False,False
3AAA,177,0.0,0.0016768548567591764,False,True
3AAA,178,0.3163,0.005899591539838854,False,False
3AAA,179,0.0278,0.0,False,True
3AAA,180,0.2434,0.005899591539838854,False,True
3AAA,181,0.0769,0.0,False,True
3AAA,182,0.1519,0.005763205013428827,False,True
3AAA,183,0.0,0.0016768548567591764,False,True
3AAA,184,0.245,0.005899591539838854,False,True
3AAA,185,0.1457,0.0,False,True
3AAA,186,0.1117,0.0033537097135183528,False,True
3AAA,187,0.3193,0.0017240655774395704,True,False
3AAA,188,0.0642,0.0046266506266786035,False,True
3AAA,189,0.304,0.0046266506266786035,True,False
3AAA,190,0.2646,0.005831398276633841,True,False
3AAA,191,0.4554,0.005831398276633841,True,False
3AAA,192,0.615,0.005763205013428827,True,False
3AAA,193,0.5164,0.0,True,False
3AAA,194,0.581,0.0046266506266786035,True,False
3AAA,195,0.485,0.0016768548567591764,True,False
3AAA,196,0.3937,0.005899591539838854,True,False
3AAA,197,0.2818,0.0,True,False
3AAA,198,0.6162,0.005899591539838854,True,False
3AAA,199,0.179,0.0,False,True
3AAA,200,0.5119,0.005831398276633841,True,False
3AAA,201,0.2974,0.003448131154879141,True,False
3AAA,202,0.5553,0.005899591539838854,False,False
3AAA,203,0.1627,0.0017240655774395704,False,True
3AAA,204,0.5926,0.005763205013428827,False,False
3AAA,205,0.479,0.0046266506266786035,False,False
3AAA,206,0.402,0.005763205013428827,False,False
3AAA,207,0.2421,0.0034009204341987464,False,True
3AAA,208,0.6218,0.005763205013428827,False,False
3AAA,209,0.0947,0.0017240655774395704,False,True
3AAA,210,0.4179,0.005831398276633841,False,False
3AAA,211,0.412,0.005763205013428827,False,False
3AAA,212,0.2197,0.002949795769919427,False,True
3AAA,213,0.4496,0.005899591539838854,False,False
3AAA,214,0.3638,0.005763205013428827,False,False
3AAA,215,0.0,0.0017240655774395704,False,True
3AAA,216,0.0263,0.0,False,True
3AAA,217,0.4451,0.005899591539838854,False,False
3AAA,218,0.2644,0.005899591539838854,False,False
3AAA,219,0.0101,0.0017240655774395704,False,True
3AAA,220,0.1287,0.0034009204341987464,False,True
3AAA,221,0.5395,0.005763205013428827,False,False
3AAA,222,0.3848,0.0017240655774395704,False,False
3AAA,223,0.0184,0.0017240655774395704,False,True
3AAA,224,0.2733,0.005899591539838854,True,False
3AAA,225,0.5212,0.005763205013428827,False,False
3AAA,226,0.103,0.005763205013428827,False,True
3AAA,227,0.0162,0.0028816025067144135,False,True
3AAA,228,0.3716,0.005763205013428827,True,False
3AAA,229,0.5079,0.005899591539838854,True,False
3AAA,230,0.0505,0.0,False,True
3AAA,231,0.5134,0.0034009204341987464,True,False
3AAA,232,0.431,0.005899591539838854,True,False
3AAA,233,0.3858,0.0017240655774395704,True,False
3AAA,234,0.2077,0.0,False,True
3AAA,235,0.4445,0.005899591539838854,True,False
3AAA,236,0.5018,0.005763205013428827,False,False
3AAA,237,0.4039,0.005763205013428827,True,False
3AAA,238,0.4376,0.0016768548567591764,True,False
3AAA,239,0.5007,0.005899591539838854,True,False
3AAA,240,0.4084,0.0034009204341987464,True,False
3AAA,241,0.3555,0.0034009204341987464,True,False
3AAA,242,0.4981,0.005899591539838854,True,False
3AAA,243,0.4472,0.005763205013428827,False,False
3AAA,244,0.4171,0.0034009204341987464,False,False
3AAA,245,0.4132,0.0034009204341987464,True,False
3AAA,246,0.5827,0.0034009204341987464,True,False
3AAA,247,0.4385,0.005831398276633841,True,False
3AAA,248,0.6945,0.0,True,False
3AAA,249,0.7874,0.0017240655774395704,True,False
3AAA,250,0.642,0.0046056680841539835,True,False
3AAA,251,0.3588,0.005899591539838854,True,False
3AAA,252,0.8015,0.005763205013428827,True,False
3AAA,253,0.2725,0.0046266506266786035,True,False
3AAA,254,0.3114,0.0046266506266786035,True,False
3AAA,255,0.6619,0.005831398276633841,True,False
3AAA,256,0.6136,0.005763205013428827,True,False
3AAA,257,0.6433,0.005831398276633841,False,False
3AAA,258,0.4678,0.005899591539838854,False,False
3AAA,259,0.7291,0.005831398276633841,True,False
3AAA,260,0.4629,0.0,True,False
3AAA,261,0.4056,0.00455845736347359,False,False
3AAA,262,0.5729,0.0017240655774395704,True,False
3AAA,263,0.6651,0.005831398276633841,True,False
3AAA,264,0.6365,0.005899591539838854,False,False
3AAA,265,0.5337,0.0,True,False
3AAA,266,0.8776,0.0017240655774395704,True,False
3BH6,0,0.8694,0.005700239307343894,True,False
3BH6,1,0.7352,0.005700239307343894,True,False
3BH6,2,0.5402,0.005799522754739073,False,False
3BH6,3,0.2431,0.00461668030387582,False,True
3BH6,4,0.2626,0.00461668030387582,False,False
3BH6,5,0.0654,0.001783678485961663,False,True
3BH6,6,0.4032,0.005700239307343894,False,False
3BH6,7,0.469,0.00461668030387582,False,False
3BH6,8,0.1742,0.004584156415936021,False,True
3BH6,9,0.5132,0.005600955859948716,False,False
3BH6,10,0.6116,0.005700239307343894,False,False
3BH6,11,0.3606,0.005799522754739073,False,False
3BH6,12,0.3194,0.00461668030387582,False,False
3BH6,13,0.1388,0.001783678485961663,False,True
3BH6,14,0.062,0.0,False,True
3BH6,15,0.1701,0.0017169189265062842,False,True
3BH6,16,0.3162,0.0035005974124679468,False,False
3BH6,17,0.2757,0.001783678485961663,False,False
3BH6,18,0.552,0.001783678485961663,False,False
3BH6,19,0.3785,0.0045173968564806415,False,False
3BH6,20,0.0123,0.0,False,True
3BH6,21,0.4917,0.00461668030387582,False,False
3BH6,22,0.2976,0.0011160828914078733,False,False
3BH6,23,0.3847,0.005799522754739073,True,False
3BH6,24,0.4503,0.0035331213004077466,True,False
3BH6,25,0.005,0.0,False,True
3BH6,26,0.2644,0.005700239307343894,True,False
3BH6,27,0.0,0.0,False,True
3BH6,28,0.2458,0.005600955859948716,False,True
3BH6,29,0.368,0.005700239307343894,True,False
3BH6,30,0.0136,0.0,False,True
3BH6,31,0.2613,0.005799522754739073,False,False
3BH6,32,0.3231,0.00461668030387582,False,False
3BH6,33,0.0,0.0,False,True
3BH6,34,0.2324,0.005799522754739073,False,True
3BH6,35,0.0184,0.0,False,True
3BH6,36,0.0209,0.0035005974124679468,False,True
3BH6,37,0.0123,0.0,False,True
3BH6,38,0.0,0.0035005974124679468,False,True
3BH6,39,0.0333,0.0034338378530125685,False,True
3BH6,40,0.114,0.00461668030387582,False,True
3BH6,41,0.0138,0.001783678485961663,False,True
3BH6,42,0.2932,0.00461668030387582,True,False
3BH6,43,0.1989,0.005600955859948716,False,True
3BH6,44,0.02,0.0,False,True
3BH6,45,0.1584,0.005600955859948716,False,True
3BH6,46,0.0,0.0,False,True
3BH6,47,0.159,0.005799522754739073,False,True
3BH6,48,0.404,0.00461668030387582,True,False
3BH6,49,0.0064,0.0,False,True
3BH6,50,0.1792,0.005600955859948716,False,True
3BH6,51,0.3511,0.00461668030387582,False,False
3BH6,52,0.0064,0.0,False,True
3BH6,53,0.141,0.0017169189265062842,False,True
3BH6,54,0.0061,0.0,False,True
3BH6,55,0.0,0.0035005974124679468,False,True
3BH6,56,0.012,0.0,False,True
3BH6,57,0.0,0.0,False,True
3BH6,58,0.0076,0.0,False,True
3BH6,59,0.0,0.001783678485961663,False,True
3BH6,60,0.5126,0.005799522754739073,True,False
3BH6,61,0.1626,0.0035005974124679468,False,True
3BH6,62,0.2091,0.005799522754739073,False,True
3BH6,63,0.0,0.001783678485961663,False,True
3BH6,64,0.1811,0.005700239307343894,False,True
3BH6,65,0.0,0.0,False,True
3BH6,66,0.2365,0.005600955859948716,False,True
3BH6,67,0.3784,0.005700239307343894,False,False
3BH6,68,0.0201,0.0,False,True
3BH6,69,0.3295,0.005799522754739073,False,False
3BH6,70,0.2582,0.00461668030387582,False,False
3BH6,71,0.0,0.0,False,True
3BH6,72,0.2321,0.005700239307343894,False,True
3BH6,73,0.0072,0.0,False,True
3BH6,74,0.0,0.0035005974124679468,False,True
3BH6,75,0.0,0.001783678485961663,False,True
3BH6,76,0.0,0.0,False,True
3BH6,77,0.0,0.001783678485961663,False,True
3BH6,78,0.2928,0.0035005974124679468,True,False
3BH6,79,0.2551,0.003567356971923326,True,False
3BH6,80,0.009,0.0,False,True
3BH6,81,0.3667,0.005600955859948716,True,False
3BH6,82,0.0185,0.0,False,True
3BH6,83,0.3665,0.005799522754739073,True,False
3BH6,84,0.3471,0.005700239307343894,True,False
3BH6,85,0.0209,0.0,False,True
3BH6,86,0.4616,0.005600955859948716,False,False
3BH6,87,0.3678,0.00461668030387582,False,False
3BH6,88,0.0,0.0,False,True
3BH6,89,0.1015,0.005799522754739073,False,True
3BH6,90,0.0,0.0,False,True
3BH6,91,0.0453,0.001783678485961663,False,True
3BH6,92,0.0,0.0,False,True
3BH6,93,0.0231,0.001783678485961663,False,True
3BH6,94,0.0,0.0,False,True
3BH6,95,0.2922,0.003567356971923326,True,False
3BH6,96,0.2995,0.001783678485961663,True,False
3BH6,97,0.342,0.003567356971923326,True,False
3BH6,98,0.0,0.0,False,True
3BH6,99,0.1839,0.0035005974124679468,False,True
3BH6,100,0.0,0.0,False,True
3BH6,101,0.3196,0.005600955859948716,True,False
3BH6,102,0.3537,0.004584156415936021,True,False
3BH6,103,0.0504,0.0,False,True
3BH6,104,0.2794,0.005799522754739073,False,False
3BH6,105,0.3728,0.00461668030387582,False,False
3BH6,106,0.0054,0.0,False,True
3BH6,107,0.2853,0.00458415641593602,False,False
3BH6,108,0.0,0.0,False,True
3BH6,109,0.0232,0.001783678485961663,False,True
3BH6,110,0.0607,0.0028997613773695365,False,True
3BH6,111,0.005,0.0017169189265062842,False,True
3BH6,112,0.1585,0.005799522754739073,False,True
3BH6,113,0.0,0.004584156415936021,False,True
3BH6,114,0.1677,0.0,False,True
3BH6,115,0.0,0.0,False,True
3BH6,116,0.4664,0.0035005974124679468,False,False
3BH6,117,0.2904,0.00461668030387582,False,False
3BH6,118,0.006,0.0035005974124679468,False,True
3BH6,119,0.3816,0.0035005974124679468,False,False
3BH6,120,0.6441,0.005600955859948716,False,False
3BH6,121,0.0307,0.003401313965072768,False,True
3BH6,122,0.005,0.0,False,True
3BH6,123,0.6279,0.005799522754739073,False,False
3BH6,124,0.4491,0.005799522754739073,False,False
3BH6,125,0.0166,0.0,False,True
3BH6,126,0.5928,0.005700239307343894,True,False
3BH6,127,0.1034,0.001783678485961663,False,True
3BH6,128,0.2027,0.001783678485961663,False,True
3BH6,129,0.1337,0.004584156415936021,False,True
3BH6,130,0.0151,0.0,False,True
3BH6,131,0.1791,0.0035005974124679468,False,True
3BH6,132,0.0408,0.0035005974124679468,False,True
3BH6,133,0.1451,0.005799522754739073,False,True
3BH6,134,0.0165,0.0,False,True
3BH6,135,0.0622,0.0024170384089998733,False,True
3BH6,136,0.2674,0.0034338378530125685,False,False
3BH6,137,0.0707,0.0,False,True
3BH6,138,0.3857,0.0035005974124679468,True,False
3BH6,139,0.1039,0.0034338378530125685,False,True
3BH6,140,0.5231,0.0035005974124679468,True,False
3BH6,141,0.2777,0.0035005974124679468,True,False
3BH6,142,0.6335,0.0035005974124679468,False,False
3BH6,143,0.4218,0.005700239307343894,False,False
3BH6,144,0.7211,0.005700239307343894,False,False
3BH6,145,0.7946,0.0,False,False
3BH6,146,0.5998,0.005700239307343894,False,False
3BH6,147,0.6676,0.004584156415936021,False,False
3BH6,148,0.1102,0.0017169189265062842,False,True
3BH6,149,0.2365,0.0,False,True
3BH6,150,0.2795,0.0035005974124679468,False,False
3BH6,151,0.2779,0.00461668030387582,False,False
3BH6,152,0.018,0.0,False,True
3BH6,153,0.4523,0.0035005974124679468,False,False
3BH6,154,0.4909,0.005600955859948716,False,False
3BH6,155,0.6766,0.005600955859948716,False,False
3BH6,156,0.1558,0.001783678485961663,False,True
3BH6,157,0.4019,0.005799522754739073,False,False
3BH6,158,0.0251,0.0035005974124679468,False,True
3BH6,159,0.3141,0.005600955859948716,False,False
3BH6,160,0.5838,0.005600955859948716,False,False
3BH6,161,0.1875,0.001783678485961663,False,True
3BH6,162,0.0,0.0,False,True
3BH6,163,0.281,0.001783678485961663,False,False
3BH6,164,0.2942,0.005799522754739073,False,False
3BH6,165,0.0363,0.0035005974124679468,False,True
3BH6,166,0.6978,0.004584156415936021,False,False
3BH6,167,0.2129,0.0035005974124679468,False,True
3BH6,168,0.7229,0.005600955859948716,False,False
3BH6,169,0.4556,0.005700239307343894,False,False
3BH6,170,0.0053,0.0,False,True
3BH6,171,0.5305,0.004683439863331199,False,False
3BH6,172,0.5116,0.005799522754739073,False,False
3BH6,173,0.0455,0.0,False,True
3BH6,174,0.6303,0.005799522754739073,False,False
3BH6,175,0.1668,0.00461668030387582,False,True
3BH6,176,0.1272,0.001783678485961663,False,True
3BH6,177,0.1311,0.0035005974124679468,False,True
3BH6,178,0.5053,0.005600955859948716,False,False
3BH6,179,0.451,0.005700239307343894,False,False
3BH6,180,0.5939,0.005700239307343894,False,False
3BH6,181,0.4488,0.005799522754739073,False,False
3BH6,182,0.0346,0.001783678485961663,False,True
3BH6,183,0.0797,0.0,False,True
3BH6,184,0.0069,0.0,False,True
3BH6,185,0.059,0.0,False,True
3BH6,186,0.3021,0.00461668030387582,False,False
3BH6,187,0.0501,0.004584156415936021,False,True
3BH6,188,0.1287,0.0035005974124679468,False,True
3BH6,189,0.1302,0.001783678485961663,False,True
3BH6,190,0.5107,0.005700239307343894,False,False
3BH6,191,0.1339,0.005799522754739073,False,True
3BH6,192,0.724,0.00461668030387582,False,False
3BH6,193,0.3398,0.003567356971923326,False,False
3BH6,194,0.7173,0.005600955859948716,False,False
3BH6,195,0.0467,0.0,False,True
3BH6,196,0.6512,0.005600955859948716,False,False
3BH6,197,0.0823,0.0034338378530125685,False,True
3BH6,198,0.1413,0.004584156415936021,False,True
3BH6,199,0.0,0.0,False,True
3BH6,200,0.006,0.0,False,True
3BH6,201,0.0,0.0,False,True
3BH6,202,0.0,0.0,False,True
3BH6,203,0.03,0.001783678485961663,False,True
3BH6,204,0.027,0.0,False,True
3BH6,205,0.2101,0.0035005974124679468,False,True
3BH6,206,0.4849,0.0,False,False
3BH6,207,0.7689,0.005700239307343894,False,False
3BH6,208,0.6364,0.005600955859948716,False,False
3BH6,209,0.0843,0.001783678485961663,False,True
3BH6,210,0.4781,0.005600955859948716,False,False
3BH6,211,0.4768,0.00461668030387582,False,False
3BH6,212,0.1105,0.005799522754739073,False,True
3BH6,213,0.0,0.0,False,True
3BH6,214,0.2713,0.003567356971923326,False,False
3BH6,215,0.4292,0.005700239307343894,False,False
3BH6,216,0.012,0.0,False,True
3BH6,217,0.0858,0.0,False,True
3BH6,218,0.4596,0.005700239307343894,False,False
3BH6,219,0.2751,0.005700239307343894,False,False
3BH6,220,0.0,0.0,False,True
3BH6,221,0.4479,0.005799522754739073,False,False
3BH6,222,0.6588,0.00461668030387582,False,False
3BH6,223,0.5843,0.005700239307343894,False,False
3BH6,224,0.4282,0.0,False,False
3BH6,225,0.0648,0.0017169189265062842,False,True
3BH6,226,0.3623,0.005799522754739073,False,False
3BH6,227,0.0392,0.0,False,True
3BH6,228,0.0416,0.004584156415936021,False,True
3BH6,229,0.1309,0.005600955859948716,False,True
3BH6,230,0.0383,0.0,False,True
3BH6,231,0.0602,0.00458415641593602,False,True
3BH6,232,0.2625,0.005600955859948716,True,False
3BH6,233,0.0069,0.0,False,True
3BH6,234,0.3372,0.005700239307343894,False,False
3BH6,235,0.0383,0.0,False,True
3BH6,236,0.4855,0.00461668030387582,False,False
3BH6,237,0.3674,0.005700239307343894,False,False
3BH6,238,0.5833,0.005700239307343894,False,False
3BH6,239,0.0722,0.005600955859948716,False,True
3BH6,240,0.0,0.0,False,True
3BH6,241,0.4286,0.005799522754739073,False,False
3BH6,242,0.3894,0.005700239307343894,False,False
3BH6,243,0.0062,0.0,False,True
3BH6,244,0.0179,0.0,False,True
3BH6,245,0.4105,0.005700239307343894,False,False
3BH6,246,0.7542,0.005600955859948716,False,False
3BH6,247,0.2913,0.005799522754739073,False,False
3BH6,248,0.0094,0.0011160828914078733,False,True
3BH6,249,0.5205,0.005700239307343894,False,False
3BH6,250,0.5908,0.005600955859948716,False,False
3BH6,251,0.0704,0.0,False,True
3BH6,252,0.3403,0.005700239307343894,False,False
3BH6,253,0.5991,0.0035005974124679468,False,False
3BH6,254,0.1075,0.0,False,True
3BH6,255,0.0847,0.0,False,True
3BH6,256,0.7993,0.005700239307343894,False,False
3BH6,257,0.5732,0.005700239307343894,False,False
3BH6,258,0.2193,0.001783678485961663,False,True
3BH6,259,0.373,0.005700239307343894,False,False
3BH6,260,0.0,0.0,False,True
3BH6,261,0.0613,0.003599880859863126,False,True
3BH6,262,0.0187,0.0017169189265062842,False,True
3BH6,263,0.0,0.0,False,True
3BH6,264,0.0865,0.0028997613773695365,False,True
3BH6,265,0.0,0.0,False,True
3BH6,266,0.0279,0.005600955859948716,False,True
3BH6,267,0.0464,0.0,False,True
3BH6,268,0.6066,0.005799522754739073,False,False
3BH6,269,0.2162,0.001783678485961663,False,True
3BH6,270,0.0,0.0,False,True
3BH6,271,0.0208,0.0,False,True
3BH6,272,0.5025,0.005700239307343894,False,False
3BH6,273,0.1874,0.005700239307343894,False,True
3BH6,274,0.0,0.0,False,True
3BH6,275,0.2918,0.0028997613773695365,False,False
3BH6,276,0.4446,0.005700239307343894,False,False
3BH6,277,0.0613,0.0,False,True
3BH6,278,0.1234,0.0,False,True
3BH6,279,0.4913,0.005700239307343894,False,False
3BH6,280,0.6135,0.005600955859948716,False,False
3BH6,281,0.3152,0.005799522754739073,False,False
3BH6,282,0.0436,0.0,False,True
3BH6,283,0.6164,0.005700239307343894,False,False
3BH6,284,0.7748,0.0028330018179141573,False,False
3BH6,285,0.2968,0.00461668030387582,False,False
3BH6,286,0.377,0.005700239307343894,False,False
3BH6,287,0.0975,0.0,False,True
3BH6,288,0.0352,0.0,False,True
3BH6,289,0.1059,0.0,False,True
3BH6,290,0.0,0.0,False,True
3BH6,291,0.5518,0.005700239307343894,False,False
3BH6,292,0.2067,0.0028997613773695365,False,True
3BH6,293,0.3533,0.005700239307343894,False,False
3BH6,294,0.6773,0.005600955859948716,False,False
3BH6,295,0.2504,0.001783678485961663,False,False
3BH6,296,0.0,0.0,False,True
3BH6,297,0.3755,0.005700239307343894,False,False
3BH6,298,0.331,0.005700239307343894,False,False
3BH6,299,0.0167,0.0034338378530125685,False,True
3BH6,300,0.0486,0.0,False,True
3BH6,301,0.5269,0.005700239307343894,False,False
3BH6,302,0.2102,0.005700239307343894,False,True
3BH6,303,0.0,0.001783678485961663,False,True
3BH6,304,0.1505,0.005799522754739073,False,True
3BH6,305,0.4181,0.005700239307343894,False,False
3BH6,306,0.0235,0.0,False,True
3BH6,307,0.0,0.0035005974124679468,False,True
3BH6,308,0.4554,0.005600955859948716,False,False
3BH6,309,0.6265,0.005799522754739073,False,False
3BH6,310,0.377,0.0047159637512709995,True,False
3BH6,311,0.415,0.004584156415936021,True,False
3BH6,312,0.3583,0.001783678485961663,True,False
3BH6,313,1.1198,0.005700239307343894,True,False
3BH7,0,0.857,0.005545832821367729,True,False
3BH7,1,0.5776,0.005545832821367729,True,False
3BH7,2,0.4783,0.005489378235760991,False,False
3BH7,3,0.2304,0.0017583942987510256,False,True
3BH7,4,0.2589,0.005545832821367729,False,False
3BH7,5,0.0352,0.0017949237364965614,False,True
3BH7,6,0.4015,0.005489378235760991,False,False
3BH7,7,0.4111,0.0017949237364965614,False,False
3BH7,8,0.1742,0.0035533180352475863,False,True
3BH7,9,0.4922,0.005602287406974466,False,False
3BH7,10,0.5929,0.004503083416631521,False,False
3BH7,11,0.3672,0.005489378235760991,False,False
3BH7,12,0.3909,0.004503083416631521,False,False
3BH7,13,0.1527,0.0017949237364965614,False,True
3BH7,14,0.1655,0.0,False,True
3BH7,15,0.1638,0.002801143703487233,False,True
3BH7,16,0.2807,0.0035533180352475863,False,False
3BH7,17,0.2689,0.0,False,False
3BH7,18,0.5652,0.0017949237364965614,False,False
3BH7,19,0.3704,0.004503083416631521,False,False
3BH7,20,0.0062,0.0017949237364965614,False,True
3BH7,21,0.4895,0.004503083416631521,False,False
3BH7,22,0.3092,0.0017949237364965614,False,False
3BH7,23,0.4555,0.005545832821367729,True,False
3BH7,24,0.4063,0.0017949237364965614,True,False
3BH7,25,0.0,0.0017949237364965614,False,True
3BH7,26,0.2463,0.004596067439983793,False,True
3BH7,27,0.0,0.0017949237364965614,False,True
3BH7,28,0.2414,0.005545832821367729,False,True
3BH7,29,0.3603,0.005545832821367729,True,False
3BH7,30,0.0064,0.0017949237364965614,False,True
3BH7,31,0.331,0.005545832821367729,False,False
3BH7,32,0.3991,0.004559538002238258,False,False
3BH7,33,0.0,0.0017949237364965614,False,True
3BH7,34,0.2513,0.005602287406974466,False,False
3BH7,35,0.0,0.0,False,True
3BH7,36,0.0214,0.0,False,True
3BH7,37,0.0,0.0,False,True
3BH7,38,0.0,0.0035533180352475863,False,True
3BH7,39,0.0278,0.003516788597502051,False,True
3BH7,40,0.1081,0.002801143703487233,False,True
3BH7,41,0.0069,0.0017949237364965614,False,True
3BH7,42,0.3026,0.004503083416631521,True,False
3BH7,43,0.1989,0.0036296977687155256,False,True
3BH7,44,0.0062,0.0017949237364965614,False,True
3BH7,45,0.138,0.0035732431831087875,False,True
3BH7,46,0.0,0.0017949237364965614,False,True
3BH7,47,0.1444,0.005545832821367729,False,True
3BH7,48,0.379,0.004559538002238258,True,False
3BH7,49,0.0,0.0,False,True
3BH7,50,0.1301,0.005602287406974466,False,True
3BH7,51,0.3724,0.004559538002238258,False,False
3BH7,52,0.0064,0.0017949237364965614,False,True
3BH7,53,0.1778,0.0035533180352475863,False,True
3BH7,54,0.0,0.0,False,True
3BH7,55,0.0,0.0035533180352475863,False,True
3BH7,56,0.0,0.0,False,True
3BH7,57,0.0,0.0,False,True
3BH7,58,0.0152,0.0017949237364965614,False,True
3BH7,59,0.0,0.0017949237364965614,False,True
3BH7,60,0.5018,0.005602287406974466,True,False
3BH7,61,0.151,0.004615992587844995,False,True
3BH7,62,0.2159,0.005545832821367729,False,True
3BH7,63,0.0,0.0,False,True
3BH7,64,0.1912,0.004596067439983793,False,True
3BH7,65,0.0101,0.0,False,True
3BH7,66,0.2348,0.005545832821367729,False,True
3BH7,67,0.3713,0.005545832821367729,False,False
3BH7,68,0.0201,0.0,False,True
3BH7,69,0.3976,0.005489378235760991,False,False
3BH7,70,0.2125,0.004559538002238258,False,True
3BH7,71,0.0,0.0017949237364965614,False,True
3BH7,72,0.2879,0.005545832821367729,False,False
3BH7,73,0.0231,0.0,False,True
3BH7,74,0.0,0.0035533180352475863,False,True
3BH7,75,0.0,0.0,False,True
3BH7,76,0.0,0.0017949237364965614,False,True
3BH7,77,0.0128,0.0,False,True
3BH7,78,0.3655,0.0018513783221032986,True,False
3BH7,79,0.2861,0.004596067439983793,True,False
3BH7,80,0.019,0.0,False,True
3BH7,81,0.3071,0.004539612854377056,True,False
3BH7,82,0.0062,0.0,False,True
3BH7,83,0.3869,0.005489378235760991,True,False
3BH7,84,0.3464,0.005545832821367729,True,False
3BH7,85,0.0337,0.0,False,True
3BH7,86,0.4084,0.005545832821367729,False,False
3BH7,87,0.3637,0.004559538002238258,False,False
3BH7,88,0.0481,0.0035533180352475863,False,True
3BH7,89,0.1412,0.005602287406974466,False,True
3BH7,90,0.0139,0.0017949237364965614,False,True
3BH7,91,0.0403,0.0,False,True
3BH7,92,0.0,0.0017949237364965614,False,True
3BH7,93,0.0308,0.0,False,True
3BH7,94,0.0,0.0,False,True
3BH7,95,0.2735,0.005489378235760991,True,False
3BH7,96,0.2855,0.002801143703487233,True,False
3BH7,97,0.4007,0.005545832821367729,True,False
3BH7,98,0.0,0.0,False,True
3BH7,99,0.1471,0.0035533180352475863,False,True
3BH7,100,0.0,0.0017949237364965614,False,True
3BH7,101,0.3033,0.003516788597502051,True,False
3BH7,102,0.3891,0.005545832821367729,True,False
3BH7,103,0.0503,0.0017949237364965614,False,True
3BH7,104,0.3097,0.005545832821367729,False,False
3BH7,105,0.3447,0.004559538002238258,False,False
3BH7,106,0.0056,0.0017949237364965614,False,True
3BH7,107,0.2589,0.004559538002238258,False,False
3BH7,108,0.0,0.0017949237364965614,False,True
3BH7,109,0.0232,0.002801143703487233,False,True
3BH7,110,0.0614,0.002801143703487233,False,True
3BH7,111,0.0101,0.0,False,True
3BH7,112,0.1636,0.005545832821367729,False,True
3BH7,113,0.0,0.004539612854377057,False,True
3BH7,114,0.1493,0.0,False,True
3BH7,115,0.0,0.0,False,True
3BH7,116,0.4976,0.004539612854377057,False,False
3BH7,117,0.3017,0.004559538002238258,False,False
3BH7,118,0.0,0.0017949237364965614,False,True
3BH7,119,0.3286,0.0035533180352475863,False,False
3BH7,120,0.5233,0.005489378235760991,False,False
3BH7,121,0.046,0.003496863449640849,False,True
3BH7,122,0.0151,0.0,False,True
3BH7,123,0.5248,0.005602287406974466,False,False
3BH7,124,0.4519,0.005602287406974466,False,False
3BH7,125,0.026,0.0,False,True
3BH7,126,0.558,0.0035533180352475863,False,False
3BH7,127,0.1208,0.0,False,True
3BH7,128,0.1793,0.0017949237364965614,False,True
3BH7,129,0.1085,0.0017583942987510256,False,True
3BH7,130,0.0201,0.0017949237364965614,False,True
3BH7,131,0.1621,0.004559538002238258,False,True
3BH7,132,0.0573,0.0017949237364965614,False,True
3BH7,133,0.1661,0.005602287406974466,False,True
3BH7,134,0.0127,0.0,False,True
3BH7,135,0.0484,0.004559538002238258,False,True
3BH7,136,0.2511,0.003516788597502051,False,False
3BH7,137,0.087,0.0017949237364965614,False,True
3BH7,138,0.3426,0.0035533180352475863,True,False
3BH7,139,0.1213,0.0017583942987510256,False,True
3BH7,140,0.4979,0.0035533180352475863,True,False
3BH7,141,0.2901,0.0017949237364965614,True,False
3BH7,142,0.5947,0.0017949237364965614,False,False
3BH7,143,0.4634,0.005545832821367729,False,False
3BH7,144,0.709,0.004559538002238258,False,False
3BH7,145,0.7845,0.0017949237364965614,False,False
3BH7,146,0.5883,0.005545832821367729,False,False
3BH7,147,0.7104,0.005545832821367729,False,False
3BH7,148,0.1268,0.0035533180352475863,False,True
3BH7,149,0.2323,0.0017949237364965614,False,True
3BH7,150,0.2717,0.004559538002238258,False,False
3BH7,151,0.2672,0.0035533180352475863,False,False
3BH7,152,0.0,0.0,False,True
3BH7,153,0.444,0.002801143703487233,False,False
3BH7,154,0.4748,0.005489378235760991,False,False
3BH7,155,0.6681,0.004503083416631521,False,False
3BH7,156,0.2161,0.004559538002238258,False,True
3BH7,157,0.429,0.005602287406974466,False,False
3BH7,158,0.0321,0.0035533180352475863,False,True
3BH7,159,0.3373,0.005489378235760991,False,False
3BH7,160,0.6164,0.005489378235760991,False,False
3BH7,161,0.1564,0.0035533180352475863,False,True
3BH7,162,0.0,0.0,False,True
3BH7,163,0.2203,0.0017949237364965614,False,True
3BH7,164,0.3139,0.0036097726208543244,False,False
3BH7,165,0.134,0.0017949237364965614,False,True
3BH7,166,0.6401,0.0035533180352475863,False,False
3BH7,167,0.181,0.0035533180352475863,False,True
3BH7,168,0.6308,0.005545832821367729,False,False
3BH7,169,0.5867,0.005489378235760991,False,False
3BH7,170,0.0527,0.0017949237364965614,False,True
3BH7,171,0.5135,0.004539612854377056,False,False
3BH7,172,0.5338,0.005545832821367729,False,False
3BH7,173,0.0685,0.0017949237364965614,False,True
3BH7,174,0.6803,0.005602287406974466,False,False
3BH7,175,0.1747,0.0035533180352475863,False,True
3BH7,176,0.1272,0.0017583942987510256,False,True
3BH7,177,0.1938,0.0035533180352475863,False,True
3BH7,178,0.5005,0.005489378235760991,False,False
3BH7,179,0.4687,0.005545832821367729,False,False
3BH7,180,0.6057,0.005489378235760991,False,False
3BH7,181,0.4381,0.005602287406974466,False,False
3BH7,182,0.0277,0.0,False,True
3BH7,183,0.0736,0.0,False,True
3BH7,184,0.0,0.0,False,True
3BH7,185,0.0894,0.0,False,True
3BH7,186,0.296,0.0035533180352475863,False,False
3BH7,187,0.0648,0.004559538002238258,False,True
3BH7,188,0.1239,0.004559538002238258,False,True
3BH7,189,0.1199,0.0027446891178804955,False,True
3BH7,190,0.4923,0.005545832821367729,False,False
3BH7,191,0.1266,0.0035898474729931227,False,True
3BH7,192,0.7318,0.005545832821367729,False,False
3BH7,193,0.4289,0.005545832821367729,False,False
3BH7,194,0.6914,0.005489378235760991,False,False
3BH7,195,0.0839,0.0017949237364965614,False,True
3BH7,196,0.7931,0.005489378235760991,False,False
3BH7,197,0.1246,0.003516788597502051,False,True
3BH7,198,0.1179,0.004559538002238258,False,True
3BH7,199,0.0,0.0,False,True
3BH7,200,0.006,0.0,False,True
3BH7,201,0.0,0.0,False,True
3BH7,202,0.0,0.0017949237364965614,False,True
3BH7,203,0.018,0.0017583942987510256,False,True
3BH7,204,0.0313,0.0017949237364965614,False,True
3BH7,205,0.1009,0.0035533180352475863,False,True
3BH7,206,0.4253,0.0017949237364965614,False,False
3BH7,207,0.8148,0.005545832821367729,False,False
3BH7,208,0.5813,0.005489378235760991,False,False
3BH7,209,0.0655,0.0,False,True
3BH7,210,0.4347,0.005489378235760991,False,False
3BH7,211,0.4787,0.005489378235760991,False,False
3BH7,212,0.1267,0.005602287406974466,False,True
3BH7,213,0.0,0.0,False,True
3BH7,214,0.2614,0.005602287406974466,False,False
3BH7,215,0.4244,0.005545832821367729,False,False
3BH7,216,0.0,0.0,False,True
3BH7,217,0.0858,0.0,False,True
3BH7,218,0.4464,0.005545832821367729,False,False
3BH7,219,0.3045,0.004559538002238258,False,False
3BH7,220,0.0,0.0,False,True
3BH7,221,0.4417,0.005602287406974466,False,False
3BH7,222,0.691,0.005545832821367729,False,False
3BH7,223,0.5453,0.005489378235760991,False,False
3BH7,224,0.4398,0.0,False,False
3BH7,225,0.0794,0.0,False,True
3BH7,226,0.3573,0.005545832821367729,False,False
3BH7,227,0.0218,0.0,False,True
3BH7,228,0.0347,0.0035533180352475863,False,True
3BH7,229,0.1287,0.005602287406974466,False,True
3BH7,230,0.0382,0.0,False,True
3BH7,231,0.0751,0.0035533180352475863,False,True
3BH7,232,0.2583,0.003516788597502051,False,False
3BH7,233,0.0278,0.0017949237364965614,False,True
3BH7,234,0.2455,0.004559538002238258,False,True
3BH7,235,0.0287,0.0017583942987510256,False,True
3BH7,236,0.411,0.004559538002238258,False,False
3BH7,237,0.3589,0.005545832821367729,False,False
3BH7,238,0.5115,0.005489378235760991,False,False
3BH7,239,0.1166,0.003516788597502051,False,True
3BH7,240,0.0,0.0,False,True
3BH7,241,0.4655,0.005489378235760991,False,False
3BH7,242,0.3957,0.005602287406974466,False,False
3BH7,243,0.0185,0.0,False,True
3BH7,244,0.0134,0.0,False,True
3BH7,245,0.4436,0.0027646142657416968,False,False
3BH7,246,0.5893,0.005489378235760991,False,False
3BH7,247,0.2766,0.005489378235760991,False,False
3BH7,248,0.0094,0.0017583942987510256,False,True
3BH7,249,0.5492,0.005545832821367729,False,False
3BH7,250,0.529,0.005545832821367729,False,False
3BH7,251,0.0352,0.0035533180352475863,False,True
3BH7,252,0.333,0.0035533180352475863,False,False
3BH7,253,0.6149,0.004559538002238258,False,False
3BH7,254,0.0901,0.0035533180352475863,False,True
3BH7,255,0.056,0.0017583942987510256,False,True
3BH7,256,0.8056,0.005489378235760991,False,False
3BH7,257,0.5105,0.005602287406974466,False,False
3BH7,258,0.1845,0.0,False,True
3BH7,259,0.3613,0.0035533180352475863,False,False
3BH7,260,0.0,0.0,False,True
3BH7,261,0.0307,0.0017583942987510256,False,True
3BH7,262,0.027,0.0,False,True
3BH7,263,0.0,0.0017949237364965614,False,True
3BH7,264,0.0673,0.004559538002238258,False,True
3BH7,265,0.0,0.0,False,True
3BH7,266,0.0112,0.005545832821367729,False,True
3BH7,267,0.0813,0.0017949237364965614,False,True
3BH7,268,0.6342,0.005602287406974466,False,False
3BH7,269,0.2406,0.0017949237364965614,False,True
3BH7,270,0.0,0.0,False,True
3BH7,271,0.0278,0.0,False,True
3BH7,272,0.5234,0.005489378235760991,False,False
3BH7,273,0.2005,0.004539612854377057,False,True
3BH7,274,0.0,0.0,False,True
3BH7,275,0.2737,0.0017949237364965611,False,False
3BH7,276,0.518,0.005545832821367729,False,False
3BH7,277,0.0797,0.0,False,True
3BH7,278,0.1303,0.0017949237364965614,False,True
3BH7,279,0.5622,0.005545832821367729,False,False
3BH7,280,0.5991,0.005602287406974466,False,False
3BH7,281,0.2661,0.005489378235760991,False,False
3BH7,282,0.0391,0.0,False,True
3BH7,283,0.6265,0.005545832821367729,False,False
3BH7,284,0.8237,0.0017949237364965614,False,False
3BH7,285,0.3062,0.004559538002238258,False,False
3BH7,286,0.4904,0.005545832821367729,False,False
3BH7,287,0.0732,0.0017949237364965614,False,True
3BH7,288,0.0302,0.0,False,True
3BH7,289,0.0909,0.0,False,True
3BH7,290,0.0,0.0,False,True
3BH7,291,0.6336,0.005545832821367729,False,False
3BH7,292,0.2172,0.002801143703487233,False,True
3BH7,293,0.4795,0.005545832821367729,False,False
3BH7,294,0.5909,0.005489378235760991,False,False
3BH7,295,0.2512,0.0035533180352475863,False,False
3BH7,296,0.0,0.0017949237364965614,False,True
3BH7,297,0.3997,0.004559538002238258,False,False
3BH7,298,0.3227,0.005545832821367729,False,False
3BH7,299,0.0174,0.005489378235760991,False,True
3BH7,300,0.0416,0.0027646142657416968,False,True
3BH7,301,0.479,0.005489378235760991,False,False
3BH7,302,0.1936,0.004596067439983793,False,True
3BH7,303,0.0,0.0,False,True
3BH7,304,0.1418,0.0035533180352475863,False,True
3BH7,305,0.3985,0.005489378235760991,False,False
3BH7,306,0.014,0.0035533180352475863,False,True
3BH7,307,0.0,0.0017583942987510256,False,True
3BH7,308,0.4652,0.005489378235760991,False,False
3BH7,309,0.6095,0.005602287406974466,False,False
3BH7,310,0.3946,0.005602287406974466,True,False
3BH7,311,0.3978,0.004559538002238258,True,False
3BH7,312,0.3559,0.0,True,False
3BH7,313,1.1494,0.0035533180352475863,True,False
3BUK,0,0.9005,0.00941856947741835,False,False
3BUK,1,0.104,0.0027820300110914546,False,True
3BUK,2,0.6354,0.00941856947741835,False,False
3BUK,3,0.5473,0.00941856947741835,False,False
3BUK,4,0.3394,0.009432319213881735,False,False
3BUK,5,0.4123,0.0074844398815689375,False,False
3BUK,6,0.522,0.00941856947741835,False,False
3BUK,7,0.4705,0.00941856947741835,False,False
3BUK,8,0.6196,0.00941856947741835,False,False
3BUK,9,0.6007,0.00941856947741835,False,False
3BUK,10,0.1781,0.00941856947741835,False,True
3BUK,11,0.6587,0.00941856947741835,False,False
3BUK,12,0.21,0.00941856947741835,False,True
3BUK,13,0.0278,0.0027820300110914546,False,True
3BUK,14,0.1637,0.0074844398815689375,False,True
3BUK,15,0.2463,0.00941856947741835,False,True
3BUK,16,0.0064,0.0,False,True
3BUK,17,0.4131,0.005568643267670703,False,False
3BUK,18,0.4813,0.0074844398815689375,False,False
3BUK,19,0.0206,0.0027820300110914546,False,True
3BUK,20,0.2685,0.00941856947741835,False,False
3BUK,21,0.0,0.0,False,True
3BUK,22,0.1102,0.0,False,True
3BUK,23,0.3968,0.00941856947741835,False,False
3BUK,24,0.5009,0.00941856947741835,False,False
3BUK,25,0.5054,0.00941856947741835,False,False
3BUK,26,0.0796,0.0,False,True
3BUK,27,0.4694,0.00941856947741835,False,False
3BUK,28,0.4569,0.005568643267670703,False,False
3BUK,29,0.6533,0.00941856947741835,False,False
3BUK,30,0.3556,0.007502772863520116,False,False
3BUK,31,0.1067,0.0047161596069408675,False,True
3BUK,32,0.3123,0.00941856947741835,False,False
3BUK,33,0.2634,0.0027820300110914546,False,False
3BUK,34,0.4134,0.00941856947741835,False,False
3BUK,35,0.6792,0.00941856947741835,True,False
3BUK,36,0.0706,0.0,False,True
3BUK,37,0.4861,0.0074844398815689375,True,False
3BUK,38,0.4903,0.0036390969173090847,True,False
3BUK,39,0.4651,0.0027820300110914546,True,False
3BUK,40,0.451,0.009404819740954966,False,False
3BUK,41,0.1659,0.0027820300110914546,False,True
3BUK,42,0.0403,0.0,False,True
3BUK,43,0.0277,0.005568643267670703,False,True
3BUK,44,0.3651,0.007489023127056731,False,False
3BUK,45,0.3324,0.00941856947741835,False,False
3BUK,46,0.5095,0.00941856947741835,False,False
3BUK,47,0.0225,0.0047161596069408675,False,True
3BUK,48,0.106,0.0047161596069408675,False,True
3BUK,49,0.5652,0.00941856947741835,False,False
3BUK,50,0.2698,0.00941856947741835,False,False
3BUK,51,0.4397,0.007502772863520116,False,False
3BUK,52,0.2033,0.0,False,True
3BUK,53,0.3039,0.00941856947741835,False,False
3BUK,54,0.6018,0.0074844398815689375,False,False
3BUK,55,0.1791,0.0,False,True
3BUK,56,0.3836,0.00941856947741835,False,False
3BUK,57,0.5678,0.00941856947741835,False,False
3BUK,58,0.1115,0.0,False,True
3BUK,59,0.5816,0.00941856947741835,False,False
3BUK,60,0.763,0.005568643267670703,False,False
3BUK,61,0.4183,0.00941856947741835,False,False
3BUK,62,0.332,0.009432319213881735,False,False
3BUK,63,0.2421,0.009404819740954966,False,True
3BUK,64,0.4416,0.005568643267670703,True,False
3BUK,65,0.46,0.0074844398815689375,True,False
3BUK,66,0.2153,0.00941856947741835,False,True
3BUK,67,0.5434,0.005568643267670703,True,False
3BUK,68,0.075,0.0,False,True
3BUK,69,0.3262,0.00941856947741835,True,False
3BUK,70,0.4205,0.00941856947741835,False,False
3BUK,71,0.2093,0.007502772863520116,False,True
3BUK,72,0.4089,0.0074844398815689375,False,False
3BUK,73,0.2058,0.007502772863520116,False,True
3BUK,74,0.1163,0.0,False,True
3BUK,75,0.4025,0.00941856947741835,False,False
3BUK,76,0.2276,0.0,False,True
3BUK,77,0.3709,0.00941856947741835,True,False
3BUK,78,0.0889,0.0,False,True
3BUK,79,0.1477,0.009432319213881735,False,True
3BUK,80,0.6595,0.00941856947741835,True,False
3BUK,81,0.1525,0.0,False,True
3BUK,82,0.2849,0.0,False,False
3BUK,83,0.0933,0.0027866132565792495,False,True
3BUK,84,0.3718,0.00941856947741835,False,False
3BUK,85,0.1187,0.007489023127056731,False,True
3BUK,86,0.5182,0.00941856947741835,False,False
3BUK,87,0.7338,0.00941856947741835,False,False
3BUK,88,0.4014,0.007502772863520116,False,False
3BUK,89,0.6219,0.0027866132565792495,False,False
3BUK,90,0.606,0.00941856947741835,False,False
3BUK,91,0.1033,0.0027866132565792495,False,True
3BUK,92,0.4026,0.009432319213881735,False,False
3BUK,93,0.4635,0.009432319213881735,False,False
3BUK,94,0.0577,0.0,False,True
3BUK,95,0.3692,0.0027866132565792495,False,False
3BUK,96,0.3412,0.00941856947741835,False,False
3BUK,97,0.0209,0.0,False,True
3BUK,98,0.5045,0.0074844398815689375,False,False
3BUK,99,0.4694,0.007498189618032321,False,False
3BUK,100,0.1212,0.0,False,True
3BUK,101,0.1478,0.005568643267670703,False,True
3BUK,102,0.0,0.0,False,True
3BUK,103,0.1802,0.005568643267670703,False,True
3BUK,104,0.376,0.005568643267670703,True,False
3BUK,105,0.5283,0.00941856947741835,True,False
3BUK,106,0.2858,0.0074844398815689375,True,False
3BUK,107,0.1413,0.0,False,True
3BUK,108,0.4821,0.00941856947741835,True,False
3BUK,109,0.5443,0.005568643267670703,False,False
3BUK,110,0.5535,0.00941856947741835,False,False
3BUK,111,0.3635,0.00941856947741835,False,False
3BUK,112,0.1633,0.007489023127056731,False,True
3BUK,113,0.0997,0.0,False,True
3BUK,114,0.3123,0.00941856947741835,False,False
3BUK,115,0.3028,0.0,False,False
3BUK,116,0.3762,0.009404819740954966,True,False
3BUK,117,0.6944,0.009432319213881735,False,False
3BUK,118,0.122,0.0,False,True
3BUK,119,0.4253,0.00941856947741835,False,False
3BUK,120,0.7783,0.00941856947741835,False,False
3BUK,121,0.4054,0.0027820300110914546,False,False
3BUK,122,0.1856,0.005568643267670703,False,True
3BUK,123,0.1151,0.0,False,True
3BUK,124,0.0493,0.007489023127056731,False,True
3BUK,125,0.4109,0.007489023127056731,False,False
3BUK,126,0.4676,0.005568643267670703,True,False
3BUK,127,0.4005,0.007502772863520116,False,False
3BUK,128,0.1551,0.007489023127056731,False,True
3BUK,129,0.1376,0.007489023127056731,False,True
3BUK,130,0.4263,0.009432319213881735,True,False
3BUK,131,0.3033,0.005568643267670703,True,False
3BUK,132,0.4017,0.005568643267670703,True,False
3BUK,133,0.15,0.0,False,True
3BUK,134,0.3785,0.005568643267670703,True,False
3BUK,135,0.5983,0.005568643267670703,False,False
3BUK,136,0.1759,0.0,False,True
3BUK,137,0.3617,0.007502772863520116,True,False
3BUK,138,0.7344,0.009432319213881735,False,False
3BUK,139,0.2225,0.0,False,True
3BUK,140,0.4857,0.0074844398815689375,True,False
3BUK,141,0.7909,0.00941856947741835,False,False
3BUK,142,0.6623,0.00941856947741835,False,False
3BUK,143,0.1862,0.009404819740954966,False,True
3BUK,144,0.707,0.00941856947741835,False,False
3BUK,145,0.3233,0.00941856947741835,False,False
3BUK,146,0.6115,0.0074844398815689375,False,False
3BUK,147,0.3664,0.009432319213881735,False,False
3BUK,148,0.5584,0.00941856947741835,False,False
3BUK,149,0.2525,0.0,False,False
3BUK,150,0.1615,0.004702409870477483,False,True
3BUK,151,0.3722,0.0074844398815689375,False,False
3BUK,152,0.491,0.007502772863520116,False,False
3BUK,153,0.1862,0.009432319213881735,False,True
3BUK,154,0.173,0.004702409870477483,False,True
3BUK,155,0.1007,0.0027866132565792495,False,True
3BUK,156,0.3816,0.00941856947741835,False,False
3BUK,157,0.2524,0.0,False,False
3BUK,158,0.7482,0.00941856947741835,False,False
3G3A,0,0.83,0.011242642682362278,False,False
3G3A,1,0.3926,0.0,False,False
3G3A,2,0.0363,0.0,False,True
3G3A,3,0.759,0.011242642682362278,False,False
3G3A,4,0.3583,0.009093313934263606,False,False
3G3A,5,0.1027,0.0,False,True
3G3A,6,0.3901,0.011242642682362278,False,False
3G3A,7,0.3243,0.0,False,False
3G3A,8,0.5076,0.009093313934263606,False,False
3G3A,9,0.7829,0.009093313934263606,False,False
3G3A,10,0.3357,0.011441042259109848,False,False
3G3A,11,0.2611,0.009093313934263606,False,False
3G3A,12,0.0278,0.0034389259969578737,False,True
3G3A,13,0.2506,0.0067455856094173665,False,False
3G3A,14,0.0,0.0,False,True
3G3A,15,0.1175,0.0034389259969578737,False,True
3G3A,16,0.4664,0.009093313934263606,False,False
3G3A,17,0.3103,0.006877851993915747,False,False
3G3A,18,0.5326,0.009093313934263606,False,False
3G3A,19,0.1142,0.0034389259969578737,False,True
3G3A,20,0.4865,0.0068117188016665565,False,False
3G3A,21,0.4203,0.011242642682362278,False,False
3G3A,22,0.1559,0.0,False,True
3G3A,23,0.0632,0.0,False,True
3G3A,24,0.6988,0.011242642682362278,False,False
3G3A,25,0.3503,0.0,False,False
3G3A,26,0.0123,0.0,False,True
3G3A,27,0.2354,0.0068117188016665565,False,True
3G3A,28,0.416,0.011242642682362278,False,False
3G3A,29,0.5536,0.008894914357516038,False,False
3G3A,30,0.0327,0.0,False,True
3G3A,31,0.3231,0.0034389259969578737,False,False
3G3A,32,0.1388,0.011441042259109848,False,True
3G3A,33,0.0,0.0,False,True
3G3A,34,0.213,0.005522121552807354,False,True
3G3A,35,0.0,0.0,False,True
3G3A,36,0.3206,0.0068117188016665565,True,False
3G3A,37,0.4616,0.011242642682362278,True,False
3G3A,38,0.0495,0.0,False,True
3G3A,39,0.4373,0.011441042259109848,False,False
3G3A,40,0.0061,0.0,False,True
3G3A,41,0.3477,0.011242642682362278,False,False
3G3A,42,0.4845,0.011242642682362278,False,False
3G3A,43,0.072,0.0,False,True
3G3A,44,0.6053,0.011242642682362278,False,False
3G3A,45,0.6487,0.011242642682362278,False,False
3G3A,46,0.3688,0.0033727928047086833,False,False
3G3A,47,0.2135,0.0068117188016665565,False,True
3G3A,48,0.0,0.0034389259969578737,False,True
3G3A,49,0.2819,0.011044243105614708,False,False
3G3A,50,0.411,0.011242642682362278,False,False
3G3A,51,0.018,0.0,False,True
3G3A,52,0.2736,0.0068117188016665565,False,False
3G3A,53,0.2879,0.011242642682362278,False,False
3G3A,54,0.0,0.0,False,True
3G3A,55,0.2198,0.009093313934263606,False,True
3G3A,56,0.2907,0.009093313934263606,True,False
3G3A,57,0.0,0.0,False,True
3G3A,58,0.0618,0.011441042259109848,False,True
3G3A,59,0.012,0.0,False,True
3G3A,60,0.1117,0.009093313934263606,False,True
3G3A,61,0.3342,0.011242642682362278,True,False
3G3A,62,0.0659,0.0,False,True
3G3A,63,0.4299,0.011441042259109848,False,False
3G3A,64,0.012,0.0034389259969578737,False,True
3G3A,65,0.3976,0.011242642682362278,False,False
3G3A,66,0.3879,0.011044243105614708,False,False
3G3A,67,0.0487,0.0,False,True
3G3A,68,0.1056,0.0,False,True
3G3A,69,0.6571,0.011242642682362278,False,False
3G3A,70,0.2158,0.0068117188016665565,False,True
3G3A,71,0.0257,0.0034389259969578737,False,True
3G3A,72,0.0045,0.0,False,True
3G3A,73,0.2235,0.011242642682362278,False,True
3G3A,74,0.3978,0.011242642682362278,False,False
3G3A,75,0.0173,0.0034389259969578737,False,True
3G3A,76,0.3265,0.009093313934263606,False,False
3G3A,77,0.339,0.011242642682362278,False,False
3G3A,78,0.0,0.0,False,True
3G3A,79,0.2519,0.011044243105614708,False,False
3G3A,80,0.2239,0.009093313934263606,False,True
3G3A,81,0.0,0.0,False,True
3G3A,82,0.0234,0.011044243105614708,False,True
3G3A,83,0.0,0.0,False,True
3G3A,84,0.0556,0.0069439851861649365,False,True
3G3A,85,0.1701,0.011242642682362278,False,True
3G3A,86,0.0399,0.0,False,True
3G3A,87,0.3921,0.011242642682362278,False,False
3G3A,88,0.0,0.0,False,True
3G3A,89,0.4397,0.009159447126512796,False,False
3G3A,90,0.1955,0.0068117188016665565,False,True
3G3A,91,0.0109,0.0,False,True
3G3A,92,0.1823,0.0034389259969578737,False,True
3G3A,93,0.841,0.011044243105614708,False,False
3G3A,94,0.165,0.0,False,True
3G3A,95,0.027,0.0034389259969578737,False,True
3G3A,96,0.0223,0.0,False,True
3G3A,97,0.5005,0.0067455856094173665,False,False
3G3A,98,0.3316,0.011242642682362278,False,False
3G3A,99,0.076,0.0,False,True
3G3A,100,0.7218,0.011242642682362278,False,False
3G3A,101,0.2776,0.009093313934263606,False,False
3G3A,102,0.08,0.0034389259969578737,False,True
3G3A,103,0.3642,0.011441042259109848,False,False
3G3A,104,0.2314,0.011242642682362278,False,True
3G3A,105,0.0,0.0034389259969578737,False,True
3G3A,106,0.2044,0.011242642682362278,False,True
3G3A,107,0.0,0.0,False,True
3G3A,108,0.0901,0.0034389259969578737,False,True
3G3A,109,0.3808,0.011242642682362278,True,False
3G3A,110,0.0673,0.0,False,True
3G3A,111,0.1975,0.009093313934263606,False,True
3G3A,112,0.0,0.0,False,True
3G3A,113,0.2041,0.008894914357516038,False,True
3G3A,114,0.1048,0.0,False,True
3G3A,115,0.2378,0.011242642682362278,False,True
3G3A,116,0.0616,0.0,False,True
3G3A,117,0.2136,0.011242642682362278,False,True
3G3A,118,0.429,0.011441042259109848,False,False
3G3A,119,0.0,0.0,False,True
3G3A,120,0.1935,0.0034389259969578737,False,True
3G3A,121,0.1085,0.0034389259969578737,False,True
3G3A,122,0.0,0.0,False,True
3G3A,123,0.0354,0.0,False,True
3G3A,124,0.5836,0.011441042259109848,False,False
3G3A,125,0.0412,0.0,False,True
3G3A,126,0.0054,0.0,False,True
3G3A,127,0.3831,0.006877851993915747,False,False
3G3A,128,0.4552,0.011242642682362278,False,False
3G3A,129,0.2481,0.0,False,True
3G3A,130,0.4725,0.0,False,False
3G3A,131,0.3839,0.008894914357516038,False,False
3G3A,132,0.1863,0.0068117188016665565,False,True
3G3A,133,0.0,0.0,False,True
3G3A,134,0.151,0.009159447126512796,False,True
3G3A,135,0.0671,0.0,False,True
3G3A,136,0.5286,0.0033727928047086833,True,False
3G3A,137,0.7904,0.0068117188016665565,True,False
3G3A,138,0.6185,0.0068117188016665565,True,False
3G3A,139,0.4379,0.008961047549765228,True,False
3G3A,140,0.2999,0.005720521129554924,True,False
3G3A,141,0.1367,0.008961047549765228,False,True
3G3A,142,0.211,0.011044243105614708,False,True
3G3A,143,0.0873,0.009093313934263606,False,True
3G3A,144,0.0,0.0,False,True
3G3A,145,0.3096,0.009159447126512796,True,False
3G3A,146,0.0427,0.0,False,True
3G3A,147,0.3917,0.011242642682362278,False,False
3G3A,148,0.8783,0.008961047549765228,False,False
3G3A,149,0.5879,0.009093313934263606,False,False
3G3A,150,0.4622,0.011242642682362278,True,False
3G3A,151,0.407,0.011242642682362278,False,False
3G3A,152,0.1738,0.0,False,True
3G3A,153,0.0,0.0,False,True
3G3A,154,0.3118,0.003571192381456253,False,False
3G3A,155,0.4865,0.011044243105614708,False,False
3G3A,156,0.1272,0.0,False,True
3G3A,157,0.4811,0.011242642682362278,False,False
3G3A,158,0.6364,0.011044243105614708,False,False
3G3A,159,0.7625,0.011242642682362278,False,False
3G3A,160,0.4854,0.011242642682362278,False,False
3G3A,161,0.1386,0.0,False,True
3G3A,162,0.2541,0.0,False,False
3G3A,163,0.6597,0.011242642682362278,False,False
3G3A,164,0.6244,0.011242642682362278,False,False
3G3A,165,0.5492,0.011242642682362278,False,False
3G3A,166,0.5621,0.0,False,False
3G3B,0,0.9605,0.010692874220561557,False,False
3G3B,1,0.4065,0.0,False,False
3G3B,2,0.0523,0.0032619273605420935,False,True
3G3B,3,0.781,0.010692874220561557,False,False
3G3B,4,0.3608,0.010692874220561557,False,False
3G3B,5,0.0915,0.0,False,True
3G3B,6,0.3996,0.010692874220561557,False,False
3G3B,7,0.3436,0.0,False,False
3G3B,8,0.577,0.010692874220561557,False,False
3G3B,9,0.7981,0.010692874220561557,False,False
3G3B,10,0.3131,0.010692874220561557,False,False
3G3B,11,0.24,0.010692874220561557,False,True
3G3B,12,0.0278,0.0,False,True
3G3B,13,0.2388,0.008716494659570122,False,True
3G3B,14,0.0,0.0,False,True
3G3B,15,0.0968,0.00848821981665926,False,True
3G3B,16,0.4548,0.010692874220561557,False,False
3G3B,17,0.3574,0.008722501892278306,False,False
3G3B,18,0.6285,0.010692874220561557,False,False
3G3B,19,0.0781,0.0,False,True
3G3B,20,0.5374,0.008722501892278306,False,False
3G3B,21,0.4638,0.010692874220561557,False,False
3G3B,22,0.1598,0.0,False,True
3G3B,23,0.0556,0.0032619273605420935,False,True
3G3B,24,0.7003,0.010692874220561557,False,False
3G3B,25,0.3916,0.0,False,False
3G3B,26,0.0307,0.0,False,True
3G3B,27,0.2506,0.006517847488376006,False,False
3G3B,28,0.4214,0.010692874220561557,False,False
3G3B,29,0.4592,0.010692874220561557,False,False
3G3B,30,0.0258,0.0,False,True
3G3B,31,0.3425,0.00848821981665926,False,False
3G3B,32,0.1457,0.010692874220561557,False,True
3G3B,33,0.0,0.0,False,True
3G3B,34,0.1743,0.005460574531736212,False,True
3G3B,35,0.0,0.0,False,True
3G3B,36,0.2977,0.00848821981665926,True,False
3G3B,37,0.4546,0.00848821981665926,False,False
3G3B,38,0.079,0.0,False,True
3G3B,39,0.5484,0.008722501892278306,False,False
3G3B,40,0.0184,0.0,False,True
3G3B,41,0.4006,0.008722501892278306,False,False
3G3B,42,0.4748,0.00848821981665926,False,False
3G3B,43,0.0608,0.0,False,True
3G3B,44,0.4067,0.010692874220561557,False,False
3G3B,45,0.6892,0.010692874220561557,False,False
3G3B,46,0.3094,0.008722501892278306,False,False
3G3B,47,0.2021,0.006517847488376006,False,True
3G3B,48,0.005,0.0,False,True
3G3B,49,0.2979,0.010921149063472423,False,False
3G3B,50,0.413,0.010921149063472423,False,False
3G3B,51,0.006,0.0,False,True
3G3B,52,0.2674,0.005460574531736212,False,False
3G3B,53,0.3147,0.010692874220561557,False,False
3G3B,54,0.0053,0.0,False,True
3G3B,55,0.2385,0.010692874220561557,False,True
3G3B,56,0.3115,0.010692874220561557,True,False
3G3B,57,0.0,0.0,False,True
3G3B,58,0.0555,0.00848821981665926,False,True
3G3B,59,0.024,0.0,False,True
3G3B,60,0.1006,0.00848821981665926,False,True
3G3B,61,0.3333,0.010692874220561557,True,False
3G3B,62,0.0879,0.0,False,True
3G3B,63,0.3572,0.008722501892278306,False,False
3G3B,64,0.018,0.0,False,True
3G3B,65,0.488,0.008722501892278306,False,False
3G3B,66,0.5475,0.010692874220561557,False,False
3G3B,67,0.0641,0.0,False,True
3G3B,68,0.1367,0.0,False,True
3G3B,69,0.6561,0.010692874220561557,False,False
3G3B,70,0.34,0.0032619273605420935,False,False
3G3B,71,0.0333,0.0032619273605420935,False,True
3G3B,72,0.0046,0.0,False,True
3G3B,73,0.3103,0.010921149063472423,False,False
3G3B,74,0.4586,0.008722501892278306,False,False
3G3B,75,0.006,0.0,False,True
3G3B,76,0.2588,0.0074309468600194635,False,False
3G3B,77,0.3275,0.010692874220561557,False,False
3G3B,78,0.0,0.0,False,True
3G3B,79,0.2238,0.010692874220561557,False,True
3G3B,80,0.2322,0.00848821981665926,False,True
3G3B,81,0.0,0.0,False,True
3G3B,82,0.0528,0.010921149063472423,False,True
3G3B,83,0.0,0.0,False,True
3G3B,84,0.039,0.008716494659570122,False,True
3G3B,85,0.2277,0.00848821981665926,False,True
3G3B,86,0.011,0.0,False,True
3G3B,87,0.4476,0.008722501892278306,False,False
3G3B,88,0.0,0.0,False,True
3G3B,89,0.418,0.008722501892278306,False,False
3G3B,90,0.2103,0.0032619273605420935,False,True
3G3B,91,0.0054,0.0,False,True
3G3B,92,0.2354,0.0032619273605420935,False,True
3G3B,93,0.88,0.010921149063472423,False,False
3G3B,94,0.1753,0.0032559201278339125,False,True
3G3B,95,0.0634,0.0032619273605420935,False,True
3G3B,96,0.0268,0.0,False,True
3G3B,97,0.5331,0.010921149063472423,False,False
3G3B,98,0.3656,0.008722501892278306,False,False
3G3B,99,0.0806,0.0,False,True
3G3B,100,0.6774,0.008722501892278306,False,False
3G3B,101,0.2482,0.008722501892278306,False,True
3G3B,102,0.0973,0.0,False,True
3G3B,103,0.3985,0.010464599377650692,False,False
3G3B,104,0.2324,0.010692874220561557,False,True
3G3B,105,0.0,0.0,False,True
3G3B,106,0.1883,0.010464599377650692,False,True
3G3B,107,0.0,0.0,False,True
3G3B,108,0.1021,0.00848821981665926,False,True
3G3B,109,0.4548,0.010692874220561557,False,False
3G3B,110,0.057,0.0,False,True
3G3B,111,0.2339,0.0032619273605420935,False,True
3G3B,112,0.0,0.0,False,True
3G3B,113,0.2333,0.008716494659570122,False,True
3G3B,114,0.1055,0.0,False,True
3G3B,115,0.3209,0.010692874220561557,False,False
3G3B,116,0.0231,0.005232299688825346,False,True
3G3B,117,0.2213,0.008722501892278306,False,True
3G3B,118,0.352,0.010692874220561557,False,False
3G3B,119,0.0,0.0032559201278339125,False,True
3G3B,120,0.1842,0.0032619273605420935,False,True
3G3B,121,0.1492,0.0,False,True
3G3B,122,0.0,0.0032559201278339125,False,True
3G3B,123,0.0216,0.0,False,True
3G3B,124,0.5895,0.010692874220561557,False,False
3G3B,125,0.0408,0.0032619273605420935,False,True
3G3B,126,0.0,0.0,False,True
3G3B,127,0.4176,0.008722501892278306,False,False
3G3B,128,0.4657,0.010692874220561557,False,False
3G3B,129,0.1667,0.0,False,True
3G3B,130,0.3493,0.006517847488376006,False,False
3G3B,131,0.5236,0.010921149063472423,False,False
3G3B,132,0.0421,0.006517847488376006,False,True
3G3B,133,0.0,0.0,False,True
3G3B,134,0.1057,0.006517847488376006,False,True
3G3B,135,0.0451,0.0,False,True
3G3B,136,0.5022,0.010692874220561557,True,False
3G3B,137,0.7565,0.006517847488376006,True,False
3G3B,138,0.59,0.0032619273605420935,True,False
3G3B,139,0.455,0.006517847488376006,True,False
3G3B,140,0.3235,0.0032559201278339125,True,False
3G3B,141,0.2373,0.006517847488376006,False,True
3G3B,142,0.22,0.008716494659570122,False,True
3G3B,143,0.0735,0.006517847488376006,False,True
3G3B,144,0.0,0.0032559201278339125,False,True
3G3B,145,0.2982,0.008722501892278306,True,False
3G3B,146,0.0278,0.0,False,True
3G3B,147,0.466,0.008722501892278306,False,False
3G3B,148,0.8342,0.008722501892278306,False,False
3G3B,149,0.5528,0.006517847488376006,False,False
3G3B,150,0.4779,0.010692874220561557,True,False
3G3B,151,0.3759,0.010692874220561557,False,False
3G3B,152,0.1359,0.0,False,True
3G3B,153,0.0,0.0,False,True
3G3B,154,0.2995,0.006523854721084187,False,False
3G3B,155,0.5582,0.010692874220561557,False,False
3G3B,156,0.1325,0.0032559201278339125,False,True
3G3B,157,0.4959,0.008722501892278306,False,False
3G3B,158,0.6714,0.010692874220561557,False,False
3G3B,159,0.8042,0.00848821981665926,False,False
3G3B,160,0.4429,0.00848821981665926,False,False
3G3B,161,0.1441,0.0032559201278339125,False,True
3G3B,162,0.2283,0.0032619273605420935,False,True
3G3B,163,0.5982,0.010692874220561557,False,False
3G3B,164,0.6265,0.010692874220561557,False,False
3G3B,165,0.5384,0.008722501892278306,False,False
3G3B,166,0.1634,0.008716494659570122,False,True
3G3B,167,0.7146,0.00848821981665926,False,False
3G3B,168,1.2131,0.010692874220561557,False,False
3GDU,0,0.8638,0.007220216606498193,False,False
3GDU,1,0.602,0.004419178433341165,True,False
3GDU,2,0.7226,0.0022456368957340903,True,False
3GDU,3,0.724,0.007089376882489905,False,False
3GDU,4,0.5847,0.007220216606498193,True,False
3GDU,5,0.7337,0.007089376882489905,True,False
3GDU,6,0.659,0.0,True,False
3GDU,7,0.8255,0.004419178433341165,True,False
3GDU,8,0.5239,0.0,True,False
3GDU,9,0.3632,0.0,True,False
3GDU,10,0.3276,0.0,True,False
3GDU,11,0.4423,0.007220216606498193,False,False
3GDU,12,0.0,0.0,False,True
3GDU,13,0.1658,0.0,False,True
3GDU,14,0.6416,0.007220216606498193,True,False
3GDU,15,0.4387,0.005652810116847882,False,False
3GDU,16,0.0,0.0,False,True
3GDU,17,0.0468,0.0022456368957340903,False,True
3GDU,18,0.2734,0.0022456368957340903,False,False
3GDU,19,0.0,0.0,False,True
3GDU,20,0.0069,0.0,False,True
3GDU,21,0.0,0.0,False,True
3GDU,22,0.1069,0.005652810116847882,False,True
3GDU,23,0.0131,0.0,False,True
3GDU,24,0.1657,0.005783649840856172,False,True
3GDU,25,0.0112,0.0036101083032490963,False,True
3GDU,26,0.1997,0.004843739986755815,False,True
3GDU,27,0.0618,0.0069585371584816175,False,True
3GDU,28,0.5719,0.007220216606498193,False,False
3GDU,29,0.9423,0.007220216606498193,False,False
3GDU,30,0.6321,0.005783649840856171,False,False
3GDU,31,0.4029,0.004419178433341165,False,False
3GDU,32,0.435,0.007089376882489905,False,False
3GDU,33,0.3282,0.005724905474974899,False,False
3GDU,34,0.2244,0.004419178433341165,False,True
3GDU,35,0.0232,0.0,False,True
3GDU,36,0.0,0.0,False,True
3GDU,37,0.0,0.0,False,True
3GDU,38,0.0,0.0,False,True
3GDU,39,0.0061,0.0,False,True
3GDU,40,0.0879,0.0,False,True
3GDU,41,0.1307,0.005855745198983186,False,True
3GDU,42,0.4777,0.005724905474974899,False,False
3GDU,43,0.5031,0.007220216606498193,False,False
3GDU,44,0.0,0.0,False,True
3GDU,45,0.1268,0.0,False,True
3GDU,46,0.0,0.0,False,True
3GDU,47,0.0061,0.0,False,True
3GDU,48,0.0,0.0,False,True
3GDU,49,0.0112,0.0,False,True
3GDU,50,0.148,0.005783649840856171,False,True
3GDU,51,0.4502,0.004419178433341165,False,False
3GDU,52,0.0686,0.0021735415376070745,False,True
3GDU,53,0.0408,0.0,False,True
3GDU,54,0.3736,0.0069585371584816175,False,False
3GDU,55,0.64,0.007220216606498193,False,False
3GDU,56,0.2416,0.0,False,True
3GDU,57,0.6609,0.007220216606498193,False,False
3GDU,58,0.2031,0.004347083075214149,False,True
3GDU,59,0.0718,0.0,False,True
3GDU,60,0.1716,0.0021147971717258023,False,True
3GDU,61,0.0,0.0,False,True
3GDU,62,0.1113,0.007089376882489905,False,True
3GDU,63,0.0693,0.0,False,True
3GDU,64,0.3359,0.007089376882489905,False,False
3GDU,65,0.4643,0.0044912737914681805,False,False
3GDU,66,0.4499,0.0,False,False
3GDU,67,0.2298,0.004347083075214149,False,True
3GDU,68,0.5048,0.007220216606498193,False,False
3GDU,69,0.1912,0.005783649840856172,False,True
3GDU,70,0.4713,0.005855745198983186,False,False
3GDU,71,0.0664,0.0,False,True
3GDU,72,0.5581,0.007220216606498193,False,False
3GDU,73,0.381,0.0022456368957340903,False,False
3GDU,74,0.2026,0.0,False,True
3GDU,75,0.0348,0.0,False,True
3GDU,76,0.2983,0.007089376882489905,False,False
3GDU,77,0.0507,0.0044912737914681805,False,True
3GDU,78,0.5633,0.007220216606498193,False,False
3GDU,79,0.3506,0.007220216606498193,False,False
3GDU,80,0.0983,0.004419178433341165,False,True
3GDU,81,0.141,0.0044912737914681805,False,True
3GDU,82,0.018,0.0,False,True
3GDU,83,0.0,0.0,False,True
3GDU,84,0.0069,0.0,False,True
3GDU,85,0.0,0.0,False,True
3GDU,86,0.2225,0.0069585371584816175,False,True
3GDU,87,0.0238,0.0,False,True
3GDU,88,0.6342,0.007220216606498193,False,False
3GDU,89,0.3196,0.0,False,False
3GDU,90,0.6658,0.007220216606498193,False,False
3GDU,91,0.8266,0.004419178433341165,False,False
3GDU,92,0.2456,0.0,False,True
3GDU,93,0.0713,0.005783649840856172,False,True
3GDU,94,0.2195,0.004419178433341165,False,True
3GDU,95,0.3043,0.0,False,False
3GDU,96,0.0381,0.0,False,True
3GDU,97,0.243,0.0,False,True
3GDU,98,0.3734,0.0022456368957340903,False,False
3GDU,99,0.2419,0.005855745198983186,False,True
3GDU,100,0.6955,0.005914489564864459,False,False
3GDU,101,0.3314,0.007089376882489905,False,False
3GDU,102,0.3453,0.004288338709332876,False,False
3GDU,103,0.47,0.007089376882489905,False,False
3GDU,104,0.1712,0.0021735415376070745,False,True
3GDU,105,0.4656,0.007089376882489905,False,False
3GDU,106,0.5739,0.0,False,False
3GDU,107,0.3905,0.0,False,False
3GDU,108,0.1985,0.0044912737914681805,False,True
3GDU,109,0.2305,0.0021735415376070745,False,True
3GDU,110,0.0,0.0,False,True
3GDU,111,0.024,0.0,False,True
3GDU,112,0.0,0.0,False,True
3GDU,113,0.0061,0.0,False,True
3GDU,114,0.0116,0.0,False,True
3GDU,115,0.0056,0.0021735415376070745,False,True
3GDU,116,0.076,0.0,False,True
3GDU,117,0.517,0.004419178433341165,True,False
3GDU,118,0.3949,0.005724905474974899,False,False
3GDU,119,0.6659,0.004419178433341165,True,False
3GDU,120,0.2322,0.0,False,True
3GDU,121,0.2494,0.0022456368957340903,False,True
3GDU,122,0.2362,0.0036101083032490963,False,True
3GDU,123,0.302,0.0,True,False
3GDU,124,0.1685,0.0,False,True
3GDU,125,0.4149,0.0,True,False
3GDU,126,0.0464,0.0,False,True
3GDU,127,0.3065,0.0,False,False
3GDU,128,0.0,0.0,False,True
3GDU,129,0.2628,0.0,False,False
3GDU,130,0.0281,0.0021735415376070745,False,True
3GDU,131,0.363,0.004419178433341165,False,False
3GDU,132,0.4409,0.004419178433341165,False,False
3GDU,133,0.3963,0.0021735415376070745,False,False
3GDU,134,0.3655,0.007089376882489905,False,False
3GDU,135,0.1561,0.0,False,True
3GDU,136,0.4392,0.004419178433341165,False,False
3GDU,137,0.4118,0.007089376882489905,False,False
3GDU,138,0.5172,0.007089376882489905,False,False
3GDU,139,0.5659,0.007220216606498193,False,False
3GDU,140,0.2301,0.004419178433341165,False,True
3GDU,141,0.1718,0.005724905474974899,False,True
3GDU,142,0.1325,0.0069585371584816175,False,True
3GDU,143,0.3143,0.007089376882489905,False,False
3GDU,144,0.0453,0.0,False,True
3GDU,145,0.0421,0.0,False,True
3GDU,146,0.1064,0.0021735415376070745,False,True
3GDU,147,0.007,0.0,False,True
3GDU,148,0.3505,0.0044912737914681805,True,False
3GDU,149,0.0083,0.0,False,True
3GDU,150,0.4246,0.0,True,False
3GDU,151,0.1306,0.0,False,True
3GDU,152,0.2726,0.0021735415376070745,True,False
3GDU,153,0.5308,0.0069585371584816175,True,False
3GDU,154,0.1062,0.0,False,True
3GDU,155,0.0786,0.0044912737914681805,False,True
3GDU,156,0.0105,0.0,False,True
3GDU,157,0.0,0.0,False,True
3GDU,158,0.0,0.0,False,True
3GDU,159,0.006,0.0,False,True
3GDU,160,0.0,0.0,False,True
3GDU,161,0.0528,0.004550018157349453,False,True
3GDU,162,0.2818,0.0,False,False
3GDU,163,0.3351,0.004419178433341165,False,False
3GDU,164,0.0,0.0,False,True
3GDU,165,0.1022,0.0,False,True
3GDU,166,0.0107,0.0,False,True
3GDU,167,0.0,0.0,False,True
3GDU,168,0.0,0.0,False,True
3GDU,169,0.0,0.0,False,True
3GDU,170,0.0124,0.0,False,True
3GDU,171,0.1153,0.0022456368957340903,False,True
3GDU,172,0.2824,0.007220216606498193,False,False
3GDU,173,0.3248,0.004347083075214149,True,False
3GDU,174,0.2912,0.0008090701300920681,False,False
3GDU,175,0.5813,0.004419178433341165,True,False
3GDU,176,0.2367,0.007089376882489905,False,True
3GDU,177,0.4771,0.0,False,False
3GDU,178,0.5812,0.007089376882489905,False,False
3GDU,179,0.7218,0.005724905474974899,False,False
3GDU,180,0.63,0.0022456368957340903,False,False
3GDU,181,0.4224,0.005724905474974899,False,False
3GDU,182,0.6248,0.0021735415376070745,True,False
3GDU,183,0.2057,0.0,False,True
3GDU,184,0.7486,0.007220216606498193,True,False
3GDU,185,0.2741,0.0,True,False
3GDU,186,0.2907,0.0,True,False
3GDU,187,0.0105,0.0021735415376070745,False,True
3GDU,188,0.0397,0.0,False,True
3GDU,189,0.0,0.0,False,True
3GDU,190,0.0061,0.0,False,True
3GDU,191,0.0304,0.0021735415376070745,False,True
3GDU,192,0.0151,0.004419178433341165,False,True
3GDU,193,0.3314,0.005783649840856172,False,False
3GDU,194,0.1977,0.0069585371584816175,False,True
3GDU,195,0.0083,0.0,False,True
3GDU,196,0.2363,0.0022456368957340903,False,True
3GDU,197,0.4707,0.0069585371584816175,False,False
3GDU,198,0.0981,0.0021735415376070745,False,True
3GDU,199,0.0485,0.0,False,True
3GDU,200,0.3875,0.0069585371584816175,False,False
3GDU,201,0.2189,0.007220216606498193,False,True
3GDU,202,0.0053,0.0,False,True
3GDU,203,0.2102,0.0022456368957340903,False,True
3GDU,204,0.5863,0.007089376882489905,False,False
3GDU,205,0.1542,0.007089376882489905,False,True
3GDU,206,0.5702,0.005783649840856172,False,False
3GDU,207,0.395,0.0069585371584816175,False,False
3GDU,208,0.1451,0.0,False,True
3GDU,209,0.2281,0.005783649840856172,False,True
3GDU,210,0.1607,0.004347083075214149,False,True
3GDU,211,0.0515,0.0,False,True
3GDU,212,0.1586,0.004419178433341165,False,True
3GDU,213,0.1337,0.0,False,True
3GDU,214,0.0,0.0,False,True
3GDU,215,0.2082,0.0,False,True
3GDU,216,0.2645,0.005783649840856172,False,False
3GDU,217,0.3825,0.0,False,False
3GDU,218,0.1626,0.007089376882489905,False,True
3GDU,219,0.6394,0.007220216606498193,False,False
3GDU,220,0.7122,0.007089376882489905,False,False
3GDU,221,0.0522,0.0,False,True
3GDU,222,0.092,0.0,False,True
3GDU,223,0.1874,0.007089376882489905,False,True
3GDU,224,0.0,0.0,False,True
3GDU,225,0.5233,0.007089376882489905,False,False
3GDU,226,0.3692,0.007220216606498193,False,False
3GDU,227,0.2326,0.0021735415376070745,False,True
3GDU,228,0.1469,0.007089376882489905,False,True
3GDU,229,0.7011,0.007089376882489905,False,False
3GDU,230,0.6557,0.005783649840856171,False,False
3GDU,231,0.0348,0.0,False,True
3GDU,232,0.0421,0.0021735415376070745,False,True
3GDU,233,0.0,0.0021735415376070745,False,True
3GDU,234,0.2691,0.005855745198983186,False,False
3GDU,235,0.5984,0.0069585371584816175,False,False
3GDU,236,0.1599,0.0,False,True
3GDU,237,0.4074,0.0022456368957340903,False,False
3GDU,238,0.0496,0.0,False,True
3GDU,239,0.4897,0.007089376882489905,False,False
3GDU,240,0.44,0.0069585371584816175,False,False
3GDU,241,0.6109,0.007089376882489905,False,False
3GDU,242,0.0188,0.0044912737914681805,False,True
3GDU,243,0.2824,0.007089376882489905,False,False
3GDU,244,0.0613,0.0021735415376070745,False,True
3GDU,245,0.1948,0.005724905474974899,False,True
3GDU,246,0.1219,0.005724905474974899,False,True
3GDU,247,0.0347,0.0021735415376070745,False,True
3GDU,248,0.2054,0.0034792685792408087,False,True
3GDU,249,0.5971,0.0021735415376070745,False,False
3GDU,250,0.4767,0.007089376882489905,False,False
3GDU,251,0.5273,0.005724905474974899,False,False
3GDU,252,0.0,0.0021735415376070745,False,True
3GDU,253,0.4734,0.007089376882489905,False,False
3GDU,254,0.2554,0.005724905474974899,False,False
3GDU,255,0.1954,0.005724905474974899,False,True
3GDU,256,0.4352,0.0069585371584816175,False,False
3GDU,257,0.6306,0.007220216606498193,False,False
3GDU,258,0.0951,0.0022456368957340903,False,True
3GDU,259,0.3936,0.005783649840856172,False,False
3GDU,260,0.3089,0.007220216606498193,False,False
3GDU,261,0.1852,0.007089376882489905,False,True
3GDU,262,0.0694,0.0,False,True
3GDU,263,0.1394,0.005783649840856172,False,True
3GDU,264,0.458,0.007220216606498193,False,False
3GDU,265,0.1097,0.0,False,True
3GDU,266,0.6703,0.007089376882489905,False,False
3GDU,267,0.3625,0.0,False,False
3GDU,268,0.4306,0.0,False,False
3GDU,269,0.3116,0.007089376882489905,False,False
3GDU,270,0.4559,0.007089376882489905,False,False
3GDU,271,0.0429,0.0,False,True
3GDU,272,0.3181,0.007089376882489905,False,False
3GDU,273,0.0,0.0,False,True
3GDU,274,0.0972,0.005724905474974899,False,True
3GDU,275,0.0,0.0034792685792408087,False,True
3GDU,276,0.3583,0.007089376882489905,False,False
3GDU,277,0.183,0.0069585371584816175,False,True
3GDU,278,0.7145,0.007220216606498193,False,False
3GDU,279,0.7665,0.005724905474974899,False,False
3GDU,280,0.1535,0.0069585371584816175,False,True
3GDU,281,0.5363,0.007089376882489905,False,False
3GDU,282,0.3605,0.005855745198983186,False,False
3GDU,283,0.5624,0.005724905474974899,False,False
3GDU,284,0.2363,0.004843739986755815,False,True
3GDU,285,0.6049,0.007089376882489905,False,False
3GDU,286,0.0139,0.0,False,True
3GDU,287,0.362,0.007089376882489905,False,False
3GDU,288,0.0,0.0,False,True
3GDU,289,0.2751,0.007220216606498193,False,False
3GDU,290,0.3662,0.005783649840856171,False,False
3GDU,291,0.5047,0.0069585371584816175,False,False
3GDU,292,0.5138,0.004419178433341165,False,False
3GDU,293,1.1584,0.007089376882489905,False,False
3GDV,0,0.6451,0.006748166259168704,False,False
3GDV,1,0.5803,0.004254278728606357,True,False
3GDV,2,0.6742,0.006772616136919316,True,False
3GDV,3,0.7358,0.006772616136919316,False,False
3GDV,4,0.5565,0.006748166259168704,True,False
3GDV,5,0.7472,0.006772616136919316,True,False
3GDV,6,0.616,0.0021026894865525674,True,False
3GDV,7,0.852,0.006772616136919316,True,False
3GDV,8,0.5308,0.0021026894865525674,True,False
3GDV,9,0.3598,0.0,True,False
3GDV,10,0.3222,0.004254278728606357,True,False
3GDV,11,0.4598,0.006772616136919316,False,False
3GDV,12,0.0,0.0,False,True
3GDV,13,0.2352,0.0,False,True
3GDV,14,0.649,0.006748166259168704,True,False
3GDV,15,0.4183,0.0033985330073349634,False,False
3GDV,16,0.0,0.0,False,True
3GDV,17,0.0468,0.004254278728606357,False,True
3GDV,18,0.346,0.0,False,False
3GDV,19,0.0094,0.0,False,True
3GDV,20,0.0139,0.0021026894865525674,False,True
3GDV,21,0.0,0.0,False,True
3GDV,22,0.112,0.004205378973105135,False,True
3GDV,23,0.0062,0.0,False,True
3GDV,24,0.1458,0.004254278728606357,False,True
3GDV,25,0.0,0.004254278728606357,False,True
3GDV,26,0.0922,0.0,False,True
3GDV,27,0.0219,0.006797066014669927,False,True
3GDV,28,0.5412,0.006797066014669927,False,False
3GDV,29,0.6201,0.006748166259168704,False,False
3GDV,30,0.846,0.006772616136919316,False,False
3GDV,31,0.5344,0.006797066014669927,False,False
3GDV,32,0.5333,0.004254278728606357,False,False
3GDV,33,0.3402,0.006772616136919316,False,False
3GDV,34,0.4442,0.006772616136919316,False,False
3GDV,35,0.551,0.00547677261613692,False,False
3GDV,36,0.2978,0.0021026894865525674,False,False
3GDV,37,0.2238,0.004254278728606357,False,True
3GDV,38,0.0451,0.0,False,True
3GDV,39,0.0,0.0,False,True
3GDV,40,0.0,0.0,False,True
3GDV,41,0.0,0.0,False,True
3GDV,42,0.0,0.0,False,True
3GDV,43,0.0873,0.0,False,True
3GDV,44,0.1606,0.003374083129584352,False,True
3GDV,45,0.5212,0.006772616136919316,False,False
3GDV,46,0.4873,0.006748166259168704,False,False
3GDV,47,0.0,0.0,False,True
3GDV,48,0.1344,0.0021026894865525674,False,True
3GDV,49,0.0,0.0,False,True
3GDV,50,0.0123,0.0021026894865525674,False,True
3GDV,51,0.0,0.0,False,True
3GDV,52,0.0112,0.0021515892420537895,False,True
3GDV,53,0.1587,0.004254278728606357,False,True
3GDV,54,0.438,0.004254278728606357,False,False
3GDV,55,0.0486,0.0021026894865525674,False,True
3GDV,56,0.0463,0.0021026894865525674,False,True
3GDV,57,0.3313,0.006748166259168704,False,False
3GDV,58,0.6679,0.005550122249388753,False,False
3GDV,59,0.241,0.0021026894865525674,False,True
3GDV,60,0.5157,0.004303178484107579,False,False
3GDV,61,0.2004,0.006797066014669927,False,True
3GDV,62,0.0479,0.0,False,True
3GDV,63,0.1287,0.006772616136919316,False,True
3GDV,64,0.0,0.0,False,True
3GDV,65,0.1394,0.006748166259168704,False,True
3GDV,66,0.0646,0.0,False,True
3GDV,67,0.3574,0.00547677261613692,False,False
3GDV,68,0.4783,0.004303178484107579,False,False
3GDV,69,0.4924,0.0,False,False
3GDV,70,0.2582,0.006797066014669927,False,False
3GDV,71,0.5509,0.004254278728606357,False,False
3GDV,72,0.151,0.0,False,True
3GDV,73,0.5285,0.004229828850855746,False,False
3GDV,74,0.0748,0.0,False,True
3GDV,75,0.6008,0.006772616136919316,False,False
3GDV,76,0.3457,0.0021515892420537895,False,False
3GDV,77,0.2542,0.0,False,False
3GDV,78,0.0581,0.0021026894865525674,False,True
3GDV,79,0.2766,0.006772616136919316,False,False
3GDV,80,0.0555,0.004303178484107579,False,True
3GDV,81,0.5833,0.006772616136919316,False,False
3GDV,82,0.3853,0.006797066014669927,False,False
3GDV,83,0.0835,0.005550122249388753,False,True
3GDV,84,0.1528,0.004303178484107579,False,True
3GDV,85,0.018,0.0021026894865525674,False,True
3GDV,86,0.0166,0.0,False,True
3GDV,87,0.0139,0.0,False,True
3GDV,88,0.0,0.0,False,True
3GDV,89,0.2341,0.006797066014669927,False,True
3GDV,90,0.0054,0.0,False,True
3GDV,91,0.6625,0.006748166259168704,False,False
3GDV,92,0.2921,0.0,False,False
3GDV,93,0.6448,0.006748166259168704,False,False
3GDV,94,0.7915,0.0021026894865525674,False,False
3GDV,95,0.2614,0.0,False,False
3GDV,96,0.0613,0.0,False,True
3GDV,97,0.243,0.0021026894865525674,False,True
3GDV,98,0.306,0.0,False,False
3GDV,99,0.0326,0.0,False,True
3GDV,100,0.2279,0.0,False,True
3GDV,101,0.4198,0.004254278728606357,False,False
3GDV,102,0.2141,0.003374083129584352,False,True
3GDV,103,0.7068,0.006748166259168704,False,False
3GDV,104,0.794,0.006772616136919316,False,False
3GDV,105,0.3541,0.0021515892420537895,False,False
3GDV,106,0.5039,0.006748166259168704,False,False
3GDV,107,0.1121,0.0,False,True
3GDV,108,0.4656,0.006797066014669927,False,False
3GDV,109,0.5738,0.0,False,False
3GDV,110,0.4344,0.0,False,False
3GDV,111,0.2103,0.004303178484107579,False,True
3GDV,112,0.2713,0.005550122249388753,False,False
3GDV,113,0.0,0.0,False,True
3GDV,114,0.036,0.0,False,True
3GDV,115,0.0,0.0,False,True
3GDV,116,0.0061,0.0,False,True
3GDV,117,0.0348,0.0,False,True
3GDV,118,0.0056,0.0021026894865525674,False,True
3GDV,119,0.0608,0.0021026894865525674,False,True
3GDV,120,0.5277,0.0,True,False
3GDV,121,0.4014,0.005550122249388753,False,False
3GDV,122,0.6786,0.004254278728606357,True,False
3GDV,123,0.2542,0.0,True,False
3GDV,124,0.299,0.004254278728606357,True,False
3GDV,125,0.2354,0.0,False,True
3GDV,126,0.3469,0.0,True,False
3GDV,127,0.1739,0.0,False,True
3GDV,128,0.4493,0.004254278728606357,True,False
3GDV,129,0.0348,0.0,False,True
3GDV,130,0.331,0.0,False,False
3GDV,131,0.0116,0.0,False,True
3GDV,132,0.2766,0.0,False,False
3GDV,133,0.0468,0.004254278728606357,False,True
3GDV,134,0.3911,0.004254278728606357,False,False
3GDV,135,0.4026,0.004254278728606357,False,False
3GDV,136,0.4047,0.0021026894865525674,False,False
3GDV,137,0.3483,0.006772616136919316,False,False
3GDV,138,0.2063,0.0,False,True
3GDV,139,0.4165,0.005550122249388753,False,False
3GDV,140,0.4459,0.006748166259168704,False,False
3GDV,141,0.5105,0.006772616136919316,False,False
3GDV,142,0.5721,0.006772616136919316,False,False
3GDV,143,0.2288,0.005550122249388753,False,True
3GDV,144,0.1409,0.005550122249388753,False,True
3GDV,145,0.1392,0.006797066014669927,False,True
3GDV,146,0.3578,0.006772616136919316,False,False
3GDV,147,0.0403,0.0,False,True
3GDV,148,0.0294,0.0,False,True
3GDV,149,0.136,0.006772616136919316,False,True
3GDV,150,0.007,0.0,False,True
3GDV,151,0.3457,0.004303178484107579,True,False
3GDV,152,0.0249,0.0,False,True
3GDV,153,0.4462,0.0,True,False
3GDV,154,0.1476,0.0021026894865525674,False,True
3GDV,155,0.3124,0.0,True,False
3GDV,156,0.5384,0.005550122249388753,True,False
3GDV,157,0.1073,0.0,False,True
3GDV,158,0.0962,0.004303178484107579,False,True
3GDV,159,0.0315,0.0,False,True
3GDV,160,0.0,0.0,False,True
3GDV,161,0.0,0.0,False,True
3GDV,162,0.0,0.0,False,True
3GDV,163,0.0,0.0,False,True
3GDV,164,0.0573,0.004254278728606357,False,True
3GDV,165,0.3535,0.0,False,False
3GDV,166,0.3051,0.0,False,False
3GDV,167,0.0,0.0,False,True
3GDV,168,0.1094,0.0009290953545232274,False,True
3GDV,169,0.0113,0.0,False,True
3GDV,170,0.0,0.0,False,True
3GDV,171,0.0,0.0,False,True
3GDV,172,0.0,0.0,False,True
3GDV,173,0.0241,0.0021026894865525674,False,True
3GDV,174,0.102,0.004254278728606357,False,True
3GDV,175,0.3057,0.006748166259168704,False,False
3GDV,176,0.2453,0.006772616136919316,False,True
3GDV,177,0.2689,0.004327628361858191,False,False
3GDV,178,0.6374,0.006772616136919316,True,False
3GDV,179,0.5987,0.006772616136919316,False,False
3GDV,180,0.6354,0.005550122249388753,False,False
3GDV,181,1.1641,0.006772616136919316,False,False
3GDV,182,0.6035,0.005550122249388753,False,False
3GDV,183,0.684,0.0,True,False
3GDV,184,0.2226,0.0,False,True
3GDV,185,0.7492,0.006748166259168704,True,False
3GDV,186,0.3179,0.0,True,False
3GDV,187,0.2907,0.0021026894865525674,True,False
3GDV,188,0.0221,0.0,False,True
3GDV,189,0.0588,0.0021026894865525674,False,True
3GDV,190,0.0,0.0,False,True
3GDV,191,0.0061,0.0,False,True
3GDV,192,0.0532,0.0021026894865525674,False,True
3GDV,193,0.0302,0.004254278728606357,False,True
3GDV,194,0.3581,0.006797066014669927,False,False
3GDV,195,0.2097,0.006772616136919316,False,True
3GDV,196,0.0083,0.0,False,True
3GDV,197,0.2511,0.0012224938875305626,False,False
3GDV,198,0.3767,0.006748166259168704,False,False
3GDV,199,0.0674,0.004254278728606357,False,True
3GDV,200,0.0593,0.004254278728606357,False,True
3GDV,201,0.4083,0.006748166259168704,False,False
3GDV,202,0.2416,0.005550122249388753,False,True
3GDV,203,0.0107,0.0,False,True
3GDV,204,0.2347,0.004180929095354524,False,True
3GDV,205,0.5975,0.006772616136919316,False,False
3GDV,206,0.1535,0.005550122249388753,False,True
3GDV,207,0.6359,0.00547677261613692,False,False
3GDV,208,0.4225,0.006797066014669927,False,False
3GDV,209,0.1491,0.0,False,True
3GDV,210,0.2186,0.005550122249388753,False,True
3GDV,211,0.1399,0.006797066014669927,False,True
3GDV,212,0.0618,0.0,False,True
3GDV,213,0.2019,0.004254278728606357,False,True
3GDV,214,0.1214,0.0021026894865525674,False,True
3GDV,215,0.0,0.0,False,True
3GDV,216,0.2813,0.0,False,False
3GDV,217,0.3319,0.005550122249388753,False,False
3GDV,218,0.3529,0.0,False,False
3GDV,219,0.6306,0.006772616136919316,False,False
3GDV,220,0.547,0.006748166259168704,False,False
3GDV,221,0.6568,0.006772616136919316,False,False
3GDV,222,0.0732,0.003447432762836186,False,True
3GDV,223,0.0674,0.0,False,True
3GDV,224,0.2492,0.006797066014669927,False,True
3GDV,225,0.0,0.0,False,True
3GDV,226,0.4728,0.006772616136919316,False,False
3GDV,227,0.2545,0.006772616136919316,False,False
3GDV,228,0.2305,0.0,False,True
3GDV,229,0.2451,0.006748166259168704,False,True
3GDV,230,0.7163,0.006772616136919316,False,False
3GDV,231,0.6501,0.005550122249388753,False,False
3GDV,232,0.0581,0.0,False,True
3GDV,233,0.0937,0.0,False,True
3GDV,234,0.0,0.0,False,True
3GDV,235,0.2961,0.005550122249388753,False,False
3GDV,236,0.5832,0.006797066014669927,False,False
3GDV,237,0.2329,0.0,False,True
3GDV,238,0.3519,0.0,False,False
3GDV,239,0.0551,0.0021026894865525674,False,True
3GDV,240,0.4428,0.006797066014669927,False,False
3GDV,241,0.4489,0.006772616136919316,False,False
3GDV,242,0.6043,0.005550122249388753,False,False
3GDV,243,0.0188,0.004303178484107579,False,True
3GDV,244,0.3119,0.005452322738386308,False,False
3GDV,245,0.0429,0.0,False,True
3GDV,246,0.2738,0.0021515892420537895,False,False
3GDV,247,0.0934,0.005550122249388753,False,True
3GDV,248,0.0416,0.0021026894865525674,False,True
3GDV,249,0.2838,0.0033985330073349634,False,False
3GDV,250,0.6784,0.004254278728606357,False,False
3GDV,251,0.5014,0.006772616136919316,False,False
3GDV,252,0.5551,0.006772616136919316,False,False
3GDV,253,0.0,0.0,False,True
3GDV,254,0.4681,0.006772616136919316,False,False
3GDV,255,0.161,0.006772616136919316,False,True
3GDV,256,0.1477,0.005550122249388753,False,True
3GDV,257,0.3825,0.006772616136919316,False,False
3GDV,258,0.5776,0.006748166259168704,False,False
3GDV,259,0.1365,0.0021026894865525674,False,True
3GDV,260,0.4814,0.006772616136919316,False,False
3GDV,261,0.4211,0.006797066014669927,False,False
3GDV,262,0.2267,0.004254278728606357,False,True
3GDV,263,0.0555,0.0,False,True
3GDV,264,0.1664,0.006748166259168704,False,True
3GDV,265,0.4712,0.006797066014669927,False,False
3GDV,266,0.1287,0.0021026894865525674,False,True
3GDV,267,0.6266,0.006772616136919316,False,False
3GDV,268,0.3086,0.0021026894865525674,False,False
3GDV,269,0.4254,0.0021026894865525674,False,False
3GDV,270,0.2319,0.004254278728606357,False,True
3GDV,271,0.5155,0.005574572127139364,False,False
3GDV,272,0.0429,0.0021026894865525674,False,True
3GDV,273,0.3941,0.006772616136919316,False,False
3GDV,274,0.0069,0.0,False,True
3GDV,275,0.118,0.006772616136919316,False,True
3GDV,276,0.0069,0.0,False,True
3GDV,277,0.2463,0.006797066014669927,False,True
3GDV,278,0.1652,0.006797066014669927,False,True
3GDV,279,0.6433,0.006772616136919316,False,False
3GDV,280,0.7065,0.00547677261613692,False,False
3GDV,281,0.3552,0.006797066014669927,False,False
3GDV,282,0.588,0.006772616136919316,False,False
3GDV,283,0.3064,0.005525672371638142,False,False
3GDV,284,0.5677,0.005550122249388753,False,False
3GDV,285,0.2263,0.003374083129584352,False,True
3GDV,286,0.6331,0.006772616136919316,False,False
3GDV,287,0.0139,0.0,False,True
3GDV,288,0.3535,0.004254278728606357,False,False
3GDV,289,0.0,0.0,False,True
3GDV,290,0.4324,0.006748166259168704,False,False
3GDV,291,0.3755,0.006748166259168704,False,False
3GDV,292,0.5276,0.006772616136919316,False,False
3GDV,293,0.4514,0.004254278728606357,False,False
3GDV,294,1.171,0.005550122249388753,False,False
3MTU,0,0.6605,0.010595861381201695,False,False
3MTU,1,0.6906,0.018627346226448693,False,False
3MTU,2,0.5156,0.01876981158955729,False,False
3MTU,3,0.4982,0.010595861381201695,True,False
3MTU,4,0.47,0.018627346226448693,False,False
3MTU,5,0.4598,0.018627346226448693,False,False
3MTU,6,0.4713,0.0,True,False
3MTU,7,0.5689,0.014834205933682372,False,False
3MTU,8,0.5485,0.01876981158955729,False,False
3MTU,9,0.4178,0.01876981158955729,True,False
3MTU,10,0.6632,0.010595861381201695,True,False
3MTU,11,0.5394,0.01876981158955729,False,False
3MTU,12,0.3376,0.018627346226448693,False,False
3MTU,13,0.4859,0.0,True,False
3MTU,14,0.5205,0.01869857890800299,True,False
3MTU,15,0.4386,0.010293122484595933,False,False
3MTU,16,0.4735,0.01869857890800299,True,False
3MTU,17,0.4788,0.009687644691384407,True,False
3MTU,18,0.3708,0.01869857890800299,False,False
3MTU,19,0.4121,0.01869857890800299,False,False
3MTU,20,0.3317,0.0,True,False
3MTU,21,0.3905,0.01876981158955729,True,False
3MTU,22,0.4652,0.01869857890800299,False,False
3MTU,23,0.6366,0.018627346226448693,True,False
3MTU,24,0.2902,0.005449300138903729,True,False
3MTU,25,0.536,0.018627346226448693,True,False
3MTU,26,0.4816,0.01869857890800299,False,False
3MTU,27,0.4617,0.0,True,False
3MTU,28,0.4387,0.01876981158955729,True,False
3MTU,29,0.4118,0.01876981158955729,False,False
3MTU,30,0.2915,0.01876981158955729,True,False
3MTU,31,0.4805,0.01869857890800299,True,False
3MTU,32,0.5221,0.01869857890800299,False,False
3MTU,33,0.501,0.018627346226448693,True,False
3MTU,34,0.5022,0.014531467037076608,True,False
3MTU,35,0.5128,0.01876981158955729,True,False
3MTU,36,0.342,0.01869857890800299,False,False
3MTU,37,0.454,0.010898600277807457,True,False
3MTU,38,0.4446,0.005449300138903729,True,False
3MTU,39,0.5185,0.018627346226448693,False,False
3MTU,40,0.5222,0.01876981158955729,True,False
3MTU,41,0.3372,0.0,True,False
3MTU,42,0.1658,0.018627346226448693,False,True
3MTU,43,0.4734,0.01876981158955729,False,False
3MTU,44,0.4598,0.0,True,False
3MTU,45,0.0363,0.0,False,True
3MTU,46,0.4487,0.01876981158955729,False,False
3MTU,47,0.5775,0.018627346226448693,True,False
3MTU,48,0.2348,0.010595861381201695,False,True
3MTU,49,0.5395,0.010293122484595933,False,False
3MTU,50,0.7633,0.018627346226448693,False,False
3MTU,51,0.6074,0.018627346226448693,False,False
3MTU,52,0.5722,0.01869857890800299,False,False
3MTU,53,0.3033,0.009313673113224346,True,False
3MTU,54,0.589,0.014531467037076608,False,False
3MTU,55,0.4295,0.010595861381201695,True,False
3MTU,56,0.2043,0.0,False,True
3MTU,57,0.2083,0.018627346226448693,False,True
3MTU,58,0.5727,0.01876981158955729,True,False
3MTU,59,0.3249,0.0,True,False
3MTU,60,0.1805,0.005449300138903729,False,True
3MTU,61,0.2623,0.01876981158955729,False,False
3MTU,62,0.5632,0.005449300138903729,True,False
3MTU,63,0.204,0.005449300138903729,False,True
3MTU,64,0.3835,0.005449300138903729,False,False
3MTU,65,0.2857,0.005449300138903729,True,False
3MTU,66,0.4819,0.009384905794778645,True,False
3MTU,67,0.8753,0.018627346226448693,True,False
3MTU,68,0.7763,0.018627346226448693,False,False
3MTU,69,0.2763,0.0,False,False
3MTU,70,0.4515,0.018627346226448693,False,False
3MTU,71,0.3516,0.005449300138903729,False,False
3MTU,72,0.7676,0.01869857890800299,False,False
3MTU,73,0.6428,0.014531467037076608,False,False
3MTU,74,1.0657,0.018627346226448693,False,False
3NDB,0,0.1066,0.002276125451248498,False,True
3NDB,1,0.5895,0.003872064328380141,False,False
3NDB,2,0.5253,0.003872064328380141,False,False
3NDB,3,0.0824,0.0,False,True
3NDB,4,0.0348,0.0,False,True
3NDB,5,0.418,0.003762992093777883,False,False
3NDB,6,0.1591,0.003762992093777883,False,True
3NDB,7,0.006,0.0,False,True
3NDB,8,0.1182,0.0023208147695924788,False,True
3NDB,9,0.5234,0.003817528211079012,False,False
3NDB,10,0.0459,0.0,False,True
3NDB,11,0.018,0.0011604073847962394,False,True
3NDB,12,0.3805,0.003872064328380141,False,False
3NDB,13,0.3849,0.003762992093777883,False,False
3NDB,14,0.006,0.0,False,True
3NDB,15,0.2848,0.003762992093777883,False,False
3NDB,16,0.5608,0.003872064328380141,False,False
3NDB,17,0.3308,0.003817528211079012,False,False
3NDB,18,0.8483,0.003872064328380141,False,False
3NDB,19,0.6647,0.003872064328380141,False,False
3NDB,20,0.0859,0.0011604073847962394,False,True
3NDB,21,0.4548,0.003817528211079012,False,False
3NDB,22,0.5274,0.003872064328380141,False,False
3NDB,23,0.5981,0.003872064328380141,False,False
3NDB,24,0.1923,0.002276125451248498,False,True
3NDB,25,0.0245,0.0,False,True
3NDB,26,0.4366,0.003762992093777883,False,False
3NDB,27,0.1646,0.003872064328380141,False,True
3NDB,28,0.0416,0.0011604073847962394,False,True
3NDB,29,0.049,0.0011604073847962394,False,True
3NDB,30,0.4157,0.003872064328380141,False,False
3NDB,31,0.243,0.003872064328380141,False,True
3NDB,32,0.0,0.0,False,True
3NDB,33,0.1751,0.003817528211079012,False,True
3NDB,34,0.5844,0.003872064328380141,False,False
3NDB,35,0.0345,0.0,False,True
3NDB,36,0.018,0.0,False,True
3NDB,37,0.3949,0.002276125451248498,False,False
3NDB,38,0.4469,0.003817528211079012,False,False
3NDB,39,0.0553,0.0011604073847962394,False,True
3NDB,40,0.1361,0.002276125451248498,False,True
3NDB,41,0.0316,0.0,False,True
3NDB,42,0.2531,0.00309643954898631,False,False
3NDB,43,0.4687,0.003817528211079012,False,False
3NDB,44,0.6445,0.003872064328380141,False,False
3NDB,45,0.1662,0.002276125451248498,False,True
3NDB,46,0.0069,0.0,False,True
3NDB,47,0.3845,0.003872064328380141,False,False
3NDB,48,0.6365,0.003872064328380141,False,False
3NDB,49,0.0431,0.002276125451248498,False,True
3NDB,50,0.0294,0.0,False,True
3NDB,51,0.4984,0.003872064328380141,False,False
3NDB,52,0.2536,0.003762992093777883,False,False
3NDB,53,0.0,0.0,False,True
3NDB,54,0.3412,0.003817528211079012,False,False
3NDB,55,0.3603,0.003817528211079012,False,False
3NDB,56,0.1111,0.003762992093777883,False,True
3NDB,57,0.0415,0.0,False,True
3NDB,58,0.3243,0.002276125451248498,False,False
3NDB,59,0.5919,0.003872064328380141,False,False
3NDB,60,0.2771,0.003872064328380141,False,False
3NDB,61,0.3707,0.002942677996040072,False,False
3NDB,62,0.4551,0.003872064328380141,False,False
3NDB,63,0.2242,0.002997214113341201,False,True
3NDB,64,0.3886,0.003872064328380141,False,False
3NDB,65,0.4738,0.003817528211079012,False,False
3NDB,66,0.1701,0.001115718066452259,False,True
3NDB,67,0.2045,0.002997214113341201,False,True
3NDB,68,0.41,0.003817528211079012,False,False
3NDB,69,0.2198,0.003817528211079012,False,True
3NDB,70,0.1544,0.002231436132904518,False,True
3NDB,71,0.0596,0.001115718066452259,False,True
3NDB,72,0.0674,0.0011604073847962394,False,True
3NDB,73,0.0123,0.002276125451248498,False,True
3NDB,74,0.2225,0.002276125451248498,False,True
3NDB,75,0.0061,0.0011604073847962394,False,True
3NDB,76,0.0139,0.0,False,True
3NDB,77,0.0571,0.00309643954898631,False,True
3NDB,78,0.3036,0.003872064328380141,False,False
3NDB,79,0.0817,0.002997214113341201,False,True
3NDB,80,0.03,0.0011604073847962394,False,True
3NDB,81,0.0416,0.002276125451248498,False,True
3NDB,82,0.5779,0.003872064328380141,False,False
3NDB,83,0.0948,0.0,False,True
3NDB,84,0.0527,0.0,False,True
3NDB,85,0.1264,0.0011604073847962394,False,True
3NDB,86,0.5368,0.003817528211079012,False,False
3NDB,87,0.5263,0.003872064328380141,False,False
3NDB,88,0.3766,0.00309643954898631,False,False
3NDB,89,0.3612,0.003817528211079012,False,False
3NDB,90,0.6608,0.003817528211079012,False,False
3NDB,91,0.0446,0.0011604073847962394,False,True
3NDB,92,0.5458,0.003817528211079012,False,False
3NDB,93,0.2258,0.003817528211079012,False,True
3NDB,94,0.2023,0.003817528211079012,False,True
3NDB,95,0.7929,0.003872064328380141,False,False
3NDB,96,0.7003,0.003817528211079012,False,False
3NDB,97,0.422,0.00309643954898631,False,False
3NDB,98,0.5167,0.003762992093777883,False,False
3NDB,99,0.0935,0.001980721482534051,False,True
3NDB,100,0.1041,0.0019360321641900705,False,True
3NDB,101,0.0245,0.0,False,True
3NDB,102,0.0,0.0,False,True
3NDB,103,0.0,0.0,False,True
3NDB,104,0.0,0.0,False,True
3NDB,105,0.0,0.0,False,True
3NDB,106,0.1533,0.003041903431685181,False,True
3NDB,107,0.5156,0.003762992093777883,False,False
3NDB,108,0.4407,0.0,False,False
3NDB,109,0.1009,0.0011604073847962394,False,True
3NDB,110,0.1613,0.0,False,True
3NDB,111,0.0439,0.0023208147695924788,False,True
3NDB,112,0.15,0.0,False,True
3NDB,113,0.2618,0.002276125451248498,False,False
3NDB,114,0.0188,0.0,False,True
3NDB,115,0.0187,0.0011604073847962394,False,True
3NDB,116,0.0,0.0011604073847962394,False,True
3NDB,117,0.0836,0.002375350886893607,False,True
3NDB,118,0.006,0.0011604073847962394,False,True
3NDB,119,0.0,0.0,False,True
3NDB,120,0.238,0.002997214113341201,False,True
3NDB,121,0.1233,0.001115718066452259,False,True
3NDB,122,0.0061,0.0011604073847962394,False,True
3NDB,123,0.2266,0.0023208147695924788,False,True
3NDB,124,0.4513,0.003762992093777883,False,False
3NDB,125,0.357,0.003762992093777883,False,False
3NDB,126,0.4911,0.001115718066452259,False,False
3NDB,127,0.2088,0.002276125451248498,False,True
3NDB,128,0.5093,0.003762992093777883,False,False
3NDB,129,0.0573,0.0,False,True
3NDB,130,0.0281,0.001115718066452259,False,True
3NDB,131,0.018,0.0,False,True
3NDB,132,0.0,0.0,False,True
3NDB,133,0.0,0.002276125451248498,False,True
3NDB,134,0.0624,0.0,False,True
3NDB,135,0.0347,0.002231436132904518,False,True
3NDB,136,0.2543,0.003817528211079012,False,False
3NDB,137,0.4973,0.003872064328380141,False,False
3NDB,138,0.1648,0.0018814960468889416,False,True
3NDB,139,0.5695,0.003762992093777883,False,False
3NDB,140,0.4441,0.003872064328380141,False,False
3NDB,141,0.0459,0.002997214113341201,False,True
3NDB,142,0.05,0.00309643954898631,False,True
3NDB,143,0.4309,0.003872064328380141,False,False
3NDB,144,0.3235,0.003872064328380141,False,False
3NDB,145,0.03,0.0,False,True
3NDB,146,0.3276,0.003762992093777883,False,False
3NDB,147,0.4831,0.003817528211079012,False,False
3NDB,148,0.1442,0.003041903431685181,False,True
3NDB,149,0.0519,0.0011604073847962394,False,True
3NDB,150,0.5804,0.003872064328380141,False,False
3NDB,151,0.5112,0.003872064328380141,False,False
3NDB,152,0.1035,0.002276125451248498,False,True
3NDB,153,0.6424,0.002997214113341201,False,False
3NDB,154,0.057,0.0,False,True
3NDB,155,0.2651,0.003817528211079012,False,False
3NDB,156,0.2099,0.0,False,True
3NDB,157,0.234,0.001115718066452259,False,True
3NDB,158,0.0206,0.0018368067285449612,False,True
3NDB,159,0.168,0.002231436132904518,False,True
3NDB,160,0.4861,0.003817528211079012,False,False
3NDB,161,0.6653,0.003872064328380141,False,False
3NDB,162,0.8119,0.003817528211079012,False,False
3NDB,163,0.6484,0.003817528211079012,False,False
3NDB,164,0.3179,0.003817528211079012,False,False
3NDB,165,0.3245,0.003872064328380141,False,False
3NDB,166,0.2506,0.002276125451248498,False,False
3NDB,167,0.2707,0.003817528211079012,False,False
3NDB,168,0.3374,0.003872064328380141,False,False
3NDB,169,0.0,0.002276125451248498,False,True
3NDB,170,0.0,0.0011604073847962394,False,True
3NDB,171,0.4979,0.003762992093777883,False,False
3NDB,172,0.2044,0.003762992093777883,False,True
3NDB,173,0.0,0.0,False,True
3NDB,174,0.1905,0.002276125451248498,False,True
3NDB,175,0.6502,0.003872064328380141,False,False
3NDB,176,0.519,0.003762992093777883,False,False
3NDB,177,0.0302,0.0,False,True
3NDB,178,0.512,0.00309643954898631,False,False
3NDB,179,0.4807,0.003872064328380141,False,False
3NDB,180,0.0187,0.002276125451248498,False,True
3NDB,181,0.05,0.003872064328380141,False,True
3NDB,182,0.0069,0.0011604073847962394,False,True
3NDB,183,0.018,0.0011604073847962394,False,True
3NDB,184,0.0,0.0011604073847962394,False,True
3NDB,185,0.0,0.0011604073847962394,False,True
3NDB,186,0.0465,0.0023208147695924788,False,True
3NDB,187,0.0203,0.002276125451248498,False,True
3NDB,188,0.0459,0.002276125451248498,False,True
3NDB,189,0.1868,0.003817528211079012,False,True
3NDB,190,0.2464,0.003762992093777883,False,True
3NDB,191,0.7038,0.003872064328380141,False,False
3NDB,192,0.4877,0.0019360321641900705,False,False
3NDB,193,0.164,0.0011604073847962394,False,True
3NDB,194,0.6015,0.003872064328380141,False,False
3NDB,195,0.6016,0.003817528211079012,False,False
3NDB,196,0.0219,0.0,False,True
3NDB,197,0.012,0.0011604073847962394,False,True
3NDB,198,0.2016,0.0,False,True
3NDB,199,0.6543,0.003872064328380141,False,False
3NDB,200,0.0932,0.003872064328380141,False,True
3NDB,201,0.0273,0.0,False,True
3NDB,202,0.3554,0.003762992093777883,False,False
3NDB,203,0.3367,0.003762992093777883,False,False
3NDB,204,0.0123,0.0,False,True
3NDB,205,0.1717,0.001115718066452259,False,True
3NDB,206,0.5793,0.003872064328380141,False,False
3NDB,207,0.3533,0.00309643954898631,False,False
3NDB,208,0.0281,0.002276125451248498,False,True
3NDB,209,0.7769,0.003872064328380141,False,False
3NDB,210,0.1138,0.0011604073847962394,False,True
3NDB,211,0.345,0.002231436132904518,False,False
3NDB,212,0.0932,0.002997214113341201,False,True
3NDB,213,0.0,0.0,False,True
3NDB,214,0.0,0.0,False,True
3NDB,215,0.006,0.0011604073847962394,False,True
3NDB,216,0.0062,0.0,False,True
3NDB,217,0.0061,0.0,False,True
3NDB,218,0.1301,0.002231436132904518,False,True
3NDB,219,0.0,0.0,False,True
3NDB,220,0.2953,0.003041903431685181,False,False
3NDB,221,0.3501,0.00309643954898631,False,False
3NDB,222,0.0,0.0,False,True
3NDB,223,0.3236,0.00309643954898631,False,False
3NDB,224,0.4478,0.003872064328380141,False,False
3NDB,225,0.0,0.0,False,True
3NDB,226,0.0,0.002276125451248498,False,True
3NDB,227,0.4787,0.003762992093777883,False,False
3NDB,228,0.1513,0.002276125451248498,False,True
3NDB,229,0.0094,0.0,False,True
3NDB,230,0.3914,0.003872064328380141,False,False
3NDB,231,0.2187,0.003762992093777883,False,True
3NDB,232,0.0151,0.0011604073847962394,False,True
3NDB,233,0.2915,0.0023208147695924788,False,False
3NDB,234,0.6364,0.003817528211079012,False,False
3NDB,235,0.4201,0.0024298870041947365,False,False
3NDB,236,0.0347,0.0,False,True
3NDB,237,0.4307,0.001115718066452259,False,False
3NDB,238,0.8299,0.003872064328380141,False,False
3NDB,239,0.2759,0.0023208147695924788,False,False
3NDB,240,0.0953,0.0,False,True
3NDB,241,0.0078,0.0023208147695924788,False,True
3NDB,242,0.0061,0.0,False,True
3NDB,243,0.0,0.0,False,True
3NDB,244,0.0,0.0,False,True
3NDB,245,0.0772,0.0,False,True
3NDB,246,0.273,0.0023208147695924788,False,False
3NDB,247,0.0687,0.0,False,True
3NDB,248,0.3985,0.003872064328380141,False,False
3NDB,249,0.7245,0.0,False,False
3NDB,250,0.1802,0.0,False,True
3NDB,251,0.3941,0.003817528211079012,False,False
3NDB,252,0.3889,0.003041903431685181,False,False
3NDB,253,0.0116,0.0,False,True
3NDB,254,0.0464,0.0,False,True
3NDB,255,0.0,0.0,False,True
3NDB,256,0.0,0.0,False,True
3NDB,257,0.0,0.0,False,True
3NDB,258,0.0,0.0,False,True
3NDB,259,0.0551,0.0011604073847962394,False,True
3NDB,260,0.0,0.0,False,True
3NDB,261,0.1111,0.0,False,True
3NDB,262,0.3708,0.002997214113341201,False,False
3NDB,263,0.0484,0.0,False,True
3NDB,264,0.6379,0.003817528211079012,False,False
3NDB,265,0.053,0.0011604073847962394,False,True
3NDB,266,0.1899,0.0,False,True
3NDB,267,0.0582,0.0,False,True
3NDB,268,0.127,0.0011604073847962394,False,True
3NDB,269,0.005,0.0,False,True
3NDB,270,0.0123,0.0,False,True
3NDB,271,0.0464,0.002942677996040072,False,True
3NDB,272,0.331,0.0023208147695924788,False,False
3NDB,273,0.1328,0.0,False,True
3NDB,274,0.6325,0.003817528211079012,False,False
3NDB,275,0.2859,0.003817528211079012,False,False
3NDB,276,0.1731,0.002276125451248498,False,True
3NDB,277,0.4109,0.003872064328380141,False,False
3NDB,278,0.2797,0.0019360321641900705,False,False
3NDB,279,0.05,0.0,False,True
3NDB,280,0.2494,0.00309643954898631,False,True
3NDB,281,0.3907,0.002997214113341201,False,False
3NDB,282,0.0397,0.0,False,True
3NDB,283,0.2182,0.0030517502306423292,False,True
3NDB,284,0.0076,0.0,False,True
3NDB,285,0.4407,0.003762992093777883,False,False
3NDB,286,0.6239,0.003762992093777883,False,False
3NDB,287,0.0604,0.0,False,True
3NDB,288,0.0184,0.0,False,True
3NDB,289,0.3356,0.003817528211079012,False,False
3NDB,290,0.4713,0.003872064328380141,False,False
3NDB,291,0.1127,0.0011604073847962394,False,True
3NDB,292,0.0426,0.0,False,True
3NDB,293,0.4849,0.003817528211079012,False,False
3NDB,294,0.1308,0.002997214113341201,False,True
3NDB,295,0.9077,0.003817528211079012,False,False
3NDB,296,0.3403,0.003872064328380141,False,False
3NDB,297,0.0421,0.002276125451248498,False,True
3NDB,298,0.5197,0.003817528211079012,False,False
3NDB,299,0.4411,0.003817528211079012,False,False
3NDB,300,0.1121,0.002276125451248498,False,True
3NDB,301,0.2924,0.003817528211079012,False,False
3NDB,302,0.3996,0.003872064328380141,False,False
3NDB,303,0.5014,0.003762992093777883,False,False
3NDB,304,0.0177,0.003817528211079012,False,True
3NDB,305,0.3949,0.003872064328380141,False,False
3NDB,306,0.4033,0.003817528211079012,False,False
3NDB,307,0.1866,0.0018814960468889416,False,True
3NDB,308,0.2753,0.003762992093777883,False,False
3NDB,309,0.4029,0.003762992093777883,False,False
3NDB,310,0.3702,0.003817528211079012,False,False
3NDB,311,0.2362,0.003817528211079012,False,True
3NDB,312,0.0928,0.002997214113341201,False,True
3NDB,313,0.5482,0.003872064328380141,False,False
3NDB,314,0.4749,0.003817528211079012,False,False
3NDB,315,0.045,0.0,False,True
3NDB,316,0.1042,0.002276125451248498,False,True
3NDB,317,0.4374,0.003872064328380141,False,False
3NDB,318,0.2323,0.003762992093777883,False,True
3NDB,319,0.0647,0.002276125451248498,False,True
3NDB,320,0.3045,0.003872064328380141,False,False
3NDB,321,0.6578,0.003817528211079012,False,False
3NDB,322,0.4098,0.0,False,False
3NDB,323,0.5727,0.003872064328380141,False,False
3NDB,324,0.1068,0.0,False,True
3NDB,325,0.0702,0.0011604073847962394,False,True
3NDB,326,0.0,0.001115718066452259,False,True
3NDB,327,0.2518,0.003872064328380141,False,False
3NDB,328,0.1297,0.0030517502306423292,False,True
3NDB,329,0.0534,0.0,False,True
3NDB,330,0.1312,0.003872064328380141,False,True
3NDB,331,0.2478,0.00309643954898631,False,True
3NDB,332,0.0739,0.0011604073847962394,False,True
3NDB,333,0.0721,0.0,False,True
3NDB,334,0.4158,0.003762992093777883,False,False
3NDB,335,0.1403,0.002997214113341201,False,True
3NDB,336,0.3391,0.002657120826282773,False,False
3NDB,337,0.4093,0.00309643954898631,False,False
3NDB,338,0.5101,0.003817528211079012,False,False
3NDB,339,0.8777,0.003872064328380141,False,False
3NDB,340,1.0422,0.003817528211079012,False,False
3NDB,341,0.4077,0.0030517502306423292,False,False
3NDB,342,0.6423,0.003817528211079012,False,False
3NDB,343,0.4275,0.003872064328380141,False,False
3NDB,344,0.337,0.003817528211079012,False,False
3NDB,345,0.1716,0.001115718066452259,False,True
3NDB,346,0.5003,0.003817528211079012,False,False
3NDB,347,0.3552,0.003762992093777883,False,False
3NDB,348,0.0877,0.0023208147695924788,False,True
3NDB,349,0.2194,0.0011604073847962394,False,True
3NDB,350,0.3517,0.003762992093777883,False,False
3NDB,351,0.0061,0.0,False,True
3NDB,352,0.0054,0.0011604073847962394,False,True
3NDB,353,0.5549,0.002997214113341201,False,False
3NDB,354,0.2178,0.0015414027598305137,False,True
3NDB,355,0.0565,0.0,False,True
3NDB,356,0.2831,0.0,False,False
3NDB,357,0.6708,0.003817528211079012,False,False
3NDB,358,0.5476,0.003872064328380141,False,False
3NDB,359,0.0,0.0030517502306423292,False,True
3NDB,360,0.1781,0.003041903431685181,False,True
3NDB,361,0.5125,0.003762992093777883,False,False
3NDB,362,0.289,0.002276125451248498,False,False
3NDB,363,0.1518,0.001115718066452259,False,True
3NDB,364,0.6425,0.003872064328380141,False,False
3NDB,365,0.2281,0.00309643954898631,False,True
3NDB,366,0.0768,0.0,False,True
3NDB,367,0.5511,0.002276125451248498,False,False
3NDB,368,0.5272,0.003762992093777883,False,False
3NDB,369,0.546,0.003817528211079012,False,False
3NDB,370,0.324,0.002276125451248498,False,False
3NDB,371,0.0674,0.003817528211079012,False,True
3NDB,372,0.4618,0.003762992093777883,False,False
3NDB,373,0.3158,0.003762992093777883,False,False
3NDB,374,0.0184,0.0,False,True
3NDB,375,0.0187,0.0,False,True
3NDB,376,0.624,0.003762992093777883,True,False
3NDB,377,0.6136,0.003762992093777883,True,False
3NDB,378,0.1263,0.0,False,True
3NDB,379,0.7256,0.002276125451248498,True,False
3NDB,380,0.1231,0.00309643954898631,False,True
3NDB,381,0.4438,0.002276125451248498,False,False
3NDB,382,0.327,0.003872064328380141,False,False
3NDB,383,0.4611,0.003872064328380141,False,False
3NDB,384,0.1673,0.003872064328380141,False,True
3NDB,385,0.0339,0.0,False,True
3NDB,386,0.3611,0.003762992093777883,False,False
3NDB,387,0.2428,0.003817528211079012,False,True
3NDB,388,0.0278,0.0,False,True
3NDB,389,0.1782,0.001115718066452259,False,True
3NDB,390,0.4618,0.003762992093777883,False,False
3NDB,391,0.3635,0.003872064328380141,False,False
3NDB,392,0.0204,0.002276125451248498,False,True
3NDB,393,0.3836,0.003762992093777883,False,False
3NDB,394,0.4733,0.003817528211079012,False,False
3NDB,395,0.2956,0.002276125451248498,False,False
3NDB,396,0.4066,0.003041903431685181,False,False
3NDB,397,0.4868,0.003872064328380141,False,False
3NDB,398,0.3077,0.003817528211079012,False,False
3NDB,399,0.1315,0.002276125451248498,False,True
3NDB,400,0.4832,0.003817528211079012,False,False
3NDB,401,0.3274,0.003817528211079012,False,False
3NDB,402,0.4503,0.003817528211079012,False,False
3NDB,403,0.7151,0.003872064328380141,False,False
3NDB,404,0.6115,0.003817528211079012,False,False
3NDB,405,1.1669,0.003817528211079012,False,False
3NDB,406,0.9149,0.003817528211079012,False,False
3NDB,407,0.2284,0.002276125451248498,False,True
3NDB,408,0.3691,0.003817528211079012,False,False
3NDB,409,0.3858,0.003872064328380141,False,False
3NDB,410,0.3179,0.003762992093777883,False,False
3NDB,411,0.2416,0.002276125451248498,False,True
3NDB,412,0.5522,0.003762992093777883,False,False
3NDB,413,0.3532,0.003817528211079012,False,False
3NDB,414,0.2029,0.0011604073847962394,False,True
3NDB,415,0.5488,0.003817528211079012,False,False
3NDB,416,0.5448,0.003872064328380141,False,False
3NDB,417,0.5773,0.003817528211079012,False,False
3NDB,418,0.4364,0.00309643954898631,False,False
3NDB,419,1.0734,0.003817528211079012,False,False
3O1I,0,0.8391,0.0047730161645187195,False,False
3O1I,1,0.1335,0.003006766124008398,False,True
3O1I,2,0.2467,0.003629724853892773,False,True
3O1I,3,0.0,0.0,False,True
3O1I,4,0.0231,0.0,False,True
3O1I,5,0.0,0.0,False,True
3O1I,6,0.0,0.0,False,True
3O1I,7,0.023,0.0,False,True
3O1I,8,0.0,0.005824484078543213,False,True
3O1I,9,0.0627,0.005824484078543213,False,True
3O1I,10,0.2881,0.003627924395135881,True,False
3O1I,11,0.6334,0.005824484078543213,True,False
3O1I,12,0.3215,0.0029131422686500524,True,False
3O1I,13,0.1651,0.003627924395135881,False,True
3O1I,14,0.0317,0.0047730161645187195,False,True
3O1I,15,0.0038,0.005824484078543213,False,True
3O1I,16,0.2463,0.003627924395135881,False,True
3O1I,17,0.0,0.001861674354625559,False,True
3O1I,18,0.0,0.0047730161645187195,False,True
3O1I,19,0.0,0.0017662500405103221,False,True
3O1I,20,0.2104,0.004774816623275611,False,True
3O1I,21,0.0,0.0,False,True
3O1I,22,0.0,0.003627924395135881,False,True
3O1I,23,0.192,0.0046793923091603745,False,True
3O1I,24,0.109,0.005822683619786322,False,True
3O1I,25,0.1249,0.0036261239363789893,False,True
3O1I,26,0.0926,0.0017662500405103221,False,True
3O1I,27,0.5494,0.005822683619786322,False,False
3O1I,28,0.5432,0.005826284537300105,False,False
3O1I,29,0.1546,0.003627924395135881,False,True
3O1I,30,0.3861,0.0047730161645187195,False,False
3O1I,31,0.1239,0.001861674354625559,False,True
3O1I,32,0.2729,0.005822683619786322,False,False
3O1I,33,0.1963,0.0,False,True
3O1I,34,0.4715,0.005824484078543213,False,False
3O1I,35,0.282,0.001861674354625559,False,False
3O1I,36,0.0961,0.0017662500405103221,False,True
3O1I,37,0.3436,0.0018616743546255585,True,False
3O1I,38,0.0,0.0,False,True
3O1I,39,0.3467,0.003006766124008398,True,False
3O1I,40,0.0232,0.001861674354625559,False,True
3O1I,41,0.2441,0.005826284537300105,False,True
3O1I,42,0.744,0.005822683619786322,False,False
3O1I,43,0.2479,0.0047730161645187195,False,True
3O1I,44,0.4188,0.005826284537300105,False,False
3O1I,45,0.5077,0.005822683619786322,False,False
3O1I,46,0.5329,0.004774816623275611,True,False
3O1I,47,0.0,0.0029131422686500524,False,True
3O1I,48,0.2126,0.005826284537300105,False,True
3O1I,49,0.4685,0.005822683619786322,False,False
3O1I,50,0.1401,0.003627924395135881,False,True
3O1I,51,0.0,0.0,False,True
3O1I,52,0.1685,0.005826284537300105,False,True
3O1I,53,0.3665,0.005826284537300105,False,False
3O1I,54,0.0,0.0,False,True
3O1I,55,0.24,0.003723348709251118,False,True
3O1I,56,0.6615,0.005822683619786322,False,False
3O1I,57,0.221,0.0036261239363789893,False,True
3O1I,58,0.2941,0.0017662500405103221,False,False
3O1I,59,0.0675,0.0,False,True
3O1I,60,0.3739,0.005822683619786322,False,False
3O1I,61,0.0,0.0,False,True
3O1I,62,0.0123,0.0,False,True
3O1I,63,0.0054,0.0,False,True
3O1I,64,0.0053,0.0,False,True
3O1I,65,0.0116,0.0035325000810206442,False,True
3O1I,66,0.0125,0.003627924395135881,False,True
3O1I,67,0.057,0.001861674354625559,False,True
3O1I,68,0.2292,0.0046793923091603745,False,True
3O1I,69,0.3114,0.005824484078543213,False,False
3O1I,70,0.4937,0.005822683619786322,False,False
3O1I,71,0.2088,0.0010514679140244934,False,True
3O1I,72,0.0138,0.0,False,True
3O1I,73,0.2216,0.005826284537300105,False,True
3O1I,74,0.4724,0.005822683619786322,False,False
3O1I,75,0.3246,0.003627924395135881,False,False
3O1I,76,0.006,0.0,False,True
3O1I,77,0.4362,0.005826284537300105,False,False
3O1I,78,0.6089,0.005822683619786322,False,False
3O1I,79,0.2595,0.0,False,False
3O1I,80,0.0893,0.0,False,True
3O1I,81,0.1858,0.0,False,True
3O1I,82,0.7202,0.005822683619786322,False,False
3O1I,83,0.0436,0.001861674354625559,False,True
3O1I,84,0.0532,0.004774816623275611,False,True
3O1I,85,0.0,0.0,False,True
3O1I,86,0.0,0.001861674354625559,False,True
3O1I,87,0.0281,0.003627924395135881,False,True
3O1I,88,0.0125,0.0,False,True
3O1I,89,0.0739,0.005824484078543213,False,True
3O1I,90,0.1045,0.005824484078543213,False,True
3O1I,91,0.4712,0.005824484078543213,False,False
3O1I,92,0.049,0.0,False,True
3O1I,93,0.2236,0.005826284537300105,False,True
3O1I,94,0.1791,0.0,False,True
3O1I,95,0.3005,0.0018616743546255585,False,False
3O1I,96,0.7529,0.005822683619786322,False,False
3O1I,97,0.4071,0.005822683619786322,False,False
3O1I,98,0.0923,0.0035325000810206442,False,True
3O1I,99,0.3163,0.005824484078543213,False,False
3O1I,100,0.478,0.005826284537300105,False,False
3O1I,101,0.0421,0.0017662500405103221,False,True
3O1I,102,0.1741,0.001861674354625559,False,True
3O1I,103,0.2138,0.0047730161645187195,False,True
3O1I,104,0.0116,0.0,False,True
3O1I,105,0.2036,0.005822683619786322,False,True
3O1I,106,0.0377,0.0,False,True
3O1I,107,0.3016,0.0029131422686500524,False,False
3O1I,108,0.091,0.0017662500405103221,False,True
3O1I,109,0.4473,0.004677591850403482,False,False
3O1I,110,0.1074,0.005826284537300105,False,True
3O1I,111,0.2269,0.005826284537300105,False,True
3O1I,112,0.4774,0.005822683619786322,False,False
3O1I,113,0.0,0.0017662500405103221,False,True
3O1I,114,0.0,0.0,False,True
3O1I,115,0.2481,0.003629724853892773,False,True
3O1I,116,0.1142,0.003627924395135881,False,True
3O1I,117,0.0094,0.0,False,True
3O1I,118,0.0,0.0,False,True
3O1I,119,0.3816,0.005824484078543213,False,False
3O1I,120,0.1765,0.0,False,True
3O1I,121,0.0,0.001861674354625559,False,True
3O1I,122,0.1507,0.0017662500405103221,False,True
3O1I,123,0.7152,0.005822683619786322,False,False
3O1I,124,0.3948,0.005826284537300105,False,False
3O1I,125,0.1548,0.0,False,True
3O1I,126,0.3494,0.0,False,False
3O1I,127,0.6066,0.004774816623275611,False,False
3O1I,128,0.513,0.0,False,False
3O1I,129,0.4732,0.0047730161645187195,False,False
3O1I,130,0.2283,0.0,False,True
3O1I,131,0.5565,0.005826284537300105,False,False
3O1I,132,0.0327,0.002911341809893161,False,True
3O1I,133,0.1573,0.005826284537300105,False,True
3O1I,134,0.0,0.0,False,True
3O1I,135,0.0094,0.003627924395135881,False,True
3O1I,136,0.036,0.001861674354625559,False,True
3O1I,137,0.0,0.001861674354625559,False,True
3O1I,138,0.0667,0.001861674354625559,False,True
3O1I,139,0.0,0.001861674354625559,False,True
3O1I,140,0.2203,0.0046793923091603745,False,True
3O1I,141,0.4884,0.005824484078543213,False,False
3O1I,142,0.6159,0.005824484078543213,False,False
3O1I,143,0.3284,0.005824484078543213,False,False
3O1I,144,0.261,0.005824484078543213,False,False
3O1I,145,0.1277,0.005824484078543213,False,True
3O1I,146,0.0562,0.005824484078543213,False,True
3O1I,147,0.5932,0.005822683619786322,False,False
3O1I,148,0.3485,0.005824484078543213,False,False
3O1I,149,0.0278,0.003627924395135881,False,True
3O1I,150,0.1474,0.003627924395135881,False,True
3O1I,151,0.3694,0.005822683619786322,False,False
3O1I,152,0.0,0.0,False,True
3O1I,153,0.0302,0.0,False,True
3O1I,154,0.4288,0.005824484078543213,False,False
3O1I,155,0.3389,0.005822683619786322,False,False
3O1I,156,0.0914,0.003627924395135881,False,True
3O1I,157,0.0361,0.0,False,True
3O1I,158,0.5488,0.005826284537300105,False,False
3O1I,159,0.6716,0.005822683619786322,False,False
3O1I,160,0.0849,0.0,False,True
3O1I,161,0.1375,0.002911341809893161,False,True
3O1I,162,0.1218,0.0,False,True
3O1I,163,0.3757,0.005822683619786322,False,False
3O1I,164,0.229,0.0,False,True
3O1I,165,0.2658,0.001861674354625559,False,False
3O1I,166,0.4158,0.003627924395135881,False,False
3O1I,167,0.1981,0.0046793923091603745,False,True
3O1I,168,0.1208,0.004774816623275611,False,True
3O1I,169,0.3018,0.005824484078543213,False,False
3O1I,170,0.1676,0.003006766124008398,False,True
3O1I,171,0.484,0.0046793923091603745,False,False
3O1I,172,0.4074,0.005824484078543213,False,False
3O1I,173,0.386,0.005824484078543213,False,False
3O1I,174,0.4335,0.005824484078543213,False,False
3O1I,175,0.4935,0.005824484078543213,False,False
3O1I,176,0.3765,0.005822683619786322,False,False
3O1I,177,0.0,0.005826284537300105,False,True
3O1I,178,0.1523,0.005826284537300105,False,True
3O1I,179,0.3941,0.005824484078543213,False,False
3O1I,180,0.0421,0.003627924395135881,False,True
3O1I,181,0.0069,0.001861674354625559,False,True
3O1I,182,0.3162,0.005824484078543213,False,False
3O1I,183,0.418,0.005824484078543213,False,False
3O1I,184,0.0,0.001861674354625559,False,True
3O1I,185,0.1008,0.0,False,True
3O1I,186,0.6331,0.005822683619786322,False,False
3O1I,187,0.3142,0.005822683619786322,False,False
3O1I,188,0.5297,0.0,False,False
3O1I,189,0.4888,0.005824484078543213,False,False
3O1I,190,0.0496,0.0,False,True
3O1I,191,0.3144,0.0035325000810206442,False,False
3O1I,192,0.0958,0.001861674354625559,False,True
3O1I,193,0.0,0.001861674354625559,False,True
3O1I,194,0.0069,0.0,False,True
3O1I,195,0.0,0.001861674354625559,False,True
3O1I,196,0.0156,0.001861674354625559,False,True
3O1I,197,0.0094,0.0046793923091603745,False,True
3O1I,198,0.1388,0.0,False,True
3O1I,199,0.0,0.0,False,True
3O1I,200,0.0,0.001861674354625559,False,True
3O1I,201,0.2535,0.005824484078543213,True,False
3O1I,202,0.0,0.005822683619786322,False,True
3O1I,203,0.0,0.001861674354625559,False,True
3O1I,204,0.1314,0.0017662500405103221,False,True
3O1I,205,0.4046,0.0028177179545348157,False,False
3O1I,206,0.1393,0.0035343005397775354,False,True
3O1I,207,0.018,0.003627924395135881,False,True
3O1I,208,0.5704,0.005824484078543213,False,False
3O1I,209,0.619,0.005822683619786322,False,False
3O1I,210,0.289,0.005824484078543213,False,False
3O1I,211,0.7275,0.005824484078543213,False,False
3O1I,212,0.3315,0.005826284537300105,False,False
3O1I,213,0.2339,0.005826284537300105,False,True
3O1I,214,0.7954,0.004677591850403482,False,False
3O1I,215,0.54,0.005822683619786322,False,False
3O1I,216,0.0824,0.001861674354625559,False,True
3O1I,217,0.1012,0.0035343005397775354,False,True
3O1I,218,0.0295,0.001861674354625559,False,True
3O1I,219,0.0,0.0,False,True
3O1I,220,0.0,0.0,False,True
3O1I,221,0.0625,0.003627924395135881,False,True
3O1I,222,0.105,0.002911341809893161,False,True
3O1I,223,0.006,0.0017662500405103221,False,True
3O1I,224,0.0467,0.0046793923091603745,False,True
3O1I,225,0.27,0.0046793923091603745,True,False
3O1I,226,0.1604,0.004677591850403482,False,True
3O1I,227,0.0,0.0,False,True
3O1I,228,0.1973,0.0017662500405103221,False,True
3O1I,229,0.4155,0.003627924395135881,True,False
3O1I,230,0.0,0.0,False,True
3O1I,231,0.0,0.0,False,True
3O1I,232,0.4111,0.003723348709251118,True,False
3O1I,233,0.5469,0.003627924395135881,True,False
3O1I,234,0.5722,0.0047730161645187195,False,False
3O1I,235,0.3039,0.005824484078543213,False,False
3O1I,236,0.0,0.0,False,True
3O1I,237,0.1742,0.005824484078543213,False,True
3O1I,238,0.0151,0.0,False,True
3O1I,239,0.0,0.0,False,True
3O1I,240,0.0,0.0,False,True
3O1I,241,0.0,0.0018598738958686678,False,True
3O1I,242,0.0,0.005824484078543213,False,True
3O1I,243,0.0602,0.004774816623275611,False,True
3O1I,244,0.0,0.003627924395135881,False,True
3O1I,245,0.0069,0.0,False,True
3O1I,246,0.2279,0.004771215705761829,False,True
3O1I,247,0.0,0.0047730161645187195,False,True
3O1I,248,0.0,0.0,False,True
3O1I,249,0.2171,0.004681192767917266,False,True
3O1I,250,0.1316,0.001861674354625559,False,True
3O1I,251,0.0,0.0,False,True
3O1I,252,0.0069,0.001861674354625559,False,True
3O1I,253,0.1989,0.005826284537300105,False,True
3O1I,254,0.0,0.0,False,True
3O1I,255,0.0,0.0,False,True
3O1I,256,0.0,0.001861674354625559,False,True
3O1I,257,0.1541,0.003627924395135881,False,True
3O1I,258,0.3186,0.003627924395135881,False,False
3O1I,259,0.2541,0.0,False,False
3O1I,260,0.3755,0.005826284537300105,False,False
3O1I,261,0.7889,0.0047730161645187195,False,False
3O1I,262,0.3675,0.005822683619786322,False,False
3O1I,263,0.7713,0.005824484078543213,False,False
3O1I,264,0.2264,0.003627924395135881,False,True
3O1I,265,0.4567,0.005824484078543213,False,False
3O1I,266,0.5414,0.005826284537300105,False,False
3O1I,267,0.5617,0.005826284537300105,False,False
3O1I,268,0.1009,0.001861674354625559,False,True
3O1I,269,0.4259,0.0046793923091603745,False,False
3O1I,270,0.1147,0.0,False,True
3O1I,271,0.6431,0.005822683619786322,False,False
3O1I,272,0.1773,0.0,False,True
3O1I,273,0.1158,0.003627924395135881,False,True
3O1I,274,0.3105,0.005824484078543213,False,False
3O1I,275,0.006,0.0,False,True
3O1I,276,0.1965,0.003627924395135881,False,True
3O1I,277,0.2209,0.0017662500405103221,False,True
3O1I,278,0.8281,0.005822683619786322,False,False
3O1I,279,0.2572,0.0047730161645187195,False,False
3O1I,280,0.106,0.001861674354625559,False,True
3O1I,281,0.4566,0.005822683619786322,False,False
3O1I,282,0.5923,0.005824484078543213,False,False
3O1I,283,0.5025,0.005822683619786322,False,False
3O1I,284,0.0772,0.0017662500405103221,False,True
3O1I,285,0.2179,0.0,False,True
3O1I,286,0.5606,0.005822683619786322,False,False
3O1I,287,0.2385,0.005826284537300105,False,True
3O1I,288,0.0147,0.001861674354625559,False,True
3O1I,289,0.1,0.0017662500405103221,False,True
3O1I,290,0.0622,0.003627924395135881,False,True
3O1I,291,0.3493,0.001861674354625559,True,False
3O1I,292,0.5973,0.003627924395135881,True,False
3O1I,293,0.7696,0.0046793923091603745,True,False
3O1I,294,0.2275,0.003627924395135881,False,True
3O1I,295,0.6429,0.005826284537300105,True,False
3O1I,296,0.4512,0.0029131422686500524,True,False
3O1I,297,0.5654,0.005826284537300105,True,False
3O1J,0,0.7874,0.005189152996317376,False,False
3O1J,1,0.1829,0.0038611762080124987,False,True
3O1J,2,0.2642,0.003861176208012499,False,False
3O1J,3,0.0,0.0,False,True
3O1J,4,0.0,0.00398393036491463,False,True
3O1J,5,0.0,0.0,False,True
3O1J,6,0.0,0.0,False,True
3O1J,7,0.0092,0.002053342260908381,False,True
3O1J,8,0.0,0.006517129784622252,False,True
3O1J,9,0.0691,0.005311907153219506,False,True
3O1J,10,0.142,0.0033813190492132574,False,True
3O1J,11,0.6503,0.006517129784622252,True,False
3O1J,12,0.286,0.0,True,False
3O1J,13,0.1818,0.003258564892311126,False,True
3O1J,14,0.0632,0.006517129784622252,False,True
3O1J,15,0.0234,0.005311907153219507,False,True
3O1J,16,0.1562,0.002053342260908381,False,True
3O1J,17,0.0,0.0019305881040062496,False,True
3O1J,18,0.0,0.00398393036491463,False,True
3O1J,19,0.0,0.0,False,True
3O1J,20,0.2212,0.0019305881040062496,False,True
3O1J,21,0.0,0.0,False,True
3O1J,22,0.0,0.0,False,True
3O1J,23,0.1272,0.00398393036491463,False,True
3O1J,24,0.1662,0.005189152996317376,False,True
3O1J,25,0.0144,0.0038611762080124987,False,True
3O1J,26,0.0374,0.0,False,True
3O1J,27,0.6256,0.006517129784622252,False,False
3O1J,28,0.5973,0.006517129784622252,False,False
3O1J,29,0.1793,0.000725365472603504,False,True
3O1J,30,0.2721,0.006517129784622252,False,False
3O1J,31,0.1494,0.0,False,True
3O1J,32,0.2906,0.006517129784622252,False,False
3O1J,33,0.0443,0.0,False,True
3O1J,34,0.2014,0.006517129784622252,False,True
3O1J,35,0.0193,0.002053342260908381,False,True
3O1J,36,0.1322,0.00398393036491463,False,True
3O1J,37,0.2928,0.0,True,False
3O1J,38,0.0,0.0,False,True
3O1J,39,0.2796,0.005311907153219507,True,False
3O1J,40,0.0697,0.003258564892311126,False,True
3O1J,41,0.3266,0.006517129784622252,False,False
3O1J,42,0.658,0.006517129784622252,False,False
3O1J,43,0.2105,0.004106684521816762,False,True
3O1J,44,0.3872,0.006517129784622252,False,False
3O1J,45,0.3967,0.006517129784622252,False,False
3O1J,46,0.3931,0.003258564892311126,True,False
3O1J,47,0.0,0.003258564892311126,False,True
3O1J,48,0.2222,0.006517129784622252,False,True
3O1J,49,0.4764,0.006517129784622252,False,False
3O1J,50,0.1084,0.0013279767883048767,False,True
3O1J,51,0.0,0.0019305881040062496,False,True
3O1J,52,0.1768,0.006517129784622252,False,True
3O1J,53,0.3665,0.006517129784622252,False,False
3O1J,54,0.0,0.0,False,True
3O1J,55,0.3002,0.005189152996317376,False,False
3O1J,56,0.7175,0.006517129784622252,False,False
3O1J,57,0.2372,0.005189152996317376,False,True
3O1J,58,0.3469,0.0,False,False
3O1J,59,0.1163,0.0,False,True
3O1J,60,0.3488,0.004106684521816762,False,False
3O1J,61,0.0,0.0,False,True
3O1J,62,0.0,0.0,False,True
3O1J,63,0.0,0.0,False,True
3O1J,64,0.006,0.0,False,True
3O1J,65,0.0221,0.005311907153219506,False,True
3O1J,66,0.0125,0.0,False,True
3O1J,67,0.057,0.00398393036491463,False,True
3O1J,68,0.227,0.005311907153219507,False,True
3O1J,69,0.3266,0.006517129784622252,False,False
3O1J,70,0.5526,0.006517129784622252,False,False
3O1J,71,0.2332,0.0013279767883048767,False,True
3O1J,72,0.03,0.0,False,True
3O1J,73,0.1934,0.006517129784622252,False,True
3O1J,74,0.5568,0.006517129784622252,False,False
3O1J,75,0.2466,0.006517129784622252,False,True
3O1J,76,0.012,0.0019305881040062496,False,True
3O1J,77,0.2918,0.006517129784622252,False,False
3O1J,78,0.5227,0.006517129784622252,False,False
3O1J,79,0.2447,0.0033813190492132574,False,True
3O1J,80,0.0123,0.0019305881040062496,False,True
3O1J,81,0.3061,0.0033813190492132574,False,False
3O1J,82,0.5794,0.006517129784622252,False,False
3O1J,83,0.0779,0.0,False,True
3O1J,84,0.1291,0.0,False,True
3O1J,85,0.0139,0.0,False,True
3O1J,86,0.0,0.0,False,True
3O1J,87,0.0468,0.002053342260908381,False,True
3O1J,88,0.0062,0.0,False,True
3O1J,89,0.1193,0.004106684521816762,False,True
3O1J,90,0.2094,0.006517129784622252,False,True
3O1J,91,0.4954,0.006517129784622252,False,False
3O1J,92,0.0428,0.0,False,True
3O1J,93,0.239,0.006517129784622252,False,True
3O1J,94,0.1262,0.0,False,True
3O1J,95,0.1752,0.005311907153219507,False,True
3O1J,96,0.5938,0.006517129784622252,False,False
3O1J,97,0.5439,0.006517129784622252,False,False
3O1J,98,0.0338,0.004106684521816762,False,True
3O1J,99,0.3035,0.006517129784622252,False,False
3O1J,100,0.4327,0.006517129784622252,False,False
3O1J,101,0.018,0.0019305881040062496,False,True
3O1J,102,0.2034,0.0013279767883048767,False,True
3O1J,103,0.2332,0.002053342260908381,False,True
3O1J,104,0.0116,0.0,False,True
3O1J,105,0.2656,0.006517129784622252,False,False
3O1J,106,0.0508,0.0,False,True
3O1J,107,0.1534,0.0,False,True
3O1J,108,0.109,0.00398393036491463,False,True
3O1J,109,0.4516,0.005311907153219506,False,False
3O1J,110,0.2353,0.006517129784622252,False,True
3O1J,111,0.2035,0.002053342260908381,False,True
3O1J,112,0.4224,0.006517129784622252,False,False
3O1J,113,0.0,0.00398393036491463,False,True
3O1J,114,0.0,0.0,False,True
3O1J,115,0.2456,0.00398393036491463,False,True
3O1J,116,0.173,0.0019305881040062494,False,True
3O1J,117,0.0,0.0,False,True
3O1J,118,0.0,0.0,False,True
3O1J,119,0.2979,0.006517129784622252,False,False
3O1J,120,0.172,0.0,False,True
3O1J,121,0.0,0.0,False,True
3O1J,122,0.1434,0.002053342260908381,False,True
3O1J,123,0.5703,0.006517129784622252,False,False
3O1J,124,0.4425,0.005189152996317376,False,False
3O1J,125,0.115,0.0,False,True
3O1J,126,0.3874,0.0,False,False
3O1J,127,0.5997,0.006517129784622252,False,False
3O1J,128,0.7477,0.0019305881040062496,False,False
3O1J,129,0.4635,0.00398393036491463,False,False
3O1J,130,0.2993,0.002053342260908381,False,False
3O1J,131,0.5744,0.005189152996317376,False,False
3O1J,132,0.0639,0.005189152996317376,False,True
3O1J,133,0.1462,0.005311907153219507,False,True
3O1J,134,0.0,0.0,False,True
3O1J,135,0.0094,0.0,False,True
3O1J,136,0.006,0.0,False,True
3O1J,137,0.0,0.0019305881040062496,False,True
3O1J,138,0.07,0.0,False,True
3O1J,139,0.0105,0.0019305881040062496,False,True
3O1J,140,0.3325,0.006517129784622252,False,False
3O1J,141,0.675,0.006517129784622252,False,False
3O1J,142,0.7063,0.006517129784622252,False,False
3O1J,143,0.2408,0.006517129784622252,False,True
3O1J,144,0.4398,0.00398393036491463,False,False
3O1J,145,0.0555,0.005189152996317376,False,True
3O1J,146,0.1294,0.00398393036491463,False,True
3O1J,147,0.3275,0.006517129784622252,False,False
3O1J,148,0.0,0.0,False,True
3O1J,149,0.005,0.0,False,True
3O1J,150,0.3921,0.00398393036491463,False,False
3O1J,151,0.4416,0.006517129784622252,False,False
3O1J,152,0.0935,0.0019305881040062496,False,True
3O1J,153,0.0769,0.0,False,True
3O1J,154,0.5297,0.006517129784622252,False,False
3O1J,155,0.4878,0.003258564892311126,False,False
3O1J,156,0.0212,0.0019305881040062496,False,True
3O1J,157,0.145,0.004106684521816762,False,True
3O1J,158,0.0877,0.0019305881040062496,False,True
3O1J,159,0.3746,0.005311907153219507,False,False
3O1J,160,0.1792,0.0,False,True
3O1J,161,0.3344,0.005189152996317376,False,False
3O1J,162,0.3262,0.004106684521816762,False,False
3O1J,163,0.1381,0.006517129784622252,False,True
3O1J,164,0.1403,0.00398393036491463,False,True
3O1J,165,0.467,0.00398393036491463,False,False
3O1J,166,0.1966,0.0,False,True
3O1J,167,0.5117,0.00398393036491463,False,False
3O1J,168,0.3411,0.006517129784622252,False,False
3O1J,169,0.3361,0.006517129784622252,False,False
3O1J,170,0.3198,0.006517129784622252,False,False
3O1J,171,0.4948,0.005311907153219506,False,False
3O1J,172,0.3718,0.006517129784622252,False,False
3O1J,173,0.0,0.00398393036491463,False,True
3O1J,174,0.1766,0.006517129784622252,False,True
3O1J,175,0.4302,0.006517129784622252,False,False
3O1J,176,0.0541,0.005189152996317376,False,True
3O1J,177,0.0,0.0,False,True
3O1J,178,0.2982,0.006517129784622252,False,False
3O1J,179,0.3907,0.006517129784622252,False,False
3O1J,180,0.0,0.0,False,True
3O1J,181,0.0755,0.0019305881040062496,False,True
3O1J,182,0.6998,0.006517129784622252,False,False
3O1J,183,0.3304,0.006517129784622252,False,False
3O1J,184,0.54,0.005311907153219507,False,False
3O1J,185,0.5735,0.006517129784622252,False,False
3O1J,186,0.0714,0.0,False,True
3O1J,187,0.2971,0.004106684521816762,False,False
3O1J,188,0.0479,0.0,False,True
3O1J,189,0.0,0.0,False,True
3O1J,190,0.0,0.0,False,True
3O1J,191,0.0,0.0,False,True
3O1J,192,0.0234,0.0,False,True
3O1J,193,0.0094,0.005311907153219507,False,True
3O1J,194,0.1097,0.0,False,True
3O1J,195,0.0094,0.0,False,True
3O1J,196,0.0,0.0,False,True
3O1J,197,0.2385,0.006517129784622252,False,True
3O1J,198,0.0,0.006517129784622252,False,True
3O1J,199,0.0,0.0,False,True
3O1J,200,0.1539,0.00398393036491463,False,True
3O1J,201,0.3735,0.0013279767883048767,False,False
3O1J,202,0.1153,0.005311907153219506,False,True
3O1J,203,0.03,0.0019305881040062496,False,True
3O1J,204,0.6307,0.006517129784622252,False,False
3O1J,205,0.6063,0.006517129784622252,False,False
3O1J,206,0.2901,0.006517129784622252,False,False
3O1J,207,0.6421,0.006517129784622252,False,False
3O1J,208,0.2874,0.006517129784622252,False,False
3O1J,209,0.2659,0.006517129784622252,False,False
3O1J,210,0.8082,0.00398393036491463,False,False
3O1J,211,0.4533,0.006517129784622252,False,False
3O1J,212,0.1103,0.0,False,True
3O1J,213,0.1034,0.004106684521816762,False,True
3O1J,214,0.0229,0.0,False,True
3O1J,215,0.0,0.0,False,True
3O1J,216,0.0,0.0,False,True
3O1J,217,0.0347,0.0019305881040062496,False,True
3O1J,218,0.0918,0.005311907153219506,False,True
3O1J,219,0.0,0.003258564892311126,False,True
3O1J,220,0.0156,0.0019305881040062496,False,True
3O1J,221,0.3006,0.00398393036491463,True,False
3O1J,222,0.2031,0.003258564892311126,False,True
3O1J,223,0.0,0.0,False,True
3O1J,224,0.209,0.0,False,True
3O1J,225,0.441,0.004586541680616002,True,False
3O1J,226,0.0,0.0,False,True
3O1J,227,0.0,0.0,False,True
3O1J,228,0.4585,0.006517129784622252,True,False
3O1J,229,0.5375,0.0,True,False
3O1J,230,0.5823,0.006517129784622252,False,False
3O1J,231,0.3519,0.006517129784622252,False,False
3O1J,232,0.0262,0.0,False,True
3O1J,233,0.263,0.006517129784622252,False,False
3O1J,234,0.0201,0.0,False,True
3O1J,235,0.0,0.0,False,True
3O1J,236,0.0,0.0,False,True
3O1J,237,0.0,0.0019305881040062496,False,True
3O1J,238,0.0,0.006517129784622252,False,True
3O1J,239,0.0468,0.00398393036491463,False,True
3O1J,240,0.0,0.005311907153219507,False,True
3O1J,241,0.0,0.0,False,True
3O1J,242,0.2141,0.00398393036491463,False,True
3O1J,243,0.0,0.005311907153219507,False,True
3O1J,244,0.0,0.0,False,True
3O1J,245,0.2203,0.001450730945207008,False,True
3O1J,246,0.1796,0.006517129784622252,False,True
3O1J,247,0.0,0.0,False,True
3O1J,248,0.0,0.0,False,True
3O1J,249,0.2903,0.006517129784622252,False,False
3O1J,250,0.0215,0.0,False,True
3O1J,251,0.0,0.0,False,True
3O1J,252,0.0094,0.002053342260908381,False,True
3O1J,253,0.1846,0.00398393036491463,False,True
3O1J,254,0.2635,0.0,False,False
3O1J,255,0.2094,0.0,False,True
3O1J,256,0.3021,0.006517129784622252,False,False
3O1J,257,0.7113,0.006517129784622252,False,False
3O1J,258,0.3871,0.006517129784622252,False,False
3O1J,259,0.7029,0.006517129784622252,False,False
3O1J,260,0.1993,0.0,False,True
3O1J,261,0.5554,0.006517129784622252,False,False
3O1J,262,0.5259,0.006517129784622252,False,False
3O1J,263,0.5893,0.006517129784622252,False,False
3O1J,264,0.0696,0.0,False,True
3O1J,265,0.4298,0.00398393036491463,False,False
3O1J,266,0.0784,0.0,False,True
3O1J,267,0.6314,0.006517129784622252,False,False
3O1J,268,0.1726,0.002053342260908381,False,True
3O1J,269,0.3386,0.006517129784622252,False,False
3O1J,270,0.3703,0.005189152996317376,False,False
3O1J,271,0.0,0.0,False,True
3O1J,272,0.1957,0.0019305881040062496,False,True
3O1J,273,0.2403,0.0,False,True
3O1J,274,0.7531,0.006517129784622252,False,False
3O1J,275,0.2972,0.005311907153219507,False,False
3O1J,276,0.1371,0.0,False,True
3O1J,277,0.5051,0.006517129784622252,False,False
3O1J,278,0.5076,0.006517129784622252,False,False
3O1J,279,0.4871,0.006517129784622252,False,False
3O1J,280,0.0452,0.002053342260908381,False,True
3O1J,281,0.1103,0.0,False,True
3O1J,282,0.4489,0.006517129784622252,False,False
3O1J,283,0.241,0.006517129784622252,False,True
3O1J,284,0.0,0.0,False,True
3O1J,285,0.044,0.0,False,True
3O1J,286,0.0691,0.0,False,True
3O1J,287,0.3384,0.0,True,False
3O1J,288,0.7305,0.003258564892311126,True,False
3O1J,289,0.6366,0.006517129784622252,True,False
3O1J,290,0.1526,0.002053342260908381,False,True
3O1J,291,0.6068,0.006517129784622252,True,False
3O1J,292,0.3433,0.00398393036491463,True,False
3O1J,293,0.2596,0.006517129784622252,False,False
3O1J,294,0.3794,0.0033813190492132574,True,False
3O1J,295,0.7338,0.006517129784622252,True,False
3PNL,0,0.7918,0.005701673370452327,False,False
3PNL,1,0.8226,0.005701673370452327,False,False
3PNL,2,0.2914,0.004951502791463888,False,False
3PNL,3,0.929,0.005726176429565014,False,False
3PNL,4,0.2545,0.0,False,False
3PNL,5,0.5713,0.003967610725554429,False,False
3PNL,6,0.5276,0.005701673370452327,False,False
3PNL,7,0.4322,0.0020884145766813813,False,False
3PNL,8,0.7392,0.004742284363655555,False,False
3PNL,9,0.2832,0.005726176429565014,False,False
3PNL,10,0.0486,0.0020884145766813813,False,True
3PNL,11,0.1305,0.003967610725554429,False,True
3PNL,12,0.4757,0.005701673370452327,False,False
3PNL,13,0.3955,0.005677170311339639,False,False
3PNL,14,0.4062,0.005677170311339639,False,False
3PNL,15,0.1262,0.00298371865964497,False,True
3PNL,16,0.233,0.005701673370452327,False,True
3PNL,17,0.3587,0.005701673370452327,False,False
3PNL,18,0.1857,0.0,False,True
3PNL,19,0.2235,0.0020884145766813813,False,True
3PNL,20,0.7142,0.005701673370452327,False,False
3PNL,21,0.4895,0.004951502791463888,False,False
3PNL,22,0.2194,0.0,False,True
3PNL,23,0.7738,0.004717781304542867,False,False
3PNL,24,0.4059,0.004742284363655555,False,False
3PNL,25,0.054,0.0,False,True
3PNL,26,0.269,0.005677170311339639,False,False
3PNL,27,0.2584,0.002863088214782507,False,False
3PNL,28,0.1233,0.003967610725554429,False,True
3PNL,29,0.5703,0.005726176429565014,False,False
3PNL,30,0.7397,0.005726176429565014,False,False
3PNL,31,0.1367,0.0,False,True
3PNL,32,0.2076,0.0049269997323512,False,True
3PNL,33,0.0861,0.0,False,True
3PNL,34,0.0208,0.0,False,True
3PNL,35,0.0125,0.003967610725554429,False,True
3PNL,36,0.14,0.0049269997323512,False,True
3PNL,37,0.4562,0.004951502791463888,False,False
3PNL,38,0.4876,0.0037583922977460957,False,False
3PNL,39,0.0997,0.0020884145766813813,False,True
3PNL,40,0.4715,0.0020884145766813813,False,False
3PNL,41,0.2615,0.003943107666441741,False,False
3PNL,42,0.678,0.005701673370452327,False,False
3PNL,43,0.3921,0.0,False,False
3PNL,44,0.2247,0.0041768291533627626,False,True
3PNL,45,0.0741,0.0,False,True
3PNL,46,0.0374,0.0,False,True
3PNL,47,0.0,0.0,False,True
3PNL,48,0.0,0.0,False,True
3PNL,49,0.0,0.0020884145766813813,False,True
3PNL,50,0.0103,0.0,False,True
3PNL,51,0.0103,0.0,False,True
3PNL,52,0.0517,0.0020884145766813813,False,True
3PNL,53,0.0285,0.004717781304542867,False,True
3PNL,54,0.0313,0.0020884145766813813,False,True
3PNL,55,0.0049,0.003967610725554429,False,True
3PNL,56,0.4143,0.0037583922977460957,False,False
3PNL,57,0.1738,0.0,False,True
3PNL,58,0.0191,0.0020884145766813813,False,True
3PNL,59,0.0509,0.003967610725554429,False,True
3PNL,60,0.1116,0.004717781304542867,False,True
3PNL,61,0.0559,0.0,False,True
3PNL,62,0.0,0.0,False,True
3PNL,63,0.0054,0.0,False,True
3PNL,64,0.0464,0.0,False,True
3PNL,65,0.3139,0.005701673370452327,False,False
3PNL,66,0.0326,0.0,False,True
3PNL,67,0.0383,0.0,False,True
3PNL,68,0.0,0.0,False,True
3PNL,69,0.0787,0.004742284363655555,False,True
3PNL,70,0.0,0.0,False,True
3PNL,71,0.0,0.0,False,True
3PNL,72,0.0136,0.0,False,True
3PNL,73,0.1079,0.003967610725554429,False,True
3PNL,74,0.0993,0.0,False,True
3PNL,75,0.5602,0.005726176429565014,True,False
3PNL,76,0.2344,0.004717781304542867,False,True
3PNL,77,0.1731,0.004951502791463888,False,True
3PNL,78,0.396,0.003967610725554429,True,False
3PNL,79,0.1695,0.0,False,True
3PNL,80,0.0152,0.0,False,True
3PNL,81,0.2801,0.0020884145766813813,True,False
3PNL,82,0.1823,0.0020884145766813813,False,True
3PNL,83,0.3989,0.0037583922977460957,True,False
3PNL,84,0.2219,0.004717781304542867,False,True
3PNL,85,0.0,0.0,False,True
3PNL,86,0.1811,0.0020884145766813813,False,True
3PNL,87,0.3231,0.005701673370452327,False,False
3PNL,88,0.0,0.0,False,True
3PNL,89,0.0,0.0,False,True
3PNL,90,0.3785,0.0041768291533627626,False,False
3PNL,91,0.304,0.0020884145766813813,False,False
3PNL,92,0.0123,0.0,False,True
3PNL,93,0.2686,0.004742284363655555,False,False
3PNL,94,0.1212,0.0,False,True
3PNL,95,0.6099,0.0,False,False
3PNL,96,0.3682,0.005726176429565014,False,False
3PNL,97,0.0326,0.0,False,True
3PNL,98,0.0,0.0,False,True
3PNL,99,0.0,0.0,False,True
3PNL,100,0.0,0.0,False,True
3PNL,101,0.0061,0.0,False,True
3PNL,102,0.0184,0.0,False,True
3PNL,103,0.0,0.003967610725554429,False,True
3PNL,104,0.111,0.003967610725554429,False,True
3PNL,105,0.1148,0.004951502791463888,False,True
3PNL,106,0.4913,0.003967610725554429,True,False
3PNL,107,0.2815,0.0020884145766813813,True,False
3PNL,108,0.0167,0.004717781304542867,False,True
3PNL,109,0.1655,0.0032174401465659905,False,True
3PNL,110,0.5033,0.003967610725554429,True,False
3PNL,111,0.1953,0.0,False,True
3PNL,112,0.0,0.0,False,True
3PNL,113,0.104,0.003733889238633408,False,True
3PNL,114,0.3953,0.0032174401465659905,True,False
3PNL,115,0.0,0.0,False,True
3PNL,116,0.0,0.0020884145766813813,False,True
3PNL,117,0.3166,0.005726176429565014,False,False
3PNL,118,0.3698,0.0049269997323512,False,False
3PNL,119,0.0,0.0,False,True
3PNL,120,0.2315,0.0018791961488730479,False,True
3PNL,121,0.6518,0.005701673370452327,False,False
3PNL,122,0.4269,0.004742284363655555,False,False
3PNL,123,0.6616,0.0,False,False
3PNL,124,0.0532,0.0,False,True
3PNL,125,0.362,0.0041768291533627626,False,False
3PNL,126,0.0,0.0,False,True
3PNL,127,0.0203,0.0020884145766813813,False,True
3PNL,128,0.0062,0.0020884145766813813,False,True
3PNL,129,0.0,0.0,False,True
3PNL,130,0.0723,0.003967610725554429,False,True
3PNL,131,0.0,0.0020884145766813813,False,True
3PNL,132,0.0,0.004717781304542867,False,True
3PNL,133,0.0,0.0018791961488730479,False,True
3PNL,134,0.0,0.003967610725554429,False,True
3PNL,135,0.0,0.0,False,True
3PNL,136,0.0332,0.0020884145766813813,False,True
3PNL,137,0.2082,0.003967610725554429,False,True
3PNL,138,0.4662,0.004951502791463888,False,False
3PNL,139,0.4389,0.005726176429565014,False,False
3PNL,140,0.2059,0.004717781304542867,False,True
3PNL,141,0.5339,0.005701673370452327,False,False
3PNL,142,0.7567,0.005701673370452327,True,False
3PNL,143,0.393,0.0020884145766813813,True,False
3PNL,144,0.6593,0.004717781304542867,True,False
3PNL,145,0.1289,0.0020884145766813813,False,True
3PNL,146,0.0088,0.0041768291533627626,False,True
3PNL,147,0.1092,0.004951502791463888,False,True
3PNL,148,0.0,0.0,False,True
3PNL,149,0.0416,0.0020884145766813813,False,True
3PNL,150,0.0085,0.0020884145766813813,False,True
3PNL,151,0.0,0.0,False,True
3PNL,152,0.0,0.0028385851556698193,False,True
3PNL,153,0.0,0.0,False,True
3PNL,154,0.0,0.0,False,True
3PNL,155,0.0,0.0020884145766813813,False,True
3PNL,156,0.0,0.0020884145766813813,False,True
3PNL,157,0.0,0.0049269997323512,False,True
3PNL,158,0.0,0.0,False,True
3PNL,159,0.0069,0.0,False,True
3PNL,160,0.0206,0.0,False,True
3PNL,161,0.0603,0.0,False,True
3PNL,162,0.0094,0.0,False,True
3PNL,163,0.0281,0.0,False,True
3PNL,164,0.2608,0.004717781304542867,False,False
3PNL,165,0.583,0.005701673370452327,False,False
3PNL,166,0.4471,0.0,False,False
3PNL,167,0.1951,0.003967610725554429,False,True
3PNL,168,0.4096,0.0020884145766813813,False,False
3PNL,169,0.012,0.0,False,True
3PNL,170,0.423,0.005726176429565014,False,False
3PNL,171,0.3764,0.005726176429565014,False,False
3PNL,172,0.0,0.0,False,True
3PNL,173,0.0094,0.0049269997323512,False,True
3PNL,174,0.2502,0.005726176429565014,False,False
3PNL,175,0.1491,0.0,False,True
3PNL,176,0.0,0.0,False,True
3PNL,177,0.1799,0.00298371865964497,False,True
3PNL,178,0.4506,0.005701673370452327,False,False
3PNL,179,0.0,0.0,False,True
3PNL,180,0.0056,0.0020884145766813813,False,True
3PNL,181,0.1851,0.003967610725554429,False,True
3PNL,182,0.1386,0.0041768291533627626,False,True
3PNL,183,0.0,0.0,False,True
3PNL,184,0.0098,0.0049269997323512,False,True
3PNL,185,0.0,0.0007501705789884383,False,True
3PNL,186,0.0061,0.003967610725554429,False,True
3PNL,187,0.0337,0.0,False,True
3PNL,188,0.0061,0.0020884145766813813,False,True
3PNL,189,0.0,0.0020884145766813813,False,True
3PNL,190,0.2935,0.0,False,False
3PNL,191,0.1626,0.005677170311339639,False,True
3PNL,192,0.167,0.0,False,True
3PNL,193,0.0077,0.003967610725554429,False,True
3PNL,194,0.0888,0.0018791961488730479,False,True
3PNL,195,0.277,0.004951502791463888,True,False
3PNL,196,0.177,0.0020884145766813813,False,True
3PNL,197,0.6674,0.004717781304542867,True,False
3PNL,198,0.3398,0.004951502791463888,True,False
3PNL,199,0.4815,0.005726176429565014,False,False
3PNL,200,0.5901,0.005677170311339639,True,False
3PNL,201,0.3527,0.003967610725554429,True,False
3PNL,202,0.3658,0.003967610725554429,True,False
3PNL,203,0.0889,0.0,False,True
3PNL,204,0.6568,0.005726176429565014,False,False
3PNL,205,0.2082,0.0020884145766813813,False,True
3PNL,206,0.3863,0.005677170311339639,False,False
3PNL,207,0.815,0.005701673370452327,False,False
3PNL,208,0.4843,0.004742284363655555,False,False
3PNL,209,0.2577,0.004742284363655555,False,False
3PNL,210,0.0,0.0018791961488730479,False,True
3PNL,211,0.0192,0.004717781304542867,False,True
3PNL,212,0.0151,0.003967610725554429,False,True
3PNL,213,0.0,0.0,False,True
3PNL,214,0.0316,0.0020884145766813813,False,True
3PNL,215,0.0646,0.003967610725554429,False,True
3PNL,216,0.0123,0.005701673370452327,False,True
3PNL,217,0.1751,0.003967610725554429,False,True
3PNL,218,0.0438,0.0020884145766813813,False,True
3PNL,219,0.2696,0.005701673370452327,True,False
3PNL,220,0.432,0.0041768291533627626,True,False
3PNL,221,0.1881,0.0,False,True
3PNL,222,0.4077,0.003967610725554429,True,False
3PNL,223,0.2549,0.004717781304542867,True,False
3PNL,224,0.4071,0.003967610725554429,True,False
3PNL,225,0.223,0.003967610725554429,False,True
3PNL,226,0.5613,0.003967610725554429,False,False
3PNL,227,0.2688,0.0018791961488730479,False,False
3PNL,228,0.5628,0.005701673370452327,False,False
3PNL,229,0.2855,0.0020884145766813813,False,False
3PNL,230,0.3259,0.0020884145766813813,False,False
3PNL,231,0.3493,0.005726176429565014,False,False
3PNL,232,0.3265,0.005726176429565014,False,False
3PNL,233,0.014,0.0020884145766813813,False,True
3PNL,234,0.0,0.0,False,True
3PNL,235,0.1736,0.005677170311339639,False,True
3PNL,236,0.1888,0.0041768291533627626,False,True
3PNL,237,0.0,0.0,False,True
3PNL,238,0.0101,0.0,False,True
3PNL,239,0.3576,0.004976005850576576,False,False
3PNL,240,0.1472,0.004951502791463888,False,True
3PNL,241,0.0173,0.0,False,True
3PNL,242,0.2616,0.0,False,False
3PNL,243,0.6144,0.005701673370452327,False,False
3PNL,244,0.0671,0.003967610725554429,False,True
3PNL,245,0.0,0.0,False,True
3PNL,246,0.4635,0.005701673370452327,False,False
3PNL,247,0.0308,0.0041768291533627626,False,True
3PNL,248,0.4046,0.003967610725554429,False,False
3PNL,249,0.0397,0.003992113784667117,False,True
3PNL,250,0.3972,0.0018791961488730479,False,False
3PNL,251,0.0841,0.004951502791463888,False,True
3PNL,252,0.2993,0.004976005850576576,True,False
3PNL,253,0.1711,0.004951502791463888,False,True
3PNL,254,0.0499,0.0020884145766813813,False,True
3PNL,255,0.1291,0.002863088214782507,False,True
3PNL,256,0.204,0.0020884145766813813,False,True
3PNL,257,0.6549,0.005726176429565014,False,False
3PNL,258,0.5859,0.005701673370452327,False,False
3PNL,259,0.2924,0.002629366727861486,False,False
3PNL,260,0.2699,0.005701673370452327,False,False
3PNL,261,0.1535,0.0020884145766813813,False,True
3PNL,262,0.3325,0.005701673370452327,False,False
3PNL,263,0.5285,0.003967610725554429,False,False
3PNL,264,0.2807,0.005677170311339639,False,False
3PNL,265,0.6244,0.005726176429565014,False,False
3PNL,266,0.0818,0.003967610725554429,False,True
3PNL,267,0.5462,0.003967610725554429,False,False
3PNL,268,0.0335,0.003967610725554429,False,True
3PNL,269,0.5552,0.005726176429565014,False,False
3PNL,270,0.2042,0.003967610725554429,False,True
3PNL,271,0.066,0.0,False,True
3PNL,272,0.4051,0.0049269997323512,False,False
3PNL,273,0.6164,0.004951502791463888,False,False
3PNL,274,0.5661,0.0,False,False
3PNL,275,0.1346,0.0037583922977460957,False,True
3PNL,276,0.2467,0.005677170311339639,False,True
3PNL,277,0.0,0.0,False,True
3PNL,278,0.0061,0.0020884145766813813,False,True
3PNL,279,0.0083,0.0,False,True
3PNL,280,0.0,0.0,False,True
3PNL,281,0.0,0.0,False,True
3PNL,282,0.0,0.0020884145766813813,False,True
3PNL,283,0.0776,0.0020884145766813813,False,True
3PNL,284,0.018,0.003967610725554429,False,True
3PNL,285,0.3143,0.0,False,False
3PNL,286,0.3565,0.003967610725554429,False,False
3PNL,287,0.0795,0.0,False,True
3PNL,288,0.3494,0.003967610725554429,False,False
3PNL,289,0.4461,0.003967610725554429,False,False
3PNL,290,0.5586,0.005726176429565014,False,False
3PNL,291,0.4429,0.005726176429565014,False,False
3PNL,292,0.006,0.0,False,True
3PNL,293,0.4629,0.005726176429565014,False,False
3PNL,294,0.2386,0.005677170311339639,False,True
3PNL,295,0.0347,0.0,False,True
3PNL,296,0.1601,0.002297633004489714,False,True
3PNL,297,0.5407,0.005726176429565014,False,False
3PNL,298,0.2052,0.0020884145766813813,False,True
3PNL,299,0.0,0.0,False,True
3PNL,300,0.1723,0.003967610725554429,False,True
3PNL,301,0.2946,0.005677170311339639,False,False
3PNL,302,0.1417,0.003967610725554429,False,True
3PNL,303,0.0072,0.0,False,True
3PNL,304,0.6394,0.005701673370452327,False,False
3PNL,305,0.6005,0.005726176429565014,False,False
3PNL,306,0.2411,0.003943107666441741,False,True
3PNL,307,0.2671,0.0,False,False
3PNL,308,0.05,0.0,False,True
3PNL,309,0.3881,0.004951502791463888,False,False
3PNL,310,0.2018,0.0,False,True
3PNL,311,0.2649,0.003992113784667117,False,False
3PNL,312,0.2742,0.003943107666441741,False,False
3PNL,313,0.365,0.005726176429565014,False,False
3PNL,314,0.0721,0.005701673370452327,False,True
3PNL,315,0.1413,0.0,False,True
3PNL,316,0.0929,0.0,False,True
3PNL,317,0.3584,0.005701673370452327,False,False
3PNL,318,0.1289,0.0,False,True
3PNL,319,0.0,0.0020884145766813813,False,True
3PNL,320,0.0546,0.0018791961488730479,False,True
3PNL,321,0.0,0.0028385851556698193,False,True
3PNL,322,0.2202,0.003967610725554429,False,True
3PNL,323,0.3139,0.0028385851556698193,False,False
3PNL,324,0.0054,0.0020884145766813813,False,True
3PNL,325,0.2907,0.003967610725554429,False,False
3PNL,326,0.0116,0.0,False,True
3PNL,327,0.0704,0.0,False,True
3PNL,328,0.0372,0.0020884145766813813,False,True
3PNL,329,0.0061,0.0,False,True
3PNL,330,0.0,0.0,False,True
3PNL,331,0.0,0.0,False,True
3PNL,332,0.0,0.0,False,True
3PNL,333,0.2589,0.004951502791463888,False,False
3PNL,334,0.0886,0.0,False,True
3PNL,335,0.2349,0.002863088214782507,False,True
3PNL,336,0.4813,0.005726176429565014,False,False
3PNL,337,0.5308,0.005701673370452327,False,False
3PNL,338,0.0498,0.0,False,True
3PNL,339,0.0541,0.0020884145766813813,False,True
3PNL,340,0.4649,0.005701673370452327,False,False
3PNL,341,0.0601,0.0018791961488730479,False,True
3PNL,342,0.0315,0.0,False,True
3PNL,343,0.4125,0.005726176429565014,False,False
3PNL,344,0.2153,0.0018791961488730479,False,True
3PNL,345,0.3147,0.0,False,False
3PNL,346,0.0,0.0,False,True
3PNL,347,0.2279,0.003967610725554429,False,True
3PNL,348,0.0709,0.0,False,True
3PNL,349,0.3423,0.0,False,False
3PNL,350,0.2421,0.0,False,True
3PNL,351,0.018,0.0,False,True
3PNL,352,0.5037,0.005677170311339639,False,False
3PNL,353,0.2373,0.0018791961488730479,False,True
3PNL,354,0.5708,0.0,False,False
3PNL,355,0.45,0.005701673370452327,False,False
3R2C,0,0.4789,0.011892712550607287,False,False
3R2C,1,0.6831,0.011892712550607287,False,False
3R2C,2,0.2982,0.011856564488143435,False,False
3R2C,3,0.1796,0.01192886061307114,False,True
3R2C,4,0.2512,0.01192886061307114,False,False
3R2C,5,0.3335,0.011856564488143435,False,False
3R2C,6,0.0094,0.0,False,True
3R2C,7,0.016,0.003434065934065934,False,True
3R2C,8,0.1251,0.011856564488143435,False,True
3R2C,9,0.0125,0.0,False,True
3R2C,10,0.0,0.0,False,True
3R2C,11,0.0151,0.003397917871602082,False,True
3R2C,12,0.1796,0.006868131868131868,False,True
3R2C,13,0.0069,0.0,False,True
3R2C,14,0.018,0.0,False,True
3R2C,15,0.2946,0.0,True,False
3R2C,16,0.213,0.006795835743204164,False,True
3R2C,17,0.198,0.0025665124349334876,False,True
3R2C,18,0.2408,0.011892712550607287,False,True
3R2C,19,0.447,0.0,True,False
3R2C,20,0.3903,0.003397917871602082,True,False
3R2C,21,0.5902,0.01192886061307114,False,False
3R2C,22,0.3558,0.01192886061307114,True,False
3R2C,23,0.395,0.009362348178137652,False,False
3R2C,24,0.1747,0.0,False,True
3R2C,25,0.4236,0.011856564488143435,False,False
3R2C,26,0.4922,0.011856564488143435,False,False
3R2C,27,0.006,0.0,False,True
3R2C,28,0.0654,0.0,False,True
3R2C,29,0.529,0.01192886061307114,False,False
3R2C,30,0.2729,0.011856564488143435,True,False
3R2C,31,0.0069,0.0,False,True
3R2C,32,0.1095,0.0068319838056680165,False,True
3R2C,33,0.6021,0.011856564488143435,True,False
3R2C,34,0.5067,0.011892712550607287,True,False
3R2C,35,0.3135,0.01192886061307114,False,False
3R2C,36,0.5538,0.01192886061307114,False,False
3R2C,37,0.2314,0.0,False,True
3R2C,38,0.6774,0.011892712550607287,False,False
3R2C,39,0.4285,0.011892712550607287,False,False
3R2C,40,0.5882,0.011856564488143435,False,False
3R2C,41,0.4048,0.011892712550607287,False,False
3R2C,42,0.1394,0.0,False,True
3R2C,43,0.284,0.011892712550607287,False,False
3R2C,44,0.4314,0.011892712550607287,False,False
3R2C,45,0.0912,0.011856564488143435,False,True
3R2C,46,0.0,0.0,False,True
3R2C,47,0.3678,0.01192886061307114,False,False
3R2C,48,0.338,0.01192886061307114,False,False
3R2C,49,0.006,0.0068319838056680165,False,True
3R2C,50,0.0278,0.0,False,True
3R2C,51,0.4166,0.01192886061307114,False,False
3R2C,52,0.0249,0.003434065934065934,False,True
3R2C,53,0.0,0.003397917871602082,False,True
3R2C,54,0.2636,0.0,False,False
3R2C,55,0.5592,0.011856564488143435,False,False
3R2C,56,0.2106,0.0,False,True
3R2C,57,0.1404,0.011892712550607287,False,True
3R2C,58,0.6793,0.011856564488143435,False,False
3R2C,59,0.4379,0.011856564488143435,False,False
3R2C,60,0.0,0.0,False,True
3R2C,61,0.1458,0.011856564488143435,False,True
3R2C,62,0.4557,0.01192886061307114,False,False
3R2C,63,0.1962,0.0068319838056680165,False,True
3R2C,64,0.0,0.0,False,True
3R2C,65,0.3418,0.011856564488143435,False,False
3R2C,66,0.7174,0.01192886061307114,False,False
3R2C,67,0.2186,0.0068319838056680165,False,True
3R2C,68,0.0514,0.0,False,True
3R2C,69,0.7737,0.011892712550607287,False,False
3R2C,70,0.7512,0.0068319838056680165,False,False
3R2C,71,0.487,0.01192886061307114,False,False
3R2C,72,0.3623,0.01192886061307114,False,False
3R2C,73,0.0858,0.003397917871602082,False,True
3R2C,74,0.5875,0.009398496240601503,True,False
3R2C,75,0.5488,0.011856564488143435,True,False
3R2C,76,0.0921,0.0,False,True
3R2C,77,0.2594,0.0,True,False
3R2C,78,0.3724,0.0068319838056680165,True,False
3R2C,79,0.0972,0.0,False,True
3R2C,80,0.1832,0.011856564488143435,False,True
3R2C,81,0.058,0.01192886061307114,False,True
3R2C,82,0.0,0.003397917871602082,False,True
3R2C,83,0.0,0.0,False,True
3R2C,84,0.0,0.0,False,True
3R2C,85,0.0679,0.00690427993059572,False,True
3R2C,86,0.0,0.0,False,True
3R2C,87,0.0,0.0,False,True
3R2C,88,0.0,0.0,False,True
3R2C,89,0.0,0.003397917871602082,False,True
3R2C,90,0.0144,0.009398496240601503,False,True
3R2C,91,0.0113,0.0,False,True
3R2C,92,0.1185,0.0068319838056680165,False,True
3R2C,93,0.2078,0.0068319838056680165,False,True
3R2C,94,0.2608,0.00596443030653557,False,False
3R2C,95,0.5539,0.011856564488143435,False,False
3R2C,96,0.1306,0.003397917871602082,False,True
3R2C,97,0.7885,0.01192886061307114,False,False
3R2C,98,0.1371,0.011892712550607287,False,True
3R2C,99,0.1899,0.009398496240601503,False,True
3R2C,100,0.4318,0.011856564488143435,False,False
3R2C,101,0.5106,0.011892712550607287,False,False
3R2C,102,0.0,0.0,False,True
3R2C,103,0.1459,0.0068319838056680165,False,True
3R2C,104,0.5449,0.011856564488143435,False,False
3R2C,105,0.084,0.009398496240601503,False,True
3R2C,106,0.0061,0.0,False,True
3R2C,107,0.1319,0.009398496240601503,False,True
3R2C,108,0.3179,0.011856564488143435,False,False
3R2C,109,0.0601,0.0,False,True
3R2C,110,0.0,0.0,False,True
3R2C,111,0.3648,0.01192886061307114,True,False
3R2C,112,0.5821,0.01192886061307114,True,False
3R2C,113,0.364,0.003397917871602082,True,False
3R2C,114,0.345,0.003397917871602082,True,False
3R2C,115,0.4243,0.00596443030653557,True,False
3R2C,116,0.4967,0.011856564488143435,False,False
3R2C,117,0.6641,0.011856564488143435,False,False
3R2C,118,0.0553,0.00690427993059572,False,True
3R2C,119,0.0451,0.009398496240601503,False,True
3R2C,120,0.6706,0.011856564488143435,False,False
3R2C,121,0.3512,0.01192886061307114,False,False
3R2C,122,0.0,0.0,False,True
3R2C,123,0.3226,0.01192886061307114,False,False
3R2C,124,0.4126,0.011856564488143435,False,False
3R2C,125,0.0625,0.003397917871602082,False,True
3R2C,126,0.012,0.0,False,True
3R2C,127,0.1841,0.011892712550607287,False,True
3R2C,128,0.3225,0.01192886061307114,False,False
3R2C,129,0.0231,0.003397917871602082,False,True
3R2C,130,0.1621,0.0068319838056680165,False,True
3R2C,131,0.4613,0.011856564488143435,False,False
3R2C,132,0.3289,0.011856564488143435,False,False
3R2C,133,0.2199,0.0068319838056680165,False,True
3R2C,134,0.4413,0.011892712550607287,False,False
3R2C,135,0.6523,0.01192886061307114,False,False
3R2C,136,0.5992,0.011856564488143434,False,False
3R2C,137,0.6695,0.011928860613071142,False,False
3R2D,0,0.8426,0.012312633832976448,False,False
3R2D,1,0.3598,0.012359869001133646,False,False
3R2D,2,0.6256,0.009887895200906917,False,False
3R2D,3,0.2772,0.009887895200906917,False,False
3R2D,4,0.1916,0.012312633832976448,False,True
3R2D,5,0.3474,0.012312633832976448,False,False
3R2D,6,0.2997,0.012312633832976448,False,False
3R2D,7,0.0,0.0,False,True
3R2D,8,0.0124,0.003731578284418693,False,True
3R2D,9,0.0938,0.012407104169290844,False,True
3R2D,10,0.0319,0.0,False,True
3R2D,11,0.0,0.0,False,True
3R2D,12,0.0151,0.0,False,True
3R2D,13,0.1856,0.012407104169290844,False,True
3R2D,14,0.0139,0.0,False,True
3R2D,15,0.018,0.0,False,True
3R2D,16,0.3242,0.0072427257841037925,True,False
3R2D,17,0.1615,0.012312633832976448,False,True
3R2D,18,0.2109,0.0,False,True
3R2D,19,0.2353,0.007463156568837387,False,True
3R2D,20,0.4816,0.0037315782844186936,True,False
3R2D,21,0.3749,0.0,True,False
3R2D,22,0.5902,0.012359869001133646,False,False
3R2D,23,0.4183,0.007463156568837387,True,False
3R2D,24,0.4808,0.007463156568837387,False,False
3R2D,25,0.2051,0.0,False,True
3R2D,26,0.3203,0.012407104169290844,False,False
3R2D,27,0.4574,0.012407104169290844,False,False
3R2D,28,0.0,0.0,False,True
3R2D,29,0.0553,0.0,False,True
3R2D,30,0.5486,0.012407104169290844,False,False
3R2D,31,0.2284,0.007463156568837387,False,True
3R2D,32,0.0069,0.0,False,True
3R2D,33,0.1241,0.0,False,True
3R2D,34,0.5673,0.012359869001133646,True,False
3R2D,35,0.4819,0.012312633832976448,True,False
3R2D,36,0.3405,0.012312633832976448,False,False
3R2D,37,0.5397,0.012359869001133646,False,False
3R2D,38,0.2069,0.006203552084645422,False,True
3R2D,39,0.6911,0.012359869001133646,False,False
3R2D,40,0.4393,0.009935130369064116,False,False
3R2D,41,0.5552,0.012359869001133646,False,False
3R2D,42,0.3978,0.012312633832976448,False,False
3R2D,43,0.13,0.003511147499685099,False,True
3R2D,44,0.3763,0.0037315782844186936,False,False
3R2D,45,0.4153,0.012359869001133646,False,False
3R2D,46,0.0735,0.012407104169290844,False,True
3R2D,47,0.0187,0.0,False,True
3R2D,48,0.3781,0.012312633832976448,False,False
3R2D,49,0.4008,0.012312633832976448,False,False
3R2D,50,0.006,0.0,False,True
3R2D,51,0.0278,0.0,False,True
3R2D,52,0.3172,0.012407104169290844,False,False
3R2D,53,0.0522,0.0037315782844186936,False,True
3R2D,54,0.0,0.0,False,True
3R2D,55,0.2236,0.0,False,True
3R2D,56,0.6304,0.012312633832976448,False,False
3R2D,57,0.2545,0.0,False,False
3R2D,58,0.1471,0.012312633832976448,False,True
3R2D,59,0.6803,0.012407104169290844,False,False
3R2D,60,0.4365,0.012407104169290844,False,False
3R2D,61,0.0,0.0,False,True
3R2D,62,0.1562,0.012407104169290844,False,True
3R2D,63,0.4119,0.012312633832976448,False,False
3R2D,64,0.2084,0.005983121299911829,False,True
3R2D,65,0.0,0.0,False,True
3R2D,66,0.322,0.007463156568837387,False,False
3R2D,67,0.6635,0.012359869001133646,False,False
3R2D,68,0.287,0.003511147499685099,False,False
3R2D,69,0.0674,0.0,False,True
3R2D,70,0.8052,0.012407104169290844,False,False
3R2D,71,0.8056,0.003511147499685099,False,False
3R2D,72,0.3806,0.012359869001133646,True,False
3R2D,73,0.2261,0.012359869001133646,False,True
3R2D,74,0.0184,0.003511147499685099,False,True
3R2D,75,0.5977,0.012407104169290844,False,False
3R2D,76,0.5541,0.009935130369064116,True,False
3R2D,77,0.0674,0.0,False,True
3R2D,78,0.3153,0.009887895200906917,True,False
3R2D,79,0.3465,0.003511147499685099,True,False
3R2D,80,0.1243,0.0,False,True
3R2D,81,0.164,0.009935130369064116,False,True
3R2D,82,0.0376,0.012312633832976448,False,True
3R2D,83,0.0055,0.003511147499685099,False,True
3R2D,84,0.0,0.0,False,True
3R2D,85,0.0,0.0,False,True
3R2D,86,0.0975,0.004597556367300669,False,True
3R2D,87,0.0,0.0,False,True
3R2D,88,0.0,0.003511147499685099,False,True
3R2D,89,0.0069,0.003511147499685099,False,True
3R2D,90,0.0,0.0,False,True
3R2D,91,0.0,0.009887895200906917,False,True
3R2D,92,0.0227,0.0072427257841037925,False,True
3R2D,93,0.1185,0.0037315782844186936,False,True
3R2D,94,0.1899,0.0,False,True
3R2D,95,0.3082,0.0026451694168031243,False,False
3R2D,96,0.5531,0.012312633832976448,False,False
3R2D,97,0.1228,0.003511147499685099,False,True
3R2D,98,0.8192,0.012407104169290844,False,False
3R2D,99,0.1541,0.012359869001133646,False,True
3R2D,100,0.2354,0.009887895200906917,False,True
3R2D,101,0.3983,0.012407104169290844,False,False
3R2D,102,0.344,0.012407104169290844,False,False
3R2D,103,0.0,0.0,False,True
3R2D,104,0.1359,0.009714699584330522,False,True
3R2D,105,0.3617,0.012407104169290844,False,False
3R2D,106,0.0625,0.006156316916488224,False,True
3R2D,107,0.0,0.003511147499685099,False,True
3R2D,108,0.0972,0.0072427257841037925,False,True
3R2D,109,0.3527,0.012407104169290844,False,False
3R2D,110,0.0661,0.003511147499685099,False,True
3R2D,111,0.0,0.0,False,True
3R2D,112,0.3452,0.012312633832976448,True,False
3R2D,113,0.4755,0.012312633832976448,True,False
3R2D,114,0.3976,0.0072427257841037925,True,False
3R2D,115,0.3189,0.003511147499685099,True,False
3R2D,116,0.3896,0.006203552084645422,True,False
3R2D,117,0.4184,0.012407104169290844,False,False
3R2D,118,0.7072,0.012359869001133646,False,False
3R2D,119,0.0468,0.009887895200906917,False,True
3R2D,120,0.0116,0.0072427257841037925,False,True
3R2D,121,0.577,0.012407104169290844,False,False
3R2D,122,0.3009,0.012312633832976448,False,False
3R2D,123,0.0,0.0,False,True
3R2D,124,0.3391,0.012312633832976448,False,False
3R2D,125,0.3688,0.012359869001133646,False,False
3R2D,126,0.0763,0.0,False,True
3R2D,127,0.0,0.0037315782844186936,False,True
3R2D,128,0.3087,0.012407104169290844,False,False
3R2D,129,0.3132,0.012312633832976448,False,False
3R2D,130,0.0286,0.0,False,True
3R2D,131,0.1958,0.0072427257841037925,False,True
3R2D,132,0.5857,0.012359869001133646,False,False
3R2D,133,0.3962,0.012407104169290844,False,False
3R2D,134,0.3035,0.0072427257841037925,False,False
3R2D,135,0.5992,0.012359869001133646,False,False
3R2D,136,0.6344,0.012312633832976448,False,False
3R2D,137,0.7949,0.012312633832976448,False,False
3TFY,0,0.7382,0.011980531636091352,False,False
3TFY,1,0.7362,0.0072257581430175966,False,False
3TFY,2,0.7076,0.0,False,False
3TFY,3,0.4186,0.0,False,False
3TFY,4,0.5319,0.009659303631598653,False,False
3TFY,5,0.0831,0.0,False,True
3TFY,6,0.4261,0.012055409958816923,False,False
3TFY,7,0.2264,0.0,False,True
3TFY,8,0.1393,0.0072257581430175966,False,True
3TFY,9,0.4268,0.011980531636091352,False,False
3TFY,10,0.1239,0.0,False,True
3TFY,11,0.2839,0.0,False,False
3TFY,12,0.631,0.01190565331336578,False,False
3TFY,13,0.7414,0.009621864470235867,False,False
3TFY,14,0.1292,0.0,False,True
3TFY,15,0.1349,0.0072257581430175966,False,True
3TFY,16,0.6592,0.011980531636091352,False,False
3TFY,17,0.2949,0.01190565331336578,False,False
3TFY,18,0.0,0.0,False,True
3TFY,19,0.2457,0.012055409958816923,False,True
3TFY,20,0.4803,0.012055409958816923,False,False
3TFY,21,0.0481,0.0,False,True
3TFY,22,0.0117,0.0035192811681018345,False,True
3TFY,23,0.4137,0.012055409958816923,False,False
3TFY,24,0.6459,0.01190565331336578,False,False
3TFY,25,0.1578,0.0,False,True
3TFY,26,0.1682,0.0060277049794084615,False,True
3TFY,27,0.5028,0.009546986147510296,True,False
3TFY,28,0.2013,0.0072257581430175966,False,True
3TFY,29,0.5273,0.01190565331336578,False,False
3TFY,30,0.2561,0.0035192811681018345,True,False
3TFY,31,0.4937,0.009472107824784725,False,False
3TFY,32,0.6275,0.01190565331336578,False,False
3TFY,33,0.5536,0.01190565331336578,False,False
3TFY,34,0.0543,0.003706476974915762,False,True
3TFY,35,0.0592,0.0,False,True
3TFY,36,0.5544,0.01190565331336578,False,False
3TFY,37,0.3492,0.011980531636091352,False,False
3TFY,38,0.0455,0.003706476974915762,False,True
3TFY,39,0.3302,0.0,False,False
3TFY,40,0.6477,0.012055409958816923,False,False
3TFY,41,0.2621,0.011980531636091352,False,False
3TFY,42,0.4288,0.0,False,False
3TFY,43,0.3968,0.01190565331336578,False,False
3TFY,44,0.0961,0.003706476974915762,False,True
3TFY,45,0.0166,0.0,False,True
3TFY,46,0.0705,0.007412953949831524,False,True
3TFY,47,0.012,0.0,False,True
3TFY,48,0.0,0.0,False,True
3TFY,49,0.1922,0.003706476974915762,False,True
3TFY,50,0.1761,0.003706476974915762,False,True
3TFY,51,0.3944,0.0072257581430175966,False,False
3TFY,52,0.654,0.009546986147510296,False,False
3TFY,53,0.3985,0.01190565331336578,False,False
3TFY,54,0.1117,0.0035192811681018345,False,True
3TFY,55,0.0069,0.0,False,True
3TFY,56,0.0,0.0,False,True
3TFY,57,0.0,0.0,False,True
3TFY,58,0.0069,0.0072257581430175966,False,True
3TFY,59,0.0,0.0,False,True
3TFY,60,0.0192,0.003706476974915762,False,True
3TFY,61,0.3769,0.01190565331336578,True,False
3TFY,62,0.3697,0.011980531636091352,False,False
3TFY,63,0.1062,0.011980531636091352,False,True
3TFY,64,0.614,0.01190565331336578,False,False
3TFY,65,0.2026,0.01190565331336578,False,True
3TFY,66,0.5696,0.01190565331336578,False,False
3TFY,67,0.9088,0.011980531636091352,False,False
3TFY,68,0.2487,0.012055409958816923,False,True
3TFY,69,0.2672,0.012055409958816923,False,False
3TFY,70,0.0359,0.009734181954324224,False,True
3TFY,71,0.0,0.0,False,True
3TFY,72,0.107,0.009546986147510296,False,True
3TFY,73,0.0224,0.0,False,True
3TFY,74,0.2274,0.012055409958816923,False,True
3TFY,75,0.014,0.009546986147510296,False,True
3TFY,76,0.1362,0.0,False,True
3TFY,77,0.1045,0.0023212280044926994,False,True
3TFY,78,0.0773,0.0,False,True
3TFY,79,0.2103,0.003706476974915762,False,True
3TFY,80,0.4801,0.012055409958816923,False,False
3TFY,81,0.6901,0.0060277049794084615,False,False
3TFY,82,0.2523,0.0,False,False
3TFY,83,0.4466,0.0060277049794084615,False,False
3TFY,84,0.8348,0.012055409958816923,False,False
3TFY,85,0.4457,0.012055409958816923,False,False
3TFY,86,0.3856,0.003706476974915762,False,False
3TFY,87,0.0117,0.003706476974915762,False,True
3TFY,88,0.156,0.0,False,True
3TFY,89,0.2798,0.011980531636091352,False,False
3TFY,90,0.3173,0.0035192811681018345,False,False
3TFY,91,0.0,0.003706476974915762,False,True
3TFY,92,0.0,0.0,False,True
3TFY,93,0.304,0.011980531636091352,False,False
3TFY,94,0.1946,0.0060277049794084615,False,True
3TFY,95,0.0139,0.003706476974915762,False,True
3TFY,96,0.1588,0.0,False,True
3TFY,97,0.4651,0.012055409958816923,False,False
3TFY,98,0.2357,0.0072257581430175966,False,True
3TFY,99,0.0192,0.0,False,True
3TFY,100,0.6101,0.012055409958816923,False,False
3TFY,101,0.7145,0.01190565331336578,False,False
3TFY,102,0.3568,0.01190565331336578,False,False
3TFY,103,0.616,0.00595282665668289,False,False
3TFY,104,0.3712,0.011980531636091352,False,False
3TFY,105,0.081,0.003706476974915762,False,True
3TFY,106,0.2242,0.009472107824784725,False,True
3TFY,107,0.0112,0.009546986147510296,False,True
3TFY,108,0.0061,0.0,False,True
3TFY,109,0.0683,0.0072257581430175966,False,True
3TFY,110,0.036,0.0,False,True
3TFY,111,0.1773,0.0035192811681018345,False,True
3TFY,112,0.0486,0.0,False,True
3TFY,113,0.1802,0.0035192811681018345,False,True
3TFY,114,0.303,0.0035192811681018345,False,False
3TFY,115,0.4152,0.009546986147510296,False,False
3TFY,116,0.3055,0.003706476974915762,True,False
3TFY,117,0.6149,0.011980531636091352,False,False
3TFY,118,0.5393,0.011980531636091352,False,False
3TFY,119,0.1404,0.0,False,True
3TFY,120,0.141,0.0072257581430175966,False,True
3TFY,121,0.5637,0.012055409958816923,False,False
3TFY,122,0.2461,0.0,False,True
3TFY,123,0.0444,0.0,False,True
3TFY,124,0.5878,0.012055409958816923,False,False
3TFY,125,0.7413,0.009734181954324224,False,False
3TFY,126,0.1553,0.004904530138524897,False,True
3TFY,127,0.3546,0.0,False,False
3TFY,128,0.0179,0.0,False,True
3TFY,129,0.4988,0.01190565331336578,False,False
3TFY,130,0.3971,0.0072257581430175966,False,False
3TFY,131,0.4145,0.0072257581430175966,False,False
3TFY,132,0.348,0.01190565331336578,False,False
3TFY,133,0.4581,0.011980531636091352,False,False
3TFY,134,0.284,0.009659303631598653,False,False
3TFY,135,0.6656,0.01190565331336578,False,False
3TFY,136,0.5507,0.011980531636091352,False,False
3TFY,137,0.3007,0.003706476974915762,True,False
3TFY,138,0.1509,0.0,False,True
3TFY,139,0.7315,0.01190565331336578,True,False
3TFY,140,0.6668,0.011980531636091352,False,False
3TFY,141,0.1778,0.0,False,True
3TFY,142,0.7029,0.01190565331336578,False,False
3TFY,143,0.2651,0.0,False,False
3TFY,144,0.1106,0.007412953949831524,False,True
3TFY,145,0.2075,0.0035192811681018345,False,True
3TFY,146,0.0,0.0,False,True
3TFY,147,0.1415,0.003706476974915762,False,True
3TFY,148,0.0416,0.009659303631598653,False,True
3TFY,149,0.018,0.0,False,True
3TFY,150,0.0965,0.01190565331336578,False,True
3TFY,151,0.2321,0.003706476974915762,False,True
3TFY,152,0.5217,0.012055409958816923,False,False
3TFY,153,0.3568,0.0,False,False
3TFY,154,0.7755,0.012055409958816923,False,False
3UA7,0,1.2187,0.02147766323024055,False,False
3UA7,1,0.8277,0.02147766323024055,False,False
3UA7,2,0.6962,0.0,True,False
3UA7,3,0.4785,0.02147766323024055,False,False
3UA7,4,0.5226,0.02147766323024055,True,False
3UA7,5,0.2128,0.01052405498281787,False,True
3UA7,6,0.1409,0.01052405498281787,False,True
3UA7,7,0.1805,0.02147766323024055,False,True
3UA7,8,0.0415,0.0,False,True
3UA7,9,0.3197,0.030068728522336767,True,False
3UA7,10,0.4487,0.015463917525773193,True,False
3UA7,11,0.5002,0.02104810996563574,False,False
3UA7,12,0.0321,0.0,False,True
3UA7,13,0.5663,0.030068728522336767,False,False
3UA7,14,0.3191,0.014604810996563572,False,False
3UA7,15,0.6298,0.030927835051546386,False,False
3UA7,16,0.4829,0.025987972508591063,False,False
3UA7,17,0.8376,0.030068728522336767,False,False
3UA7,18,0.5137,0.029209621993127145,False,False
3UA7,19,0.0777,0.02104810996563574,False,True
3UA7,20,0.012,0.010953608247422681,False,True
3UA7,21,0.4188,0.010953608247422681,False,False
3UA7,22,0.0475,0.0,False,True
3UA7,23,0.5894,0.030927835051546386,False,False
3UA7,24,0.6069,0.030927835051546386,False,False
3UA7,25,0.3326,0.010953608247422681,False,False
3UA7,26,0.0927,0.01052405498281787,False,True
3UA7,27,0.2986,0.030927835051546386,False,False
3UA7,28,0.0,0.0,False,True
3UA7,29,0.2248,0.011383161512027493,False,True
3UA7,30,0.2419,0.0,False,True
3UA7,31,0.5284,0.0,True,False
3UA7,32,0.1896,0.014604810996563572,False,True
3UA7,33,0.4394,0.010953608247422681,True,False
3UA7,34,0.6622,0.030068728522336767,True,False
3UA7,35,0.4358,0.030068728522336767,False,False
3UA7,36,0.3413,0.010953608247422681,False,False
3UA7,37,0.6024,0.02190721649484536,True,False
3UA7,38,0.4178,0.010953608247422681,False,False
3UA7,39,0.1806,0.0,False,True
3UA7,40,0.2709,0.01095360824742268,False,False
3UA7,41,0.0,0.0,False,True
3UA7,42,0.2993,0.021907216494845363,False,False
3UA7,43,0.0294,0.02147766323024055,False,True
3UA7,44,0.3569,0.025987972508591063,False,False
3UA7,45,0.6516,0.02555841924398625,False,False
3UA7,46,0.5543,0.0,False,False
3UA7,47,0.3005,0.02147766323024055,False,False
3UA7,48,0.4501,0.029209621993127145,False,False
3UA7,49,0.4842,0.01052405498281787,False,False
3UA7,50,0.0918,0.0,False,True
3UA7,51,0.2335,0.02147766323024055,False,True
3UA7,52,0.0,0.0,False,True
3UA7,53,0.0608,0.010953608247422681,False,True
3UA7,54,0.146,0.02555841924398625,False,True
3UA7,55,0.5388,0.02147766323024055,True,False
3UA7,56,0.2481,0.0,False,True
3UA7,57,0.0862,0.0,False,True
3UA7,58,0.2153,0.021907216494845363,False,True
3UA7,59,0.3957,0.0,True,False
3UA7,60,0.3599,0.030068728522336767,False,False
3UA7,61,0.6498,0.025987972508591067,True,False
3UA7,62,0.9072,0.02147766323024055,True,False
